id,plateNumber,vehicleType,color,speed,status,firstSeen,lastSeen,createdAt,updatedAt
cmtbjled300004dirtvkvbjev,UP02OQ9100,CAR,,35.2,ACTIVE,2026-08-23T05:33:00.000Z,2026-08-28T08:13:36.309Z,2026-08-27T13:12:16.887Z,2026-08-28T08:06:06.177Z
cmtbjled500014dirloznrt7c,MP04TZ0737,SCOOTER,,32.3,ACTIVE,2026-08-23T04:46:00.000Z,2026-08-27T15:20:37.473Z,2026-08-27T13:12:16.887Z,2026-08-27T18:50:50.240Z
cmtbjled600024dirapem4se6,UP95ZR4229,MOTORCYCLE,,36.1,ACTIVE,2026-08-27T13:12:16.887Z,2026-08-28T08:12:39.933Z,2026-08-27T13:12:16.887Z,2026-08-28T08:05:52.081Z
cmtbjled600034dir3ek3v5y0,UP09WI0071,MOTORCYCLE,,42.7,ACTIVE,2026-08-15T08:55:00.000Z,2026-08-27T18:05:49.828Z,2026-08-27T13:12:16.887Z,2026-08-27T18:50:50.240Z
cmtbjled600044dirkwj0gvt5,UP78HI9549,MOTORCYCLE,,38.7,BLACKLISTED,2026-08-15T00:04:00.000Z,2026-08-28T08:13:36.309Z,2026-08-27T13:12:16.887Z,2026-08-28T08:06:05.766Z
cmtbjled600054dir1gxvczs2,UP92TL7257,CAR,,45,ACTIVE,2026-08-18T00:50:00.000Z,2026-08-28T06:19:20.658Z,2026-08-27T13:12:16.887Z,2026-08-28T05:20:14.801Z
cmtbjled600064dircekeoq4h,UP21LR5210,BUS,,36.5,ACTIVE,2026-08-27T13:12:16.887Z,2026-08-28T06:22:05.836Z,2026-08-27T13:12:16.887Z,2026-08-28T05:21:37.743Z
cmtbjled600074dirrdpltcar,UP68JJ7931,AUTO,,32.6,ACTIVE,2026-08-27T13:12:16.887Z,2026-08-28T06:17:50.098Z,2026-08-27T13:12:16.887Z,2026-08-28T05:19:33.839Z
cmtbjled600084dirkw40tm9u,DL72NG3920,BUS,,35.1,ACTIVE,2026-08-27T13:12:16.887Z,2026-08-28T08:09:42.787Z,2026-08-27T13:12:16.887Z,2026-08-28T08:04:08.931Z
cmtbjled600094dirutb7bhr4,UP53XQ9202,CAR,,43.1,ACTIVE,2026-08-27T13:12:16.887Z,2026-08-27T18:06:29.872Z,2026-08-27T13:12:16.887Z,2026-08-27T18:50:50.240Z
cmtbjled6000a4dirshriw5l1,UP61CP8891,CAR,,38.2,ACTIVE,2026-08-20T06:32:00.000Z,2026-08-28T06:22:05.836Z,2026-08-27T13:12:16.887Z,2026-08-28T05:21:38.983Z
cmtbjled6000b4dirl6pr5kdw,UP18HW3920,AUTO,,20.1,ACTIVE,2026-08-20T22:39:00.000Z,2026-08-28T08:05:39.217Z,2026-08-27T13:12:16.887Z,2026-08-28T08:02:17.289Z
cmtbjled6000c4dirb6u39qc7,BR56FX4000,CAR,,44.1,BLACKLISTED,2026-08-23T22:45:00.000Z,2026-08-28T08:09:02.469Z,2026-08-27T13:12:16.887Z,2026-08-28T08:03:49.064Z
cmtbjled6000d4dirtnkjb5xw,UP66AJ1093,MOTORCYCLE,,30.6,ACTIVE,2026-08-27T13:12:16.887Z,2026-08-28T05:35:45.262Z,2026-08-27T13:12:16.887Z,2026-08-28T05:30:07.808Z
cmtbjled6000e4dir3yzxd8ak,UP93XE7247,SCOOTER,,27.4,ACTIVE,2026-08-18T08:34:00.000Z,2026-08-28T16:54:45.469Z,2026-08-27T13:12:16.887Z,2026-08-28T04:38:02.470Z
cmtbjled6000f4dirmwvxqk88,MP65LM4898,CAR,,57.5,ACTIVE,2026-08-15T11:20:00.000Z,2026-08-28T08:12:39.933Z,2026-08-27T13:12:16.887Z,2026-08-28T08:05:51.839Z
cmtbjled6000g4dir1q7b58bc,UP62RL8504,CAR,,56.4,ACTIVE,2026-08-27T13:12:16.887Z,2026-08-27T17:34:41.312Z,2026-08-27T13:12:16.887Z,2026-08-27T18:50:50.240Z
cmtbjled6000h4dir6xmgxm1e,UP45LO3607,SCOOTER,,26.8,ACTIVE,2026-08-27T13:12:16.887Z,2026-08-27T18:44:40.655Z,2026-08-27T13:12:16.887Z,2026-08-27T18:50:50.240Z
cmtbjled6000i4dirtv2d86wq,UP01CW2489,TRUCK,,29.9,ACTIVE,2026-08-27T13:12:16.887Z,2026-08-28T08:12:39.933Z,2026-08-27T13:12:16.887Z,2026-08-28T08:05:39.149Z
cmtbjled6000j4dirutr67hvz,UP22DU2215,CAR,,50.1,ACTIVE,2026-08-27T13:12:16.887Z,2026-08-28T05:35:45.262Z,2026-08-27T13:12:16.887Z,2026-08-28T05:29:59.370Z
cmtbjled6000k4dirlgw5uqhe,UP72DC6089,CAR,,50.6,ACTIVE,2026-08-17T09:13:44.887Z,2026-08-28T05:35:45.262Z,2026-08-27T13:12:16.887Z,2026-08-28T05:30:00.638Z
cmtbjled6000l4dir0uwot28o,MP27NI4123,SCOOTER,,34.7,BLACKLISTED,2026-08-27T13:12:16.887Z,2026-08-28T08:12:39.933Z,2026-08-27T13:12:16.887Z,2026-08-28T08:05:37.919Z
cmtbjled6000m4dir9skcvxvj,CG10GK8675,TRUCK,,32.6,ACTIVE,2026-08-21T11:33:00.000Z,2026-08-27T18:44:40.655Z,2026-08-27T13:12:16.887Z,2026-08-27T18:50:50.240Z
cmtbjled6000n4dir3kcpeqqu,UP21ST8553,CAR,,51.2,ACTIVE,2026-08-24T05:48:00.000Z,2026-08-27T15:46:01.385Z,2026-08-27T13:12:16.887Z,2026-08-27T18:50:50.240Z
cmtbjled6000o4dirwc7c4st5,UP53ZS2954,CAR,,44.6,ACTIVE,2026-08-13T23:50:39.152Z,2026-08-28T08:13:36.309Z,2026-08-27T13:12:16.887Z,2026-08-28T08:06:08.224Z
cmtbjled6000p4dirikdeytni,UP83QT7111,TRUCK,,25.1,ACTIVE,2026-08-22T12:10:00.000Z,2026-08-28T05:34:22.754Z,2026-08-27T13:12:16.887Z,2026-08-28T05:29:22.376Z
cmtbjled6000q4dirxru42zh4,UP05WC5499,MOTORCYCLE,,46.1,ACTIVE,2026-08-27T13:12:16.887Z,2026-08-28T06:19:20.658Z,2026-08-27T13:12:16.887Z,2026-08-28T05:20:14.797Z
cmtbjled6000r4dire0xo4enn,MP90DE5658,MOTORCYCLE,,46.9,ACTIVE,2026-08-27T13:12:16.887Z,2026-08-28T05:35:45.262Z,2026-08-27T13:12:16.887Z,2026-08-28T05:29:59.373Z
cmtbjled6000s4dir3d2dihbk,UP57HJ8302,CAR,,42.2,ACTIVE,2026-08-25T00:46:00.000Z,2026-08-28T17:06:14.455Z,2026-08-27T13:12:16.887Z,2026-08-28T04:55:59.379Z
cmtbjled6000t4diruig9w5kq,UP33BE2033,TRUCK,,36.3,ACTIVE,2026-08-27T13:12:16.887Z,2026-08-28T06:21:23.610Z,2026-08-27T13:12:16.887Z,2026-08-28T05:21:10.893Z
cmtbjled6000u4dirqe714itw,BR86HE8747,SCOOTER,,37.7,ACTIVE,2026-08-27T13:12:16.887Z,2026-08-28T06:19:20.658Z,2026-08-27T13:12:16.887Z,2026-08-28T05:20:09.889Z
cmtbjled6000v4dirn1299viq,UP41NH6822,CAR,,45.9,ACTIVE,2026-08-27T13:12:16.887Z,2026-08-28T05:33:34.412Z,2026-08-27T13:12:16.887Z,2026-08-28T05:29:06.036Z
cmtbjled7000w4dirod57gs5g,UP46JI2023,AUTO,,27.3,ACTIVE,2026-08-27T13:12:16.887Z,2026-08-28T08:10:57.395Z,2026-08-27T13:12:16.887Z,2026-08-28T08:04:57.979Z
cmtbjled7000x4dirjd2rzjnw,UP70EX7525,CAR,,42.4,BLACKLISTED,2026-08-13T01:53:00.000Z,2026-08-28T08:09:42.787Z,2026-08-27T13:12:16.887Z,2026-08-28T08:04:09.277Z
cmtbjled7000y4diraz3awqm3,UP20TL8112,MOTORCYCLE,,41.6,ACTIVE,2026-08-20T03:53:00.000Z,2026-08-28T05:35:45.262Z,2026-08-27T13:12:16.887Z,2026-08-28T05:29:59.360Z
cmtbjled7000z4dir9cxacpha,HR22KB5806,BUS,,27.4,ACTIVE,2026-08-27T13:12:16.887Z,2026-08-28T06:21:23.610Z,2026-08-27T13:12:16.887Z,2026-08-28T05:21:18.666Z
cmtbjled700104dir6yxhvyu2,UP41QH8259,CAR,,45,ACTIVE,2026-08-13T09:39:00.000Z,2026-08-28T05:36:33.582Z,2026-08-27T13:12:16.887Z,2026-08-28T05:30:23.264Z
cmtbjled700114dirs14xxbuz,RJ54WK4947,MOTORCYCLE,,35.7,ACTIVE,2026-08-18T04:43:00.000Z,2026-08-28T05:32:07.976Z,2026-08-27T13:12:16.887Z,2026-08-28T05:28:16.284Z
cmtbjled700124dirs4gbns4j,UP48PQ8553,CAR,,50.6,ACTIVE,2026-08-27T13:12:16.887Z,2026-08-28T05:36:33.582Z,2026-08-27T13:12:16.887Z,2026-08-28T05:30:22.850Z
cmtbjled700134dirk477jbkw,UP31RL3697,CAR,,44.6,ACTIVE,2026-08-21T22:54:00.000Z,2026-08-28T08:12:39.933Z,2026-08-27T13:12:16.887Z,2026-08-28T08:05:53.274Z
cmtbjled700144dirbyexo8ia,MP65BU1748,AUTO,,28.3,ACTIVE,2026-08-27T13:12:16.887Z,2026-08-28T05:36:33.582Z,2026-08-27T13:12:16.887Z,2026-08-28T05:30:23.260Z
cmtbjled700154dirtjzjilcl,UP69JF7828,MOTORCYCLE,,36.9,ACTIVE,2026-08-14T06:31:00.000Z,2026-08-27T15:38:19.873Z,2026-08-27T13:12:16.887Z,2026-08-27T18:50:50.240Z
cmtbjled700164dirauc58ihz,UP95LX5718,VAN,,34.9,ACTIVE,2026-08-27T13:12:16.887Z,2026-08-28T17:03:18.185Z,2026-08-27T13:12:16.887Z,2026-08-28T04:42:15.597Z
cmtbjled700174dir499v9f1a,UP45XA5962,MOTORCYCLE,,51.2,ACTIVE,2026-08-14T10:15:00.000Z,2026-08-28T05:32:46.174Z,2026-08-27T13:12:16.887Z,2026-08-28T05:28:30.453Z
cmtbjled700184diryby57uer,UP70DK8231,CAR,,53.6,BLACKLISTED,2026-08-27T13:12:16.887Z,2026-08-28T08:11:41.587Z,2026-08-27T13:12:16.887Z,2026-08-28T08:05:08.423Z
cmtbjled700194direk2860h3,UP17SY6516,CAR,,38.4,BLACKLISTED,2026-08-27T13:12:16.887Z,2026-08-28T08:11:41.587Z,2026-08-27T13:12:16.887Z,2026-08-28T08:05:08.426Z
cmtbjled7001a4dirpdn7bg3o,UP65AB9921,MOTORCYCLE,,40.2,BLACKLISTED,2026-08-27T13:12:16.887Z,2026-08-28T08:12:39.933Z,2026-08-27T13:12:16.887Z,2026-08-28T08:05:37.921Z
cmtbjled7001b4dirhen194zd,UP28ZL5598,TRUCK,,35.1,ACTIVE,2026-08-23T07:32:00.000Z,2026-08-27T18:44:40.655Z,2026-08-27T13:12:16.887Z,2026-08-27T18:50:50.240Z
cmtbjled7001c4dirlnvozjz2,UP21GL5584,CAR,,43.7,ACTIVE,2026-08-17T04:09:00.000Z,2026-08-28T05:35:45.262Z,2026-08-27T13:12:16.887Z,2026-08-28T05:30:10.364Z
cmtbjled7001d4dirhuunm8ry,UP70YH2868,CAR,,47.6,ACTIVE,2026-08-16T04:10:00.000Z,2026-08-28T17:00:39.889Z,2026-08-27T13:12:16.887Z,2026-08-28T04:41:04.813Z
cmtbjled7001e4dirf8cl88w0,CG54QS6309,MOTORCYCLE,,38.5,BLACKLISTED,2026-08-14T03:16:00.000Z,2026-08-28T08:09:02.469Z,2026-08-27T13:12:16.887Z,2026-08-28T08:03:49.065Z
cmtbjled7001f4diraheci9n9,UP08ZD5215,MOTORCYCLE,,45.5,ACTIVE,2026-08-23T04:42:00.000Z,2026-08-27T15:44:47.317Z,2026-08-27T13:12:16.887Z,2026-08-27T18:50:50.240Z
cmtbjled7001g4dir6g2bkkjw,MP99UT1145,CAR,,45.6,ACTIVE,2026-08-27T13:12:16.887Z,2026-08-28T17:03:18.185Z,2026-08-27T13:12:16.887Z,2026-08-28T04:42:23.866Z
cmtbjled7001h4dirmn90olbs,UP36ZH9822,CAR,,45.7,ACTIVE,2026-08-14T03:28:00.000Z,2026-08-28T08:10:21.129Z,2026-08-27T13:12:16.887Z,2026-08-28T08:04:34.021Z
cmtbjled7001i4direzb0dbtg,UP33MZ4612,SCOOTER,,29.4,ACTIVE,2026-08-27T13:12:16.887Z,2026-08-28T08:12:39.933Z,2026-08-27T13:12:16.887Z,2026-08-28T08:05:37.919Z
cmtbjled7001j4dirua6jiq85,UP18WO6800,VAN,,43.9,ACTIVE,2026-08-27T13:12:16.887Z,2026-08-28T06:20:41.236Z,2026-08-27T13:12:16.887Z,2026-08-28T05:20:56.065Z
cmtbjled7001k4dir4e0a6uis,UP12SI9487,CAR,,44.5,ACTIVE,2026-08-27T13:12:16.887Z,2026-08-28T06:21:23.610Z,2026-08-27T13:12:16.887Z,2026-08-28T05:21:15.213Z
cmtbjled7001l4dirrz00vdqn,UP75QV0311,CAR,,53.3,ACTIVE,2026-08-16T09:32:00.000Z,2026-08-28T06:16:15.508Z,2026-08-27T13:12:16.887Z,2026-08-28T05:18:42.443Z
cmtbjled7001m4diryakwhbgr,BR70UU7827,AUTO,,33.7,ACTIVE,2026-08-17T05:18:00.000Z,2026-08-28T08:10:57.395Z,2026-08-27T13:12:16.887Z,2026-08-28T08:04:55.521Z
cmtbjled7001n4dirmqkqr5lq,DL51OU4034,AUTO,,26.3,ACTIVE,2026-08-27T13:12:16.887Z,2026-08-28T17:03:18.185Z,2026-08-27T13:12:16.887Z,2026-08-28T04:42:16.536Z
cmtbjled7001o4dir57ihy8b8,MP84XU2664,AUTO,,25.7,ACTIVE,2026-08-15T22:56:00.000Z,2026-08-28T17:06:14.455Z,2026-08-27T13:12:16.887Z,2026-08-28T04:43:43.019Z
cmtbjled7001p4dir71huel1s,CG05WE5048,TRUCK,,27.5,ACTIVE,2026-08-16T09:21:00.000Z,2026-08-28T05:35:45.262Z,2026-08-27T13:12:16.887Z,2026-08-28T05:30:10.363Z
cmtbjled7001q4dir1g4yi28k,UP91PA3154,SCOOTER,,38.6,ACTIVE,2026-08-27T13:12:16.887Z,2026-08-28T08:12:39.933Z,2026-08-27T13:12:16.887Z,2026-08-28T08:05:52.076Z
cmtbjled7001r4dirdyzuoyxv,UP10FN7943,VAN,,36.3,ACTIVE,2026-08-27T13:12:16.887Z,2026-08-28T05:34:58.958Z,2026-08-27T13:12:16.887Z,2026-08-28T05:29:35.568Z
cmtbjled7001s4dirmicfi7cm,UP86EE6431,CAR,,40.4,ACTIVE,2026-08-17T02:28:00.000Z,2026-08-27T17:26:22.812Z,2026-08-27T13:12:16.887Z,2026-08-27T18:50:50.240Z
cmtbjled7001t4dirqhehqxyy,DL16SW1237,BUS,,26.7,ACTIVE,2026-08-27T13:12:16.887Z,2026-08-28T06:12:36.234Z,2026-08-27T13:12:16.887Z,2026-08-28T05:16:46.619Z
cmtbjled7001u4dirma6dfxmf,UP70DH5923,AUTO,,27.1,ACTIVE,2026-08-27T13:12:16.887Z,2026-08-28T17:06:14.455Z,2026-08-27T13:12:16.887Z,2026-08-28T04:43:50.948Z
cmtbjled7001v4diraghgpk05,UP48QR9157,MOTORCYCLE,,54,ACTIVE,2026-08-17T12:02:00.000Z,2026-08-28T05:35:45.262Z,2026-08-27T13:12:16.887Z,2026-08-28T05:30:08.212Z
cmtbjled7001w4dirrz1xq655,UP10TP4013,SCOOTER,,33.7,ACTIVE,2026-08-27T13:12:16.887Z,2026-08-28T06:22:05.836Z,2026-08-27T13:12:16.887Z,2026-08-28T05:21:32.119Z
cmtbjled7001x4dirh4z8h8b6,UP66NL6698,CAR,,48.4,ACTIVE,2026-08-27T13:12:16.887Z,2026-08-28T05:35:45.262Z,2026-08-27T13:12:16.887Z,2026-08-28T05:30:06.981Z
cmtbjled7001y4dirvvincz3r,UP15GN7332,CAR,,56.6,ACTIVE,2026-08-27T13:12:16.887Z,2026-08-28T06:22:05.836Z,2026-08-27T13:12:16.887Z,2026-08-28T05:21:36.914Z
cmtbjled7001z4dirfabpodok,UP40XS2557,AUTO,,26,ACTIVE,2026-08-27T13:12:16.887Z,2026-08-28T06:22:05.836Z,2026-08-27T13:12:16.887Z,2026-08-28T05:21:42.157Z
cmtbjled700204dirlqdfhjor,BR29YI1276,CAR,,47.7,ACTIVE,2026-08-27T13:12:16.887Z,2026-08-28T05:33:34.412Z,2026-08-27T13:12:16.887Z,2026-08-28T05:29:00.114Z
cmtbjled700214dir2reiuza7,UP53JM6489,CAR,,46.1,ACTIVE,2026-08-21T11:12:00.000Z,2026-08-28T08:13:36.309Z,2026-08-27T13:12:16.887Z,2026-08-28T08:06:07.409Z
cmtbjled700224dirgk4q70mt,BR69GR7104,MOTORCYCLE,,48.3,ACTIVE,2026-08-14T01:43:00.000Z,2026-08-27T15:47:25.467Z,2026-08-27T13:12:16.887Z,2026-08-27T18:50:50.240Z
cmtbjled700234dirixaef18j,HR18JL2602,MOTORCYCLE,,47.4,ACTIVE,2026-08-27T13:12:16.887Z,2026-08-27T17:35:13.344Z,2026-08-27T13:12:16.887Z,2026-08-27T18:50:50.240Z
cmtbjled700244dirreys98yp,MP56DN5981,CAR,,48.6,ACTIVE,2026-08-14T23:14:00.000Z,2026-08-27T15:43:48.591Z,2026-08-27T13:12:16.887Z,2026-08-27T18:50:50.240Z
cmtbjled700254dirzjv3huwy,DL59XX1511,CAR,,37.9,ACTIVE,2026-08-27T13:12:16.887Z,2026-08-28T05:32:46.174Z,2026-08-27T13:12:16.887Z,2026-08-28T05:28:29.729Z
cmtbjled700264dir6btaauj1,MP76WI9986,CAR,,42.7,ACTIVE,2026-08-18T03:54:00.000Z,2026-08-28T08:13:36.309Z,2026-08-27T13:12:16.887Z,2026-08-28T08:06:06.998Z
cmtbjled700274dirgqsywmck,UP64DP0115,SCOOTER,,29.6,ACTIVE,2026-08-27T13:12:16.887Z,2026-08-28T06:21:23.610Z,2026-08-27T13:12:16.887Z,2026-08-28T05:21:16.248Z
cmtbjled700284dirg325l6oz,CG37NP6256,CAR,,49.2,ACTIVE,2026-08-27T13:12:16.887Z,2026-08-28T05:34:58.958Z,2026-08-27T13:12:16.887Z,2026-08-28T05:29:36.531Z
cmtbjled700294dirfey8yy88,UP30XE1151,CAR,,54.1,ACTIVE,2026-08-13T03:53:00.000Z,2026-08-28T06:20:41.236Z,2026-08-27T13:12:16.887Z,2026-08-28T05:20:59.293Z
cmtbjled7002a4dirbzkom48e,UP48QH7500,AUTO,,21.1,ACTIVE,2026-08-24T14:48:00.000Z,2026-08-28T05:34:58.958Z,2026-08-27T13:12:16.887Z,2026-08-28T05:29:36.530Z
cmtbjled7002b4dir691eis4p,UP52IL3790,CAR,,39,ACTIVE,2026-08-27T13:12:16.887Z,2026-08-28T17:03:18.185Z,2026-08-27T13:12:16.887Z,2026-08-28T04:42:15.613Z
cmtbjled7002c4dirbdnlk1dz,UP59AF5961,SCOOTER,,38.2,ACTIVE,2026-08-25T07:07:00.000Z,2026-08-28T17:00:39.889Z,2026-08-27T13:12:16.887Z,2026-08-28T04:41:09.631Z
cmtbjled7002d4dirbhdwf34t,BR30GZ4496,CAR,,43.9,ACTIVE,2026-08-27T13:12:16.887Z,2026-08-27T17:34:41.312Z,2026-08-27T13:12:16.887Z,2026-08-27T18:50:50.240Z
cmtbjled7002e4dir9lakhr0a,UP27TQ8826,MOTORCYCLE,,40.5,ACTIVE,2026-08-27T13:12:16.887Z,2026-08-28T06:17:50.098Z,2026-08-27T13:12:16.887Z,2026-08-28T05:19:30.639Z
cmtbjled7002f4dir4znwegsj,UP64QU2237,TRUCK,,37.5,ACTIVE,2026-08-16T02:40:00.000Z,2026-08-28T17:02:22.075Z,2026-08-27T13:12:16.887Z,2026-08-28T04:41:59.698Z
cmtbjled8002g4dirg6qyyrgb,UP72RY7092,CAR,,48.1,ACTIVE,2026-08-27T13:12:16.887Z,2026-08-28T05:34:58.958Z,2026-08-27T13:12:16.887Z,2026-08-28T05:29:34.941Z
cmtbjled8002h4dir9thzxjrh,BR74AS4692,CAR,,50,ACTIVE,2026-08-27T13:12:16.887Z,2026-08-28T08:13:36.309Z,2026-08-27T13:12:16.887Z,2026-08-28T08:06:07.410Z
cmtbjled8002i4dir7slcybpu,UP61DS0081,CAR,,50.1,ACTIVE,2026-08-27T13:12:16.887Z,2026-08-28T06:21:23.610Z,2026-08-27T13:12:16.887Z,2026-08-28T05:21:16.246Z
cmtbjled8002j4dir1v44mvi6,UP36HM2338,MOTORCYCLE,,38.3,BLACKLISTED,2026-08-24T08:24:00.000Z,2026-08-28T08:12:39.933Z,2026-08-27T13:12:16.887Z,2026-08-28T08:05:37.921Z
cmtbjled8002k4dirva44024c,UP06EE8761,TRUCK,,28.9,ACTIVE,2026-08-20T07:26:55.668Z,2026-08-28T06:14:38.950Z,2026-08-27T13:12:16.887Z,2026-08-28T05:17:58.814Z
cmtbjled8002l4dir50jk296u,DL50AI7312,TAXI,,46.6,ACTIVE,2026-08-27T13:12:16.887Z,2026-08-28T05:34:22.754Z,2026-08-27T13:12:16.887Z,2026-08-28T05:29:18.134Z
cmtbjled8002m4dirm1p5rgqg,DL75PC4741,CAR,,38.2,ACTIVE,2026-08-27T13:12:16.887Z,2026-08-28T08:09:42.787Z,2026-08-27T13:12:16.887Z,2026-08-28T08:04:18.857Z
cmtbjled8002n4diro17ap55r,UP79LF4185,CAR,,47.8,ACTIVE,2026-08-27T13:12:16.887Z,2026-08-28T06:21:23.610Z,2026-08-27T13:12:16.887Z,2026-08-28T05:21:15.427Z
cmtbjled8002o4dirvz8awrcb,CG91FZ6557,SCOOTER,,24.7,ACTIVE,2026-08-27T13:12:16.887Z,2026-08-28T05:34:22.754Z,2026-08-27T13:12:16.887Z,2026-08-28T05:29:22.413Z
cmtbjled8002p4dirzbzmhb37,CG20SK3151,MOTORCYCLE,,44,ACTIVE,2026-08-23T02:43:00.000Z,2026-08-27T15:18:12.986Z,2026-08-27T13:12:16.887Z,2026-08-27T18:50:50.240Z
cmtbjled8002q4dir6px3acoc,UP93AB5112,TRUCK,,29.7,ACTIVE,2026-08-27T13:12:16.887Z,2026-08-28T06:19:20.658Z,2026-08-27T13:12:16.887Z,2026-08-28T05:20:08.653Z
cmtbjled8002r4dirpcczlsxv,UP17YW0805,MOTORCYCLE,,32.8,ACTIVE,2026-08-27T13:12:16.887Z,2026-08-28T06:19:20.658Z,2026-08-27T13:12:16.887Z,2026-08-28T05:20:09.124Z
cmtbjled8002s4dirrl34okm2,UP69JR8950,CAR,,58,ACTIVE,2026-08-27T13:12:16.887Z,2026-08-28T05:33:34.412Z,2026-08-27T13:12:16.887Z,2026-08-28T05:28:59.055Z
cmtbjled8002t4dirtehmajcc,UP57AY4582,SCOOTER,,39.9,ACTIVE,2026-08-27T13:12:16.887Z,2026-08-28T08:10:57.395Z,2026-08-27T13:12:16.887Z,2026-08-28T08:04:47.532Z
cmtbjled8002u4dir162y6v0a,DL81ZK1932,CAR,,48.2,ACTIVE,2026-08-27T13:12:16.887Z,2026-08-28T08:12:39.933Z,2026-08-27T13:12:16.887Z,2026-08-28T08:05:46.008Z
cmtbjled8002v4dirrjhikaxi,MP43KQ3968,MOTORCYCLE,,47.3,ACTIVE,2026-08-27T13:12:16.887Z,2026-08-28T08:11:41.587Z,2026-08-27T13:12:16.887Z,2026-08-28T08:05:22.252Z
cmtbjled8002w4dir7pptwi19,DL77AU8345,AUTO,,29.1,ACTIVE,2026-08-27T13:12:16.887Z,2026-08-28T05:35:45.262Z,2026-08-27T13:12:16.887Z,2026-08-28T05:30:08.209Z
cmtbjled8002x4diranbryl9s,UP20BT1816,CAR,,33.4,ACTIVE,2026-08-27T13:12:16.887Z,2026-08-28T08:10:57.395Z,2026-08-27T13:12:16.887Z,2026-08-28T08:04:53.578Z
cmtbjled8002y4dirnj3rha35,HR79BD0257,MOTORCYCLE,,35.4,ACTIVE,2026-08-14T07:14:00.000Z,2026-08-27T18:06:29.872Z,2026-08-27T13:12:16.887Z,2026-08-27T18:50:50.240Z
cmtbjled8002z4diroz9sxoow,RJ92ID1013,CAR,,47.6,ACTIVE,2026-08-27T13:12:16.887Z,2026-08-28T08:12:39.933Z,2026-08-27T13:12:16.887Z,2026-08-28T08:05:46.011Z
cmtbjled800304direb5m48g3,UP87BJ5423,CAR,,37.9,ACTIVE,2026-08-14T01:13:00.000Z,2026-08-28T08:12:39.933Z,2026-08-27T13:12:16.887Z,2026-08-28T08:05:40.373Z
cmtbjled800314diruc9cqcgg,UP27VC5864,AUTO,,24.8,ACTIVE,2026-08-27T13:12:16.887Z,2026-08-27T18:07:41.934Z,2026-08-27T13:12:16.887Z,2026-08-27T18:50:50.240Z
cmtbjled800324dir09bex14v,UP56KC9669,MOTORCYCLE,,35.8,ACTIVE,2026-08-27T13:12:16.887Z,2026-08-28T17:04:10.269Z,2026-08-27T13:12:16.887Z,2026-08-28T04:42:50.164Z
cmtbjled800334dir2yv5t55x,UP49XE9631,MOTORCYCLE,,42.7,ACTIVE,2026-08-27T13:12:16.887Z,2026-08-28T08:11:41.587Z,2026-08-27T13:12:16.887Z,2026-08-28T08:05:15.200Z
cmtbjled800344dir8pa2wgnm,UP43GA8167,AUTO,,23.1,ACTIVE,2026-08-27T13:12:16.887Z,2026-08-28T08:11:41.587Z,2026-08-27T13:12:16.887Z,2026-08-28T08:05:22.656Z
cmtbjled800354dir7rez3nwq,UP50GR0188,MOTORCYCLE,,32.7,ACTIVE,2026-08-27T13:12:16.887Z,2026-08-28T06:22:05.836Z,2026-08-27T13:12:16.887Z,2026-08-28T05:21:32.349Z
cmtbjled800364dir9wfp7thz,UP68IL3895,TAXI,,48.4,ACTIVE,2026-08-25T08:15:00.000Z,2026-08-27T15:44:50.653Z,2026-08-27T13:12:16.887Z,2026-08-27T18:50:50.240Z
cmtbjled800374dir5j8aswmc,HR57KN0479,MOTORCYCLE,,40.4,ACTIVE,2026-08-27T13:12:16.887Z,2026-08-28T06:20:00.924Z,2026-08-27T13:12:16.887Z,2026-08-28T05:20:35.311Z
cmtbjled800384dir5vbn0n1o,UP30FF1655,CAR,,45.8,ACTIVE,2026-08-27T13:12:16.887Z,2026-08-28T06:20:41.236Z,2026-08-27T13:12:16.887Z,2026-08-28T05:20:56.067Z
cmtbjled800394dir5o3qc1bx,UP32HV9925,MOTORCYCLE,,57.4,ACTIVE,2026-08-27T13:12:16.887Z,2026-08-28T05:35:45.262Z,2026-08-27T13:12:16.887Z,2026-08-28T05:30:00.637Z
cmtbjled8003a4dirb8jambhi,MP07PE0632,SCOOTER,,27.6,ACTIVE,2026-08-27T13:12:16.887Z,2026-08-28T08:07:37.955Z,2026-08-27T13:12:16.887Z,2026-08-28T08:03:07.196Z
cmtbjled8003b4dir2womrubq,UP53SH2755,TRUCK,,31.1,ACTIVE,2026-08-27T13:12:16.887Z,2026-08-28T08:11:41.587Z,2026-08-27T13:12:16.887Z,2026-08-28T08:05:09.653Z
cmtbjled8003c4dirau24k9mn,UP03RA0614,CAR,,38.2,ACTIVE,2026-08-25T05:46:00.000Z,2026-08-28T08:11:41.587Z,2026-08-27T13:12:16.887Z,2026-08-28T08:05:21.019Z
cmtbjled8003d4dirun277smm,MP22HZ0128,TRUCK,,34,ACTIVE,2026-08-27T13:12:16.887Z,2026-08-28T06:16:15.508Z,2026-08-27T13:12:16.887Z,2026-08-28T05:18:42.439Z
cmtbjled8003e4dirmaqvvrvn,UP39ZF4861,MOTORCYCLE,,47.2,ACTIVE,2026-08-21T03:43:00.000Z,2026-08-28T06:21:23.610Z,2026-08-27T13:12:16.887Z,2026-08-28T05:21:18.659Z
cmtbjled8003f4dirax0owvhz,UP95FW0432,MOTORCYCLE,,50.8,ACTIVE,2026-08-27T13:12:16.887Z,2026-08-27T16:05:01.287Z,2026-08-27T13:12:16.887Z,2026-08-27T18:50:50.240Z
cmtbjled8003g4dirquuo9sig,UP27CK9311,MOTORCYCLE,,46.8,ACTIVE,2026-08-27T13:12:16.887Z,2026-08-27T15:45:29.355Z,2026-08-27T13:12:16.887Z,2026-08-27T18:50:50.240Z
cmtbjled8003h4dirvf4sqy21,UP76LH6883,CAR,,44.3,ACTIVE,2026-08-21T00:15:00.000Z,2026-08-27T15:46:45.435Z,2026-08-27T13:12:16.887Z,2026-08-27T18:50:50.240Z
cmtbjled8003i4dir1ghap9p7,UP57IF1434,MOTORCYCLE,,42,ACTIVE,2026-08-14T00:32:00.000Z,2026-08-28T08:12:39.933Z,2026-08-27T13:12:16.887Z,2026-08-28T08:05:48.473Z
cmtbjled8003j4dirj6n4n8l9,UP99ZK9260,MOTORCYCLE,,44,ACTIVE,2026-08-27T13:12:16.887Z,2026-08-28T08:08:08.115Z,2026-08-27T13:12:16.887Z,2026-08-28T08:03:23.002Z
cmtbjled8003k4dirp3lu4ody,UP53BM5779,CAR,,43.6,ACTIVE,2026-08-12T22:53:00.000Z,2026-08-28T06:20:41.236Z,2026-08-27T13:12:16.887Z,2026-08-28T05:20:50.033Z
cmtbjled8003l4diryelyxssd,UP61NP7751,SCOOTER,,22.7,ACTIVE,2026-08-27T13:12:16.887Z,2026-08-28T17:00:39.889Z,2026-08-27T13:12:16.887Z,2026-08-28T04:41:06.961Z
cmtbjled8003m4dirnfqktvsz,RJ05TV5195,MOTORCYCLE,,36.2,ACTIVE,2026-08-14T22:52:00.000Z,2026-08-28T05:34:22.754Z,2026-08-27T13:12:16.887Z,2026-08-28T05:29:16.747Z
cmtbjled8003n4dir4yv4tkkf,UP74WL7236,CAR,,40,ACTIVE,2026-08-27T13:12:16.887Z,2026-08-28T17:06:14.455Z,2026-08-27T13:12:16.887Z,2026-08-28T04:44:02.711Z
cmtbjled8003o4dir7cncdml2,UP99CB9913,AUTO,,26.7,ACTIVE,2026-08-14T03:52:00.000Z,2026-08-28T05:34:22.754Z,2026-08-27T13:12:16.887Z,2026-08-28T05:29:25.058Z
cmtbjled8003p4dirgajyqt6m,MP68UC0416,AUTO,,32.8,ACTIVE,2026-08-27T13:12:16.887Z,2026-08-27T18:07:41.934Z,2026-08-27T13:12:16.887Z,2026-08-27T18:50:50.240Z
cmtbjled8003q4dir0lo74643,UP35FL9446,TRUCK,,31.8,ACTIVE,2026-08-16T16:02:50.187Z,2026-08-27T17:33:39.256Z,2026-08-27T13:12:16.887Z,2026-08-27T18:50:50.240Z
cmtbjled8003r4dirsfp605g6,UP33ON3658,CAR,,44.8,ACTIVE,2026-08-19T01:31:00.000Z,2026-08-28T05:32:07.976Z,2026-08-27T13:12:16.887Z,2026-08-28T05:28:19.049Z
cmtbjled8003s4dirdudyhj78,UP15HK7489,AUTO,,31.2,ACTIVE,2026-08-20T02:07:00.000Z,2026-08-27T15:38:19.873Z,2026-08-27T13:12:16.887Z,2026-08-27T18:50:50.240Z
cmtbjled8003t4dir28knnv0s,DL19DT0947,AUTO,,27,ACTIVE,2026-08-27T13:12:16.887Z,2026-08-28T05:34:22.754Z,2026-08-27T13:12:16.887Z,2026-08-28T05:29:25.054Z
cmtbjled8003u4dirvfs4ztet,MP25KJ6020,CAR,,45.3,ACTIVE,2026-08-27T13:12:16.887Z,2026-08-27T15:47:25.467Z,2026-08-27T13:12:16.887Z,2026-08-27T18:50:50.240Z
cmtbjled8003v4dirx8rtsf9x,DL23QR4449,CAR,,46.5,ACTIVE,2026-08-27T13:12:16.887Z,2026-08-28T08:11:41.587Z,2026-08-27T13:12:16.887Z,2026-08-28T08:05:17.641Z
cmtbjled8003w4dir5qfk2cab,UP60XA4615,MOTORCYCLE,,49,ACTIVE,2026-08-18T01:56:00.000Z,2026-08-27T15:05:19.436Z,2026-08-27T13:12:16.887Z,2026-08-27T18:50:50.240Z
cmtbjled8003x4dir6yxwhk4j,UP22PT5595,SCOOTER,,29.5,ACTIVE,2026-08-27T13:12:16.887Z,2026-08-28T08:11:41.587Z,2026-08-27T13:12:16.887Z,2026-08-28T08:05:08.834Z
cmtbjled8003y4dirriby838r,UP57KS2738,CAR,,43.2,ACTIVE,2026-08-27T13:12:16.887Z,2026-08-28T06:22:05.836Z,2026-08-27T13:12:16.887Z,2026-08-28T05:21:37.741Z
cmtbjled8003z4dir3kceid7e,UP90XW3901,CAR,,55.3,ACTIVE,2026-08-27T13:12:16.887Z,2026-08-28T06:21:23.610Z,2026-08-27T13:12:16.887Z,2026-08-28T05:21:10.406Z
cmtbjled800404dir8078lg8p,UP24EE9646,CAR,,43.1,ACTIVE,2026-08-17T00:14:00.000Z,2026-08-28T08:12:39.933Z,2026-08-27T13:12:16.887Z,2026-08-28T08:05:53.273Z
cmtbjled800414dirtp6ukip7,CG14VZ2519,CAR,,50.7,ACTIVE,2026-08-27T13:12:16.887Z,2026-08-28T17:06:14.455Z,2026-08-27T13:12:16.887Z,2026-08-28T04:43:58.212Z
cmtbjled900424dirqiu3lgzn,DL24BF6552,MOTORCYCLE,,40.6,ACTIVE,2026-08-27T13:12:16.887Z,2026-08-28T06:20:41.236Z,2026-08-27T13:12:16.887Z,2026-08-28T05:20:54.428Z
cmtbjled900434dirn91nalmi,UP87FN5485,CAR,,39.8,ACTIVE,2026-08-23T03:31:00.000Z,2026-08-27T17:33:07.218Z,2026-08-27T13:12:16.887Z,2026-08-27T18:50:50.240Z
cmtbjled900444dirl998plvf,DL57ER2119,SCOOTER,,38.7,ACTIVE,2026-08-27T13:12:16.887Z,2026-08-28T17:06:14.455Z,2026-08-27T13:12:16.887Z,2026-08-28T04:43:45.293Z
cmtbjled900454dirobkdo5pu,UP91IN2341,CAR,,40.5,ACTIVE,2026-08-20T06:43:41.941Z,2026-08-27T18:44:40.655Z,2026-08-27T13:12:16.887Z,2026-08-27T18:50:50.240Z
cmtbjled900464dirjaxpun2f,UP31UY3138,CAR,,54.5,ACTIVE,2026-08-27T13:12:16.887Z,2026-08-28T05:34:22.754Z,2026-08-27T13:12:16.887Z,2026-08-28T05:29:17.621Z
cmtbjled900474dirybbxh6g5,UP72PB6884,SCOOTER,,34.1,ACTIVE,2026-08-27T13:12:16.887Z,2026-08-28T05:34:58.958Z,2026-08-27T13:12:16.887Z,2026-08-28T05:29:36.535Z
cmtbjled900484dir1hsg6x7n,MP92GP0699,CAR,,46.8,ACTIVE,2026-08-20T22:47:00.000Z,2026-08-28T08:13:36.309Z,2026-08-27T13:12:16.887Z,2026-08-28T08:06:06.996Z
cmtbjled900494diror5ofiqa,UP12KT8959,MOTORCYCLE,,31.9,ACTIVE,2026-08-16T06:46:00.000Z,2026-08-28T06:18:38.396Z,2026-08-27T13:12:16.887Z,2026-08-28T05:19:54.165Z
cmtbjled9004a4dir13vusnrg,UP10DZ6222,TAXI,,47.4,ACTIVE,2026-08-27T13:12:16.887Z,2026-08-28T17:06:14.455Z,2026-08-27T13:12:16.887Z,2026-08-28T04:43:51.956Z
cmtbjled9004b4dirf02be0ds,UP71ZT6927,MOTORCYCLE,,50.2,ACTIVE,2026-08-27T13:12:16.887Z,2026-08-28T06:22:05.836Z,2026-08-27T13:12:16.887Z,2026-08-28T05:21:33.141Z
cmtbjled9004c4dirjshtdtkn,UP87GY4709,MOTORCYCLE,,49.8,ACTIVE,2026-08-27T13:12:16.887Z,2026-08-28T08:12:39.933Z,2026-08-27T13:12:16.887Z,2026-08-28T08:05:47.237Z
cmtbjled9004d4dirlqxd8qq0,UP36BO4504,TRUCK,,35.1,ACTIVE,2026-08-27T13:12:16.887Z,2026-08-28T05:34:58.958Z,2026-08-27T13:12:16.887Z,2026-08-28T05:29:41.793Z
cmtbjled9004e4dirvyfuoykq,MP48LX2430,MOTORCYCLE,,43,ACTIVE,2026-08-27T13:12:16.887Z,2026-08-28T17:06:14.455Z,2026-08-27T13:12:16.887Z,2026-08-28T04:43:43.975Z
cmtbjled9004f4dir1q5e6e6u,UP97GR4548,MOTORCYCLE,,39.4,ACTIVE,2026-08-21T22:52:00.000Z,2026-08-28T17:03:18.185Z,2026-08-27T13:12:16.887Z,2026-08-28T04:42:26.723Z
cmtbjled9004g4dir8lerw34z,UP12CH6244,TRUCK,,25.3,ACTIVE,2026-08-27T13:12:16.887Z,2026-08-27T16:07:34.463Z,2026-08-27T13:12:16.887Z,2026-08-27T18:50:50.240Z
cmtbjled9004h4dirg0hdavgf,UP25NF4844,MOTORCYCLE,,45.5,ACTIVE,2026-08-27T13:12:16.887Z,2026-08-27T15:42:44.537Z,2026-08-27T13:12:16.887Z,2026-08-27T18:50:50.240Z
cmtbjled9004i4dirsiuchkfh,UP09KW9932,TAXI,,49.1,ACTIVE,2026-08-27T13:12:16.887Z,2026-08-28T05:34:22.754Z,2026-08-27T13:12:16.887Z,2026-08-28T05:29:17.373Z
cmtbjled9004j4dirtxz7p1jb,UP51IF2451,CAR,,51.5,ACTIVE,2026-08-27T13:12:16.887Z,2026-08-27T15:14:07.865Z,2026-08-27T13:12:16.887Z,2026-08-27T18:50:50.240Z
cmtbjled9004k4dirm2wpj3eb,UP54KZ2414,TRUCK,,22,ACTIVE,2026-08-27T13:12:16.887Z,2026-08-27T18:07:07.902Z,2026-08-27T13:12:16.887Z,2026-08-27T18:50:50.240Z
cmtbjled9004l4dirgfkf95dt,BR18AR4574,CAR,,57,ACTIVE,2026-08-27T13:12:16.887Z,2026-08-28T08:11:41.587Z,2026-08-27T13:12:16.887Z,2026-08-28T08:05:15.592Z
cmtbjled9004m4diromw21flc,UP98OZ1670,MOTORCYCLE,,43.7,ACTIVE,2026-08-14T23:40:00.000Z,2026-08-28T08:11:41.587Z,2026-08-27T13:12:16.887Z,2026-08-28T08:05:16.820Z
cmtbjled9004n4dir5whfcml8,UP39GT0623,CAR,,52.4,ACTIVE,2026-08-27T13:12:16.887Z,2026-08-28T06:21:23.610Z,2026-08-27T13:12:16.887Z,2026-08-28T05:21:15.462Z
cmtbjled9004o4dir40u39ugu,RJ23VQ9748,MOTORCYCLE,,45.1,ACTIVE,2026-08-23T00:23:00.000Z,2026-08-28T17:01:31.981Z,2026-08-27T13:12:16.887Z,2026-08-28T04:41:23.151Z
cmtbjled9004p4dir4smi6y1x,UP54QJ2848,CAR,,44.9,ACTIVE,2026-08-27T13:12:16.887Z,2026-08-27T18:44:40.655Z,2026-08-27T13:12:16.887Z,2026-08-27T18:50:50.240Z
cmtbjled9004q4dirg70r5dt5,UP99OU6439,MOTORCYCLE,,42,ACTIVE,2026-08-27T13:12:16.887Z,2026-08-28T05:31:21.708Z,2026-08-27T13:12:16.887Z,2026-08-28T05:27:55.296Z
cmtbjled9004r4dirytxziwbp,UP85UJ7367,CAR,,46.8,ACTIVE,2026-08-27T13:12:16.887Z,2026-08-28T06:22:05.836Z,2026-08-27T13:12:16.887Z,2026-08-28T05:21:31.293Z
cmtbjled9004s4dirm1ivf2s6,UP86FN5287,SCOOTER,,33.5,ACTIVE,2026-08-17T13:52:00.000Z,2026-08-27T16:07:34.463Z,2026-08-27T13:12:16.887Z,2026-08-27T18:50:50.240Z
cmtbjled9004t4dirhmn6wbfe,UP25EP4011,AUTO,,28.4,ACTIVE,2026-08-23T11:13:00.000Z,2026-08-27T16:05:51.653Z,2026-08-27T13:12:16.887Z,2026-08-27T18:50:50.240Z
cmtbjled9004u4dirqmdwxa3n,UP83HC3624,CAR,,49.1,ACTIVE,2026-08-27T13:12:16.887Z,2026-08-28T08:10:57.395Z,2026-08-27T13:12:16.887Z,2026-08-28T08:04:57.977Z
cmtbjled9004v4dirlpolx7m0,MP39WD7988,SCOOTER,,25.6,ACTIVE,2026-08-27T13:12:16.887Z,2026-08-28T05:29:41.056Z,2026-08-27T13:12:16.887Z,2026-08-28T05:26:57.504Z
cmtbjled9004w4dirs7acwr9i,UP37ZG1394,SCOOTER,,28.4,ACTIVE,2026-08-27T13:12:16.887Z,2026-08-27T16:05:51.653Z,2026-08-27T13:12:16.887Z,2026-08-27T18:50:50.240Z
cmtbjled9004x4dirvm230tc6,DL52QM9392,SCOOTER,,29.7,ACTIVE,2026-08-19T00:38:00.000Z,2026-08-27T17:33:39.256Z,2026-08-27T13:12:16.887Z,2026-08-27T18:50:50.240Z
cmtbjled9004y4dirug7lgpse,UP58TC9849,CAR,,54.9,ACTIVE,2026-08-27T13:12:16.887Z,2026-08-28T06:22:05.836Z,2026-08-27T13:12:16.887Z,2026-08-28T05:21:32.359Z
cmtbjled9004z4dir0enkru6l,CG86ZK3809,MOTORCYCLE,,44.8,ACTIVE,2026-08-27T13:12:16.887Z,2026-08-28T08:09:42.787Z,2026-08-27T13:12:16.887Z,2026-08-28T08:04:16.520Z
cmtbjled900504diro6p0vfb2,DL17KR3820,CAR,,45.7,ACTIVE,2026-08-27T13:12:16.887Z,2026-08-27T18:44:40.655Z,2026-08-27T13:12:16.887Z,2026-08-27T18:50:50.240Z
cmtbjled900514dir9baqr4q0,UP36WP9202,CAR,,44.8,ACTIVE,2026-08-27T13:12:16.887Z,2026-08-28T08:13:36.309Z,2026-08-27T13:12:16.887Z,2026-08-28T08:06:05.770Z
cmtbjled900524dirmyut8psg,MP35ML8338,SCOOTER,,31.2,ACTIVE,2026-08-27T13:12:16.887Z,2026-08-28T05:35:45.262Z,2026-08-27T13:12:16.887Z,2026-08-28T05:30:01.551Z
cmtbjled900534dir4dsydexi,UP11XN6664,SCOOTER,,35,ACTIVE,2026-08-14T03:54:00.000Z,2026-08-28T08:10:21.129Z,2026-08-27T13:12:16.887Z,2026-08-28T08:04:35.049Z
cmtbjled900544dira68rgzv1,UP13VJ5054,SCOOTER,,35.9,ACTIVE,2026-08-13T02:45:00.000Z,2026-08-27T16:05:51.653Z,2026-08-27T13:12:16.887Z,2026-08-27T18:50:50.240Z
cmtbjled900554dirglayqtl4,UP28XY5914,CAR,,36.1,ACTIVE,2026-08-27T13:12:16.887Z,2026-08-28T08:09:02.469Z,2026-08-27T13:12:16.887Z,2026-08-28T08:03:49.063Z
cmtbjled900564dir5uavk9mn,MP02YQ4257,CAR,,51,ACTIVE,2026-08-27T13:12:16.887Z,2026-08-28T08:10:21.129Z,2026-08-27T13:12:16.887Z,2026-08-28T08:04:28.386Z
cmtbjled900574dirxkksg47a,UP91MM6525,MOTORCYCLE,,39.7,ACTIVE,2026-08-15T02:34:00.000Z,2026-08-27T18:05:49.828Z,2026-08-27T13:12:16.887Z,2026-08-27T18:50:50.240Z
cmtbjled900584dirg9hndbox,UP12VG7479,CAR,,49.2,ACTIVE,2026-08-25T15:07:00.000Z,2026-08-27T15:46:01.385Z,2026-08-27T13:12:16.887Z,2026-08-27T18:50:50.240Z
cmtbjled900594dirvtzq27ck,UP07NN3046,AUTO,,32.5,ACTIVE,2026-08-27T13:12:16.887Z,2026-08-28T06:21:23.610Z,2026-08-27T13:12:16.887Z,2026-08-28T05:21:16.923Z
cmtbjled9005a4dirlf68v1nd,UP42BT1828,AUTO,,36.9,ACTIVE,2026-08-27T13:12:16.887Z,2026-08-28T05:34:58.958Z,2026-08-27T13:12:16.887Z,2026-08-28T05:29:41.793Z
cmtbjled9005b4dirmoluhzei,CG12CL2423,CAR,,44.2,ACTIVE,2026-08-27T13:12:16.887Z,2026-08-27T15:42:44.537Z,2026-08-27T13:12:16.887Z,2026-08-27T18:50:50.240Z
cmtbjled9005c4dirf368j4wt,UP90QE3388,AUTO,,31.5,ACTIVE,2026-08-19T23:25:00.000Z,2026-08-27T15:40:30.411Z,2026-08-27T13:12:16.887Z,2026-08-27T18:50:50.240Z
cmtbjled9005d4dirwwou3da5,UP73IE5758,CAR,,45.4,ACTIVE,2026-08-27T13:12:16.887Z,2026-08-28T08:10:21.129Z,2026-08-27T13:12:16.887Z,2026-08-28T08:04:29.567Z
cmtbjled9005e4dir0buu83ns,UP46AO1490,SCOOTER,,25,ACTIVE,2026-08-27T13:12:16.887Z,2026-08-28T08:06:57.707Z,2026-08-27T13:12:16.887Z,2026-08-28T08:02:48.887Z
cmtbjled9005f4dirksc0cla4,UP08BG9307,MOTORCYCLE,,35.9,ACTIVE,2026-08-27T13:12:16.887Z,2026-08-28T06:20:41.236Z,2026-08-27T13:12:16.887Z,2026-08-28T05:20:49.533Z
cmtbjled9005g4dir8a7ohvu2,UP58AX1361,CAR,,50.7,ACTIVE,2026-08-27T13:12:16.887Z,2026-08-27T17:31:09.106Z,2026-08-27T13:12:16.887Z,2026-08-27T18:50:50.240Z
cmtbjled9005h4dirk9lvh9rk,UP90KV2154,CAR,,38.5,ACTIVE,2026-08-27T13:12:16.887Z,2026-08-28T08:13:36.309Z,2026-08-27T13:12:16.887Z,2026-08-28T08:06:08.226Z
cmtbjled9005i4dirn1vifot6,UP87MX7893,MOTORCYCLE,,40.6,ACTIVE,2026-08-15T09:00:00.000Z,2026-08-27T18:07:07.902Z,2026-08-27T13:12:16.887Z,2026-08-27T18:50:50.240Z
cmtbjled9005j4dirazq5yr4u,UP09VA6027,CAR,,51.5,ACTIVE,2026-08-27T13:12:16.887Z,2026-08-27T18:04:37.770Z,2026-08-27T13:12:16.887Z,2026-08-27T18:50:50.240Z
cmtbjled9005k4diro90717mw,UP87QG1065,AUTO,,24.3,ACTIVE,2026-08-27T13:12:16.887Z,2026-08-28T05:33:34.412Z,2026-08-27T13:12:16.887Z,2026-08-28T05:29:04.722Z
cmtbjled9005l4diruoj91em3,UP28GE6701,CAR,,45.9,ACTIVE,2026-08-15T05:38:00.000Z,2026-08-27T18:05:17.796Z,2026-08-27T13:12:16.887Z,2026-08-27T18:50:50.240Z
cmtbjled9005m4dirrxl15hvz,UP70TS1996,CAR,,55.1,ACTIVE,2026-08-17T00:31:00.000Z,2026-08-28T06:22:05.836Z,2026-08-27T13:12:16.887Z,2026-08-28T05:21:36.931Z
cmtbjled9005n4dird5xitd63,UP31QV2045,CAR,,42.3,ACTIVE,2026-08-13T06:33:00.000Z,2026-08-28T05:35:45.262Z,2026-08-27T13:12:16.887Z,2026-08-28T05:30:00.638Z
cmtbjled9005o4dirthqduq7x,UP08VJ0982,VAN,,39.8,ACTIVE,2026-08-27T13:12:16.887Z,2026-08-28T08:12:39.933Z,2026-08-27T13:12:16.887Z,2026-08-28T08:05:48.472Z
cmtbjled9005p4dirkjivm0ao,UP94LI9687,MOTORCYCLE,,34.2,ACTIVE,2026-08-14T10:49:00.000Z,2026-08-27T18:44:40.655Z,2026-08-27T13:12:16.887Z,2026-08-27T18:50:50.240Z
cmtbjled9005q4dir4j15wkvt,UP80RM3065,AUTO,,19.1,ACTIVE,2026-08-27T13:12:16.887Z,2026-08-28T08:05:39.217Z,2026-08-27T13:12:16.887Z,2026-08-28T08:02:13.421Z
cmtbjled9005r4dirq5sfjeeg,UP18QL3094,MOTORCYCLE,,56.6,ACTIVE,2026-08-17T14:06:00.000Z,2026-08-27T16:04:08.893Z,2026-08-27T13:12:16.887Z,2026-08-27T18:50:50.240Z
cmtbjled9005s4dir1ed7lc1y,UP38CH6112,CAR,,45.9,ACTIVE,2026-08-27T13:12:16.887Z,2026-08-27T18:44:40.655Z,2026-08-27T13:12:16.887Z,2026-08-27T18:50:50.240Z
cmtbjled9005t4dirtha9slxk,MP69PC9093,MOTORCYCLE,,45.3,ACTIVE,2026-08-21T02:41:00.000Z,2026-08-27T16:06:44.093Z,2026-08-27T13:12:16.887Z,2026-08-27T18:50:50.240Z
cmtbjled9005u4dire07y594m,UP76OI8841,MOTORCYCLE,,36.5,ACTIVE,2026-08-27T13:12:16.887Z,2026-08-28T06:21:23.610Z,2026-08-27T13:12:16.887Z,2026-08-28T05:21:15.225Z
cmtbjled9005v4dirbp58c6vk,MP60OX8392,VAN,,33.5,ACTIVE,2026-08-27T13:12:16.887Z,2026-08-27T15:09:33.621Z,2026-08-27T13:12:16.887Z,2026-08-27T18:50:50.240Z
cmtbjleda005w4dirx0b42wcs,UP79KV5184,VAN,,39.7,ACTIVE,2026-08-14T23:07:00.000Z,2026-08-28T08:12:39.933Z,2026-08-27T13:12:16.887Z,2026-08-28T08:05:48.472Z
cmtbjleda005x4dirp83is5s8,BR58EW3815,MOTORCYCLE,,41.7,ACTIVE,2026-08-27T13:12:16.887Z,2026-08-28T08:13:36.309Z,2026-08-27T13:12:16.887Z,2026-08-28T08:06:05.767Z
cmtbjleda005y4dirqq2wsmq6,UP09ZP4666,CAR,,41.8,ACTIVE,2026-08-27T13:12:16.887Z,2026-08-27T15:14:07.865Z,2026-08-27T13:12:16.887Z,2026-08-27T18:50:50.240Z
cmtbjleda005z4dir8vivlimo,UP27GN4585,AUTO,,27.7,ACTIVE,2026-08-16T05:16:00.000Z,2026-08-28T05:33:34.412Z,2026-08-27T13:12:16.887Z,2026-08-28T05:29:01.174Z
cmtbjleda00604dirsaw3jty0,UP04VP9387,SCOOTER,,30.7,ACTIVE,2026-08-27T13:12:16.887Z,2026-08-28T05:33:34.412Z,2026-08-27T13:12:16.887Z,2026-08-28T05:29:05.328Z
cmtbjleda00614dir2rak67h3,UP40EJ9625,TRUCK,,31.9,ACTIVE,2026-08-27T13:12:16.887Z,2026-08-28T08:09:42.787Z,2026-08-27T13:12:16.887Z,2026-08-28T08:04:14.697Z
cmtbjleda00624dirhhn619s0,MP69BQ4840,SCOOTER,,35.4,ACTIVE,2026-08-18T23:22:00.000Z,2026-08-27T18:06:29.872Z,2026-08-27T13:12:16.887Z,2026-08-27T18:50:50.240Z
cmtbjleda00634dirpwomoifz,UP83YL4079,CAR,,49.9,ACTIVE,2026-08-23T22:35:00.000Z,2026-08-28T08:12:39.933Z,2026-08-27T13:12:16.887Z,2026-08-28T08:05:53.274Z
cmtbjleda00644dirvomin768,UP64JS1633,CAR,,41.8,ACTIVE,2026-08-27T13:12:16.887Z,2026-08-28T08:12:39.933Z,2026-08-27T13:12:16.887Z,2026-08-28T08:05:37.919Z
cmtbjleda00654dir9t4o0hp2,MP56PE1818,CAR,,47,ACTIVE,2026-08-17T23:20:00.000Z,2026-08-27T16:06:40.709Z,2026-08-27T13:12:16.887Z,2026-08-27T18:50:50.240Z
cmtbjleda00664dirc601wowt,DL91HF8354,MOTORCYCLE,,52,ACTIVE,2026-08-27T13:12:16.887Z,2026-08-28T05:33:34.412Z,2026-08-27T13:12:16.887Z,2026-08-28T05:28:59.341Z
cmtbjleda00674dirhcrmztjf,CG89PU4488,CAR,,43.7,ACTIVE,2026-08-27T13:12:16.887Z,2026-08-28T08:09:42.787Z,2026-08-27T13:12:16.887Z,2026-08-28T08:04:18.855Z
cmtbjleda00684dirwdl34ew4,UP73TF1188,AUTO,,29.3,ACTIVE,2026-08-27T13:12:16.887Z,2026-08-28T08:08:08.115Z,2026-08-27T13:12:16.887Z,2026-08-28T08:03:24.903Z
cmtbjleda00694dirv6sgqwzq,UP74WB1373,VAN,,34.4,ACTIVE,2026-08-27T13:12:16.887Z,2026-08-28T08:12:39.933Z,2026-08-27T13:12:16.887Z,2026-08-28T08:05:49.126Z
cmtbjleda006a4dir6uola7wv,UP45TH7507,CAR,,47.1,ACTIVE,2026-08-27T13:12:16.887Z,2026-08-28T05:34:22.754Z,2026-08-27T13:12:16.887Z,2026-08-28T05:29:22.554Z
cmtbjleda006b4dir9dj6a4ti,UP72JP6090,AUTO,,28.6,ACTIVE,2026-08-21T01:05:00.000Z,2026-08-28T08:10:57.395Z,2026-08-27T13:12:16.887Z,2026-08-28T08:04:46.714Z
cmtbjleda006c4dir9myzbyn2,MP69GJ1069,CAR,,43.9,ACTIVE,2026-08-16T23:30:25.787Z,2026-08-27T17:32:31.184Z,2026-08-27T13:12:16.887Z,2026-08-27T18:50:50.240Z
cmtbjleda006d4dirqt13744p,UP23LZ0414,AUTO,,20.2,ACTIVE,2026-08-18T23:02:00.000Z,2026-08-28T05:34:22.754Z,2026-08-27T13:12:16.887Z,2026-08-28T05:29:23.089Z
cmtbjleda006e4dirlrynbi2s,UP79QB5741,CAR,,47,ACTIVE,2026-08-22T07:14:00.000Z,2026-08-28T05:35:45.262Z,2026-08-27T13:12:16.887Z,2026-08-28T05:30:05.751Z
cmtbjleda006f4dirdcydo34v,UP59UW9266,SCOOTER,,34.1,ACTIVE,2026-08-14T23:33:00.000Z,2026-08-28T06:22:05.836Z,2026-08-27T13:12:16.887Z,2026-08-28T05:21:38.972Z
cmtbjleda006g4dirl1e90ath,UP09JE0348,SCOOTER,,28.4,ACTIVE,2026-08-27T13:12:16.887Z,2026-08-27T16:05:01.287Z,2026-08-27T13:12:16.887Z,2026-08-27T18:50:50.240Z
cmtbjleda006h4dirlevxypv7,UP40TO4056,SCOOTER,,35.7,ACTIVE,2026-08-15T04:02:00.000Z,2026-08-28T05:35:45.262Z,2026-08-27T13:12:16.887Z,2026-08-28T05:29:58.487Z
cmtbjleda006i4dirn67627sy,UP72IX1862,CAR,,48,ACTIVE,2026-08-18T11:51:20.597Z,2026-08-27T18:44:40.655Z,2026-08-27T13:12:16.887Z,2026-08-27T18:50:50.240Z
cmtbjleda006j4dirylx2zve8,UP34TC7341,CAR,,42.3,ACTIVE,2026-08-27T13:12:16.887Z,2026-08-28T06:18:38.396Z,2026-08-27T13:12:16.887Z,2026-08-28T05:19:47.150Z
cmtbjleda006k4dir1pkjx5dg,UP06QF0507,CAR,,42.6,ACTIVE,2026-08-27T13:12:16.887Z,2026-08-28T05:32:07.976Z,2026-08-27T13:12:16.887Z,2026-08-28T05:28:15.278Z
cmtbjleda006l4dirbtrqrx2b,HR37VT5796,MOTORCYCLE,,46.3,ACTIVE,2026-08-27T13:12:16.887Z,2026-08-28T06:22:05.836Z,2026-08-27T13:12:16.887Z,2026-08-28T05:21:31.296Z
cmtbjleda006m4dirfqq2kbpr,UP92IA2054,MOTORCYCLE,,35,ACTIVE,2026-08-27T13:12:16.887Z,2026-08-27T18:44:40.655Z,2026-08-27T13:12:16.887Z,2026-08-27T18:50:50.240Z
cmtbjleda006n4dirpkanzzrg,UP74PI4949,BUS,,30.4,ACTIVE,2026-08-27T13:12:16.887Z,2026-08-28T05:34:58.958Z,2026-08-27T13:12:16.887Z,2026-08-28T05:29:35.836Z
cmtbjleda006o4dirbekq65ky,CG77ZP0347,MOTORCYCLE,,31.7,ACTIVE,2026-08-27T13:12:16.887Z,2026-08-28T05:32:07.976Z,2026-08-27T13:12:16.887Z,2026-08-28T05:28:10.753Z
cmtbjleda006p4dircp38g0wb,UP93EW6417,AUTO,,22.7,ACTIVE,2026-08-27T13:12:16.887Z,2026-08-28T06:20:41.236Z,2026-08-27T13:12:16.887Z,2026-08-28T05:20:59.285Z
cmtbjleda006q4dirgtdbtpm5,UP67RY2477,MOTORCYCLE,,51.6,ACTIVE,2026-08-27T13:12:16.887Z,2026-08-28T08:12:39.933Z,2026-08-27T13:12:16.887Z,2026-08-28T08:05:46.009Z
cmtbjleda006r4dirvkjbw70l,UP91HT9443,MOTORCYCLE,,41.2,ACTIVE,2026-08-27T13:12:16.887Z,2026-08-28T06:19:20.658Z,2026-08-27T13:12:16.887Z,2026-08-28T05:20:13.602Z
cmtbjleda006s4diropolk96d,UP78ZR0673,SCOOTER,,39,ACTIVE,2026-08-27T13:12:16.887Z,2026-08-28T08:10:57.395Z,2026-08-27T13:12:16.887Z,2026-08-28T08:04:54.705Z
cmtbjleda006t4dir19bxzfy8,UP92VC1524,SCOOTER,,34,ACTIVE,2026-08-27T13:12:16.887Z,2026-08-28T08:06:57.707Z,2026-08-27T13:12:16.887Z,2026-08-28T08:02:58.654Z
cmtbjleda006u4dirjcgjr15r,UP88XJ4516,MOTORCYCLE,,55.4,ACTIVE,2026-08-27T13:12:16.887Z,2026-08-28T08:11:41.587Z,2026-08-27T13:12:16.887Z,2026-08-28T08:05:16.413Z
cmtbjleda006v4dir6dztzwu0,UP34SC1024,CAR,,47.7,ACTIVE,2026-08-27T13:12:16.887Z,2026-08-27T16:07:42.821Z,2026-08-27T13:12:16.887Z,2026-08-27T18:50:50.240Z
cmtbjleda006w4diraqpdr5n7,UP02SK5154,CAR,,47.5,ACTIVE,2026-08-27T13:12:16.887Z,2026-08-28T05:32:46.174Z,2026-08-27T13:12:16.887Z,2026-08-28T05:28:40.450Z
cmtbjleda006x4dirr6fdodnl,CG26VG6012,CAR,,39.9,ACTIVE,2026-08-22T06:16:00.000Z,2026-08-27T15:05:19.436Z,2026-08-27T13:12:16.887Z,2026-08-27T18:50:50.240Z
cmtbjleda006y4dir2xwtf9k3,RJ73JZ5361,MOTORCYCLE,,43.1,ACTIVE,2026-08-20T03:55:00.000Z,2026-08-20T13:56:34.842Z,2026-08-27T13:12:16.887Z,2026-08-27T18:50:50.240Z
cmtbjleda006z4dirfuw7fekh,UP99CL1105,MOTORCYCLE,,41.3,ACTIVE,2026-08-18T07:41:00.000Z,2026-08-28T08:13:36.309Z,2026-08-27T13:12:16.887Z,2026-08-28T08:06:06.176Z
cmtbjleda00704dirpzbfubcv,DL10WB6284,CAR,,44.8,ACTIVE,2026-08-14T05:50:00.000Z,2026-08-28T08:10:21.129Z,2026-08-27T13:12:16.887Z,2026-08-28T08:04:34.283Z
cmtbjleda00714dir7r30v3d6,UP82QQ6243,CAR,,48.1,ACTIVE,2026-08-27T13:12:16.887Z,2026-08-27T16:07:42.821Z,2026-08-27T13:12:16.887Z,2026-08-27T18:50:50.240Z
cmtbjleda00724dir2lpv6r9e,BR43IJ9057,SCOOTER,,28.2,ACTIVE,2026-08-27T13:12:16.887Z,2026-08-28T08:13:36.309Z,2026-08-27T13:12:16.887Z,2026-08-28T08:06:05.768Z
cmtbjleda00734dirrdt8gpjg,UP77IW0983,SCOOTER,,30.6,ACTIVE,2026-08-21T02:07:00.000Z,2026-08-28T06:22:05.836Z,2026-08-27T13:12:16.887Z,2026-08-28T05:21:36.932Z
cmtbjleda00744dirtmkqxgpn,UP39SU2788,MOTORCYCLE,,45.5,ACTIVE,2026-08-27T13:12:16.887Z,2026-08-28T08:10:57.395Z,2026-08-27T13:12:16.887Z,2026-08-28T08:04:46.304Z
cmtbjleda00754dir0j9p4i4e,BR16XI2290,CAR,,47.2,ACTIVE,2026-08-27T13:12:16.887Z,2026-08-27T18:07:41.934Z,2026-08-27T13:12:16.887Z,2026-08-27T18:50:50.240Z
cmtbjleda00764dird0j8p6a1,UP53TO2218,MOTORCYCLE,,46.8,ACTIVE,2026-08-27T13:12:16.887Z,2026-08-27T18:44:40.655Z,2026-08-27T13:12:16.887Z,2026-08-27T18:50:50.240Z
cmtbjleda00774dirpbhf6zea,DL79NN0213,CAR,,56.5,ACTIVE,2026-08-27T13:12:16.887Z,2026-08-27T18:44:40.655Z,2026-08-27T13:12:16.887Z,2026-08-27T18:50:50.240Z
cmtbjleda00784dirqjvc81f3,UP54VT6827,MOTORCYCLE,,49.5,ACTIVE,2026-08-15T07:50:00.000Z,2026-08-28T06:20:41.236Z,2026-08-27T13:12:16.887Z,2026-08-28T05:20:55.518Z
cmtbjleda00794dirq32xoino,UP15NG9326,SCOOTER,,32.3,ACTIVE,2026-08-15T12:02:36.161Z,2026-08-28T08:10:57.395Z,2026-08-27T13:12:16.887Z,2026-08-28T08:04:55.520Z
cmtbjleda007a4dirgfiwdj51,UP29PX3145,VAN,,40.6,ACTIVE,2026-08-27T13:12:16.887Z,2026-08-28T08:12:39.933Z,2026-08-27T13:12:16.887Z,2026-08-28T08:05:37.921Z
cmtbjleda007b4dir2jc94pgz,UP37NT1811,AUTO,,21.7,ACTIVE,2026-08-27T13:12:16.887Z,2026-08-28T17:03:18.185Z,2026-08-27T13:12:16.887Z,2026-08-28T04:42:22.663Z
cmtbjleda007c4dirt8x8iju5,DL41ST8033,CAR,,61,ACTIVE,2026-08-27T13:12:16.887Z,2026-08-28T08:10:57.395Z,2026-08-27T13:12:16.887Z,2026-08-28T08:04:54.701Z
cmtbjleda007d4diruib810vw,UP63QX2865,CAR,,52.7,ACTIVE,2026-08-16T16:31:46.149Z,2026-08-28T06:21:23.610Z,2026-08-27T13:12:16.887Z,2026-08-28T05:21:16.245Z
cmtbjleda007e4dirsx4kz9lr,UP73YL5172,MOTORCYCLE,,45.7,ACTIVE,2026-08-27T13:12:16.887Z,2026-08-28T05:35:45.262Z,2026-08-27T13:12:16.887Z,2026-08-28T05:30:06.581Z
cmtbjleda007f4diraph0iqe9,UP85RP3643,CAR,,43.6,ACTIVE,2026-08-27T13:12:16.887Z,2026-08-28T06:20:41.236Z,2026-08-27T13:12:16.887Z,2026-08-28T05:20:55.250Z
cmtbjleda007g4dir1oawfbik,BR81RU1357,BUS,,32.2,ACTIVE,2026-08-27T13:12:16.887Z,2026-08-28T06:22:05.836Z,2026-08-27T13:12:16.887Z,2026-08-28T05:21:36.938Z
cmtbjleda007h4dir8hcflw1m,DL21XU5350,CAR,,44.8,ACTIVE,2026-08-13T05:12:00.000Z,2026-08-28T05:34:58.958Z,2026-08-27T13:12:16.887Z,2026-08-28T05:29:34.937Z
cmtbjleda007i4dirxsw066te,UP25FK5901,SCOOTER,,29.2,ACTIVE,2026-08-27T13:12:16.887Z,2026-08-27T15:58:46.243Z,2026-08-27T13:12:16.887Z,2026-08-27T18:50:50.240Z
cmtbjleda007j4dirxwkijepj,UP62LN3731,CAR,,44.2,ACTIVE,2026-08-25T09:25:00.000Z,2026-08-28T06:21:23.610Z,2026-08-27T13:12:16.887Z,2026-08-28T05:21:15.433Z
cmtbjleda007k4dir12naj30p,UP83HD8345,AUTO,,32.2,ACTIVE,2026-08-27T13:12:16.887Z,2026-08-28T16:59:35.777Z,2026-08-27T13:12:16.887Z,2026-08-28T04:40:25.490Z
cmtbjleda007l4dirhzq16nov,UP59MN3537,MOTORCYCLE,,38.5,ACTIVE,2026-08-27T13:12:16.887Z,2026-08-28T17:03:18.185Z,2026-08-27T13:12:16.887Z,2026-08-28T04:42:16.536Z
cmtbjledb007m4dirvoy9xgky,UP26UL2966,AUTO,,29.3,ACTIVE,2026-08-27T13:12:16.887Z,2026-08-28T17:00:39.889Z,2026-08-27T13:12:16.887Z,2026-08-28T04:41:06.145Z
cmtbjledb007n4diriwy7uhii,MP35KH2602,CAR,,40,ACTIVE,2026-08-24T23:40:00.000Z,2026-08-27T15:23:05.238Z,2026-08-27T13:12:16.887Z,2026-08-27T18:50:50.240Z
cmtbjledb007o4dirjy5gtdlw,UP77BO1229,AUTO,,29.1,ACTIVE,2026-08-27T13:12:16.887Z,2026-08-27T15:47:25.467Z,2026-08-27T13:12:16.887Z,2026-08-27T18:50:50.240Z
cmtbjledb007p4dir5lit08ft,UP70QE0683,CAR,,42,ACTIVE,2026-08-12T23:15:00.000Z,2026-08-27T18:44:40.655Z,2026-08-27T13:12:16.887Z,2026-08-27T18:50:50.240Z
cmtbjledb007q4dirnfg5dffh,UP58CA8668,MOTORCYCLE,,42.2,ACTIVE,2026-08-27T13:12:16.887Z,2026-08-27T16:04:08.893Z,2026-08-27T13:12:16.887Z,2026-08-27T18:50:50.240Z
cmtbjledb007r4dirac9mlgbu,UP60IH9678,CAR,,42.9,ACTIVE,2026-08-27T13:12:16.887Z,2026-08-27T16:08:34.883Z,2026-08-27T13:12:16.887Z,2026-08-27T18:50:50.240Z
cmtbjledb007s4dirzxd276jt,UP52JJ8617,CAR,,45.5,ACTIVE,2026-08-27T13:12:16.887Z,2026-08-28T06:20:00.924Z,2026-08-27T13:12:16.887Z,2026-08-28T05:20:35.985Z
cmtbjledb007t4dir90lgfllu,UP08DB4990,MOTORCYCLE,,40.4,ACTIVE,2026-08-27T13:12:16.887Z,2026-08-28T06:19:20.658Z,2026-08-27T13:12:16.887Z,2026-08-28T05:20:14.800Z
cmtbjledb007u4diraq1lf4tt,UP12PA5055,CAR,,41.7,ACTIVE,2026-08-17T14:59:00.000Z,2026-08-28T08:11:41.587Z,2026-08-27T13:12:16.887Z,2026-08-28T08:05:10.481Z
cmtbjledb007v4dir6h7yh2dk,UP98IK3196,CAR,,55.4,ACTIVE,2026-08-27T13:12:16.887Z,2026-08-28T08:09:02.469Z,2026-08-27T13:12:16.887Z,2026-08-28T08:03:49.769Z
cmtbjledb007w4dirhy1xx0z3,UP74BI8591,AUTO,,30,ACTIVE,2026-08-13T22:38:00.000Z,2026-08-27T18:06:29.872Z,2026-08-27T13:12:16.887Z,2026-08-27T18:50:50.240Z
cmtbjledb007x4dir4klrzfzq,UP53XB4474,CAR,,49.7,ACTIVE,2026-08-27T13:12:16.887Z,2026-08-28T06:21:23.610Z,2026-08-27T13:12:16.887Z,2026-08-28T05:21:17.143Z
cmtbjledb007y4dir7vvu64j5,MP72OC6463,MOTORCYCLE,,48.4,ACTIVE,2026-08-22T15:26:00.000Z,2026-08-28T06:22:05.836Z,2026-08-27T13:12:16.887Z,2026-08-28T05:21:41.327Z
cmtbjledb007z4dirybbvv4x0,UP11NG0055,MOTORCYCLE,,45,ACTIVE,2026-08-27T13:12:16.887Z,2026-08-27T13:42:38.253Z,2026-08-27T13:12:16.887Z,2026-08-27T18:50:50.240Z
cmtbjledb00804diriujromxq,UP24FY7459,MOTORCYCLE,,39.7,ACTIVE,2026-08-27T13:12:16.887Z,2026-08-27T15:44:50.653Z,2026-08-27T13:12:16.887Z,2026-08-27T18:50:50.240Z
cmtbjledb00814dirv02k3w1v,CG34VL0896,CAR,,47.5,ACTIVE,2026-08-16T01:52:00.000Z,2026-08-28T17:06:14.455Z,2026-08-27T13:12:16.887Z,2026-08-28T04:43:59.552Z
cmtbjledb00824diry5a7idgu,UP49BK9068,SCOOTER,,32.1,ACTIVE,2026-08-27T13:12:16.887Z,2026-08-27T17:33:39.256Z,2026-08-27T13:12:16.887Z,2026-08-27T18:50:50.240Z
cmtbjledb00834dirp4pkvydb,CG45OU4504,CAR,,56.5,ACTIVE,2026-08-27T13:12:16.887Z,2026-08-27T16:06:44.093Z,2026-08-27T13:12:16.887Z,2026-08-27T18:50:50.240Z
cmtbjledb00844dirpim0qwcp,UP26QF4981,CAR,,41.9,ACTIVE,2026-08-18T07:15:00.000Z,2026-08-27T18:44:40.655Z,2026-08-27T13:12:16.887Z,2026-08-27T18:50:50.240Z
cmtbjledb00854dir1hbzeus8,UP27TD7930,MOTORCYCLE,,46.4,ACTIVE,2026-08-27T13:12:16.887Z,2026-08-27T16:05:51.653Z,2026-08-27T13:12:16.887Z,2026-08-27T18:50:50.240Z
cmtbjledb00864dir165nnlv6,UP63HT9472,CAR,,44.6,ACTIVE,2026-08-27T13:12:16.887Z,2026-08-28T17:06:14.455Z,2026-08-27T13:12:16.887Z,2026-08-28T04:43:51.956Z
cmtbjledb00874dirv5ne0y6g,UP95YQ7076,CAR,,45.2,ACTIVE,2026-08-15T23:40:00.000Z,2026-08-28T06:22:05.836Z,2026-08-27T13:12:16.887Z,2026-08-28T05:21:42.158Z
cmtbjledb00884dir0hiznlxh,UP95RG9320,CAR,,40.7,ACTIVE,2026-08-27T13:12:16.887Z,2026-08-28T06:19:20.658Z,2026-08-27T13:12:16.887Z,2026-08-28T05:20:09.847Z
cmtbjledb00894dir9e58oa4t,UP27AB1215,MOTORCYCLE,,44.5,ACTIVE,2026-08-27T13:12:16.887Z,2026-08-28T16:59:35.777Z,2026-08-27T13:12:16.887Z,2026-08-28T04:40:38.866Z
cmtbjledb008a4dir7onr799k,UP85CO6842,MOTORCYCLE,,39.8,ACTIVE,2026-08-27T13:12:16.887Z,2026-08-28T08:11:41.587Z,2026-08-27T13:12:16.887Z,2026-08-28T08:05:16.411Z
cmtbjledb008b4dirqyptzmjz,UP01EC7664,SCOOTER,,41.4,ACTIVE,2026-08-27T13:12:16.887Z,2026-08-27T15:21:19.148Z,2026-08-27T13:12:16.887Z,2026-08-27T18:50:50.240Z
cmtbjledb008c4dircvzbb3lt,UP01XC7516,CAR,,44.4,ACTIVE,2026-08-27T13:12:16.887Z,2026-08-28T06:20:00.924Z,2026-08-27T13:12:16.887Z,2026-08-28T05:20:30.059Z
cmtbjledb008d4dirzf7kt3a5,HR74FO0437,CAR,,47.3,ACTIVE,2026-08-17T03:23:52.431Z,2026-08-28T05:34:58.958Z,2026-08-27T13:12:16.887Z,2026-08-28T05:29:40.851Z
cmtbjledb008e4dirtslecp8g,RJ90LA5657,AUTO,,28.4,ACTIVE,2026-08-27T13:12:16.887Z,2026-08-27T18:44:40.655Z,2026-08-27T13:12:16.887Z,2026-08-27T18:50:50.240Z
cmtbjledb008f4dirg49d15i6,UP97QH9164,MOTORCYCLE,,48.9,ACTIVE,2026-08-18T08:42:00.000Z,2026-08-27T18:44:40.655Z,2026-08-27T13:12:16.887Z,2026-08-27T18:50:50.240Z
cmtbjledb008g4diroc7cx3xu,HR12UF9750,AUTO,,37,ACTIVE,2026-08-27T13:12:16.887Z,2026-08-28T08:12:39.933Z,2026-08-27T13:12:16.887Z,2026-08-28T08:05:52.867Z
cmtbjledb008h4dira76m1bjx,BR58EU6125,BUS,,31,ACTIVE,2026-08-27T13:12:16.887Z,2026-08-27T15:20:37.473Z,2026-08-27T13:12:16.887Z,2026-08-27T18:50:50.240Z
cmtbjledb008i4dirr6mkcok4,UP56FF8577,TAXI,,41.7,ACTIVE,2026-08-27T13:12:16.887Z,2026-08-27T18:44:40.655Z,2026-08-27T13:12:16.887Z,2026-08-27T18:50:50.240Z
cmtbjledb008j4dirmtamc9g6,UP53QP0575,CAR,,42.9,ACTIVE,2026-08-27T13:12:16.887Z,2026-08-28T06:21:23.610Z,2026-08-27T13:12:16.887Z,2026-08-28T05:21:11.111Z
cmtbjledb008k4diry3pw158p,UP98FE8206,MOTORCYCLE,,46.7,ACTIVE,2026-08-27T13:12:16.887Z,2026-08-27T17:35:13.344Z,2026-08-27T13:12:16.887Z,2026-08-27T18:50:50.240Z
cmtbjledb008l4dirwu7m6pkv,UP40VP6288,SCOOTER,,31.4,ACTIVE,2026-08-16T03:57:33.946Z,2026-08-27T18:05:49.828Z,2026-08-27T13:12:16.887Z,2026-08-27T18:50:50.240Z
cmtbjledb008m4dirpc0f7u6o,UP42KG1471,SCOOTER,,34.5,ACTIVE,2026-08-14T13:47:00.000Z,2026-08-28T08:13:36.309Z,2026-08-27T13:12:16.887Z,2026-08-28T08:06:06.179Z
cmtbjledb008n4diro4pmxygq,UP47SF0968,CAR,,51.8,ACTIVE,2026-08-27T13:12:16.887Z,2026-08-28T06:22:05.836Z,2026-08-27T13:12:16.887Z,2026-08-28T05:21:36.765Z
cmtbjledb008o4dir2g2p5fby,MP01TH3773,BUS,,36.3,ACTIVE,2026-08-24T03:16:00.000Z,2026-08-28T06:20:41.236Z,2026-08-27T13:12:16.887Z,2026-08-28T05:20:55.254Z
cmtbjledb008p4dir0qz19mbd,UP80QW0569,CAR,,44.8,ACTIVE,2026-08-27T13:12:16.887Z,2026-08-27T16:07:42.821Z,2026-08-27T13:12:16.887Z,2026-08-27T18:50:50.240Z
cmtbjledb008q4dir4orc38s4,UP05TU5130,CAR,,39.5,ACTIVE,2026-08-27T13:12:16.887Z,2026-08-28T05:35:45.262Z,2026-08-27T13:12:16.887Z,2026-08-28T05:30:06.981Z
cmtbjledb008r4dirl6y1qc2q,UP73NU8231,CAR,,50.1,ACTIVE,2026-08-27T13:12:16.887Z,2026-08-28T08:13:36.309Z,2026-08-27T13:12:16.887Z,2026-08-28T08:06:07.001Z
cmtbjledb008s4dird643numt,UP61XB6402,CAR,,53.6,ACTIVE,2026-08-21T13:24:00.000Z,2026-08-28T05:34:58.958Z,2026-08-27T13:12:16.887Z,2026-08-28T05:29:35.837Z
cmtbjledb008t4dirpbqtoebh,RJ43VR2057,MOTORCYCLE,,40.3,ACTIVE,2026-08-21T23:38:00.000Z,2026-08-27T16:06:40.709Z,2026-08-27T13:12:16.887Z,2026-08-27T18:50:50.240Z
cmtbjledb008u4diruljaexrk,MP57NG0710,CAR,,52.9,ACTIVE,2026-08-27T13:12:16.887Z,2026-08-28T06:20:00.924Z,2026-08-27T13:12:16.887Z,2026-08-28T05:20:29.683Z
cmtbjledb008v4dirumhgj74g,UP81AN9004,CAR,,45.4,ACTIVE,2026-08-19T22:42:00.000Z,2026-08-27T18:06:29.872Z,2026-08-27T13:12:16.887Z,2026-08-27T18:50:50.240Z
cmtbjledb008w4dirpb2xv2bh,BR17CD7389,SCOOTER,,31,ACTIVE,2026-08-27T13:12:16.887Z,2026-08-28T06:22:52.036Z,2026-08-27T13:12:16.887Z,2026-08-28T05:21:53.818Z
cmtbjledb008x4dirrkxult22,BR15PS9430,CAR,,40.8,ACTIVE,2026-08-27T13:12:16.887Z,2026-08-27T18:44:40.655Z,2026-08-27T13:12:16.887Z,2026-08-27T18:50:50.240Z
cmtbjledb008y4dirnukek0an,UP58RO8418,SCOOTER,,38.8,ACTIVE,2026-08-27T13:12:16.887Z,2026-08-28T06:20:41.236Z,2026-08-27T13:12:16.887Z,2026-08-28T05:20:48.596Z
cmtbjledb008z4dirsg3qlrq1,UP76CP8682,CAR,,46.7,ACTIVE,2026-08-27T13:12:16.887Z,2026-08-28T05:35:45.262Z,2026-08-27T13:12:16.887Z,2026-08-28T05:29:58.486Z
cmtbjledb00904dir4m0rv3ol,RJ89CJ4355,CAR,,49.7,ACTIVE,2026-08-27T13:12:16.887Z,2026-08-28T17:06:14.455Z,2026-08-27T13:12:16.887Z,2026-08-28T04:43:51.955Z
cmtbjledc00914dirctzu4y4q,UP78UW4578,CAR,,46.4,ACTIVE,2026-08-15T04:27:00.000Z,2026-08-27T18:44:40.655Z,2026-08-27T13:12:16.887Z,2026-08-27T18:50:50.240Z
cmtbjledc00924dirxesy1bid,UP05JR1486,TRUCK,,34.5,ACTIVE,2026-08-27T13:12:16.887Z,2026-08-28T08:12:39.933Z,2026-08-27T13:12:16.887Z,2026-08-28T08:05:40.375Z
cmtbjledc00934dirwj03anc5,UP50IO2935,TRUCK,,33.6,ACTIVE,2026-08-27T13:12:16.887Z,2026-08-28T06:22:05.836Z,2026-08-27T13:12:16.887Z,2026-08-28T05:21:38.157Z
cmtbjledc00944dirckvg8jgd,DL91LT2214,AUTO,,28.2,ACTIVE,2026-08-24T02:46:00.000Z,2026-08-27T15:05:19.436Z,2026-08-27T13:12:16.887Z,2026-08-27T18:50:50.240Z
cmtbjledc00954dirxhxtne6e,UP10FI3340,TRUCK,,33.5,ACTIVE,2026-08-25T13:03:00.000Z,2026-08-28T06:20:00.924Z,2026-08-27T13:12:16.887Z,2026-08-28T05:20:35.302Z
cmtbjledc00964dirjclk2rfa,UP58TS9956,BUS,,29.2,ACTIVE,2026-08-27T13:12:16.887Z,2026-08-27T16:05:01.287Z,2026-08-27T13:12:16.887Z,2026-08-27T18:50:50.240Z
cmtbjledc00974dirsnybwr5e,UP12YQ4609,MOTORCYCLE,,36.1,ACTIVE,2026-08-27T13:12:16.887Z,2026-08-28T06:22:05.836Z,2026-08-27T13:12:16.887Z,2026-08-28T05:21:31.291Z
cmtbjledc00984dir8g0dzryw,UP77CE5913,CAR,,51.4,ACTIVE,2026-08-14T01:04:00.000Z,2026-08-27T15:24:03.671Z,2026-08-27T13:12:16.887Z,2026-08-27T18:50:50.240Z
cmtbjledc00994dirpkm6uler,UP94BO9565,CAR,,52.9,ACTIVE,2026-08-15T13:05:00.000Z,2026-08-28T17:06:14.455Z,2026-08-27T13:12:16.887Z,2026-08-28T04:43:50.936Z
cmtbjledc009a4dirbeh807ni,DL19CN1321,MOTORCYCLE,,50.6,ACTIVE,2026-08-15T04:50:00.000Z,2026-08-28T17:06:14.455Z,2026-08-27T13:12:16.887Z,2026-08-28T04:43:44.963Z
cmtbjledc009b4dird64z4ale,UP42BW2452,CAR,,56.1,ACTIVE,2026-08-24T06:40:00.000Z,2026-08-28T06:20:41.236Z,2026-08-27T13:12:16.887Z,2026-08-28T05:20:49.277Z
cmtbjledc009c4dirurfukl3e,UP84GG3220,CAR,,43.3,ACTIVE,2026-08-27T13:12:16.887Z,2026-08-27T18:44:40.655Z,2026-08-27T13:12:16.887Z,2026-08-27T18:50:50.240Z
cmtbjledc009d4dirii48vu2x,UP86JR5093,AUTO,,37,ACTIVE,2026-08-15T00:04:00.000Z,2026-08-27T18:06:29.872Z,2026-08-27T13:12:16.887Z,2026-08-27T18:50:50.240Z
cmtbjledc009e4dironj6bvf5,UP49AP7520,SCOOTER,,33.8,ACTIVE,2026-08-27T13:12:16.887Z,2026-08-28T05:30:29.430Z,2026-08-27T13:12:16.887Z,2026-08-28T05:27:28.565Z
cmtbjledc009f4diraq03h99b,UP83WG0535,TRUCK,,33,ACTIVE,2026-08-27T13:12:16.887Z,2026-08-27T18:44:40.655Z,2026-08-27T13:12:16.887Z,2026-08-27T18:50:50.240Z
cmtbjledc009g4dirg473xk8g,MP40RL8334,CAR,,44.1,ACTIVE,2026-08-22T04:21:07.289Z,2026-08-27T16:06:44.093Z,2026-08-27T13:12:16.887Z,2026-08-27T18:50:50.240Z
cmtbjledc009h4dir30eil4o2,UP52NF0850,TRUCK,,27.3,ACTIVE,2026-08-20T02:06:00.000Z,2026-08-28T17:04:10.269Z,2026-08-27T13:12:16.887Z,2026-08-28T04:42:48.268Z
cmtbjledc009i4diru1er85wl,UP88MP0373,CAR,,55.9,ACTIVE,2026-08-20T22:43:00.000Z,2026-08-28T08:11:41.587Z,2026-08-27T13:12:16.887Z,2026-08-28T08:05:22.248Z
cmtbjledc009j4dirfndhti5y,UP49OO9803,MOTORCYCLE,,42.8,ACTIVE,2026-08-27T13:12:16.887Z,2026-08-28T06:22:05.836Z,2026-08-27T13:12:16.887Z,2026-08-28T05:21:42.562Z
cmtbjledc009k4dir8ri02rto,UP46YE9622,SCOOTER,,41.9,ACTIVE,2026-08-27T13:12:16.887Z,2026-08-28T06:20:41.236Z,2026-08-27T13:12:16.887Z,2026-08-28T05:20:49.568Z
cmtbjledc009l4dirjqyzcwj5,MP67DU6704,CAR,,38,ACTIVE,2026-08-27T13:12:16.887Z,2026-08-28T05:35:45.262Z,2026-08-27T13:12:16.887Z,2026-08-28T05:30:00.635Z
cmtbjledc009m4dirfekslg31,UP22GZ9924,CAR,,46.6,ACTIVE,2026-08-27T13:12:16.887Z,2026-08-27T18:44:40.655Z,2026-08-27T13:12:16.887Z,2026-08-27T18:50:50.240Z
cmtbjledc009n4dirzbgap7bv,CG05QB5655,TRUCK,,25.9,ACTIVE,2026-08-13T22:53:00.000Z,2026-08-28T06:17:50.098Z,2026-08-27T13:12:16.887Z,2026-08-28T05:19:29.436Z
cmtbjledc009o4dirgs3mhkql,DL53GS7231,MOTORCYCLE,,45.1,ACTIVE,2026-08-27T13:12:16.887Z,2026-08-27T17:34:41.312Z,2026-08-27T13:12:16.887Z,2026-08-27T18:50:50.240Z
cmtbjledc009p4dirh006g26r,UP69WB0239,SCOOTER,,21.9,ACTIVE,2026-08-13T05:29:00.000Z,2026-08-27T18:00:27.534Z,2026-08-27T13:12:16.887Z,2026-08-27T18:50:50.240Z
cmtbjledc009q4dirl4advshj,UP02UX2782,TRUCK,,26.7,ACTIVE,2026-08-27T13:12:16.887Z,2026-08-28T06:22:05.836Z,2026-08-27T13:12:16.887Z,2026-08-28T05:21:32.347Z
cmtbjledc009r4dirojg8og1n,UP59ZW7938,MOTORCYCLE,,42.6,ACTIVE,2026-08-14T00:32:00.000Z,2026-08-28T17:02:22.075Z,2026-08-27T13:12:16.887Z,2026-08-28T04:41:56.355Z
cmtbjledc009s4dirac1wxw6n,UP86RJ8883,CAR,,49.9,ACTIVE,2026-08-27T13:12:16.887Z,2026-08-27T18:44:40.655Z,2026-08-27T13:12:16.887Z,2026-08-27T18:50:50.240Z
cmtbjledc009t4dir817y0l4w,UP80TZ7086,CAR,,42.4,ACTIVE,2026-08-27T13:12:16.887Z,2026-08-28T08:11:41.587Z,2026-08-27T13:12:16.887Z,2026-08-28T08:05:16.818Z
cmtbjledc009u4dirxk0ce3ox,UP14FK9938,CAR,,48.2,ACTIVE,2026-08-27T13:12:16.887Z,2026-08-28T05:36:33.582Z,2026-08-27T13:12:16.887Z,2026-08-28T05:30:22.850Z
cmtbjledc009v4diruk95a0ux,UP78YX2300,SCOOTER,,34.5,ACTIVE,2026-08-13T02:26:00.000Z,2026-08-28T05:34:22.754Z,2026-08-27T13:12:16.887Z,2026-08-28T05:29:25.955Z
cmtbjledc009w4dir9v82l2in,UP99RT4632,CAR,,55,ACTIVE,2026-08-27T13:12:16.887Z,2026-08-28T17:02:22.075Z,2026-08-27T13:12:16.887Z,2026-08-28T04:41:47.826Z
cmtbjledc009x4dirggla1i6q,UP43VK8008,TRUCK,,30.8,ACTIVE,2026-08-17T06:42:00.000Z,2026-08-27T16:06:44.093Z,2026-08-27T13:12:16.887Z,2026-08-27T18:50:50.240Z
cmtbjledc009y4dir7sixvqs1,UP56KO6144,CAR,,43.5,ACTIVE,2026-08-27T13:12:16.887Z,2026-08-27T16:03:14.435Z,2026-08-27T13:12:16.887Z,2026-08-27T18:50:50.240Z
cmtbjledc009z4dir2zyn0v19,UP82QO4271,VAN,,45.1,ACTIVE,2026-08-27T13:12:16.887Z,2026-08-28T06:18:38.396Z,2026-08-27T13:12:16.887Z,2026-08-28T05:19:55.854Z
cmtbjledc00a04dirahl94a0q,UP47WK3838,TRUCK,,23.8,ACTIVE,2026-08-17T23:54:00.000Z,2026-08-28T07:58:26.741Z,2026-08-27T13:12:16.887Z,2026-08-28T07:59:05.110Z
cmtbjledc00a14dirnnlkifx7,UP50AF0346,SCOOTER,,32.5,ACTIVE,2026-08-21T02:35:00.000Z,2026-08-27T17:33:39.256Z,2026-08-27T13:12:16.887Z,2026-08-27T18:50:50.240Z
cmtbjledc00a24dird70bmnfw,UP65WO5323,AUTO,,21.4,ACTIVE,2026-08-15T05:28:00.000Z,2026-08-27T17:30:37.068Z,2026-08-27T13:12:16.887Z,2026-08-27T18:50:50.240Z
cmtbjledc00a34dir160imdr1,UP17GZ0007,CAR,,45.8,ACTIVE,2026-08-27T13:12:16.887Z,2026-08-28T05:34:22.754Z,2026-08-27T13:12:16.887Z,2026-08-28T05:29:21.883Z
cmtbjledc00a44diry2r54pc9,UP22CE0179,CAR,,47.1,ACTIVE,2026-08-27T13:12:16.887Z,2026-08-27T18:44:40.655Z,2026-08-27T13:12:16.887Z,2026-08-27T18:50:50.240Z
cmtbjledc00a54diruob0mv14,MP50OR4016,CAR,,50.4,ACTIVE,2026-08-27T13:12:16.887Z,2026-08-28T08:12:39.933Z,2026-08-27T13:12:16.887Z,2026-08-28T08:05:51.843Z
cmtbjledc00a64direy8qtrqf,UP11KE9107,VAN,,40.3,ACTIVE,2026-08-27T13:12:16.887Z,2026-08-28T06:18:38.396Z,2026-08-27T13:12:16.887Z,2026-08-28T05:19:47.151Z
cmtbjledc00a74dir8d3rjtm7,BR01FU0080,CAR,,42.7,ACTIVE,2026-08-14T02:43:00.000Z,2026-08-28T08:10:57.395Z,2026-08-27T13:12:16.887Z,2026-08-28T08:04:54.700Z
cmtbjledc00a84dirdjf09wvb,UP82PR2948,CAR,,42.1,ACTIVE,2026-08-27T13:12:16.887Z,2026-08-27T18:44:40.655Z,2026-08-27T13:12:16.887Z,2026-08-27T18:50:50.240Z
cmtbjledc00a94dir8kvt0rls,UP64IZ4710,MOTORCYCLE,,38.5,ACTIVE,2026-08-27T13:12:16.887Z,2026-08-28T08:12:39.933Z,2026-08-27T13:12:16.887Z,2026-08-28T08:05:46.012Z
cmtbjledc00aa4dir846cc6gk,DL33CR7983,CAR,,46.9,ACTIVE,2026-08-13T01:33:08.628Z,2026-08-17T10:05:39.278Z,2026-08-27T13:12:16.887Z,2026-08-27T18:50:50.240Z
cmtbjledc00ab4dir1z65ozsj,MP81XE5236,MOTORCYCLE,,47.5,ACTIVE,2026-08-15T22:31:00.000Z,2026-08-27T15:19:45.062Z,2026-08-27T13:12:16.887Z,2026-08-27T18:50:50.240Z
cmtbjledc00ac4dir74izloyj,UP78KK5439,AUTO,,32.4,ACTIVE,2026-08-27T13:12:16.887Z,2026-08-28T17:06:14.455Z,2026-08-27T13:12:16.887Z,2026-08-28T04:43:51.956Z
cmtbjledc00ad4direzdo8xqd,CG38SS9436,MOTORCYCLE,,48.9,ACTIVE,2026-08-27T13:12:16.887Z,2026-08-28T08:13:36.309Z,2026-08-27T13:12:16.887Z,2026-08-28T08:06:07.404Z
cmtbjledc00ae4dirn9n5jnib,UP07VU7097,SCOOTER,,33.2,ACTIVE,2026-08-15T01:36:00.000Z,2026-08-28T06:20:00.924Z,2026-08-27T13:12:16.887Z,2026-08-28T05:20:35.984Z
cmtbjledc00af4dirsvsjmihl,UP62YA5525,VAN,,49.6,ACTIVE,2026-08-17T01:30:00.000Z,2026-08-28T08:11:41.587Z,2026-08-27T13:12:16.887Z,2026-08-28T08:05:09.302Z
cmtbjledc00ag4dirkv44b8sj,MP44UV3685,CAR,,40.9,ACTIVE,2026-08-27T13:12:16.887Z,2026-08-28T16:59:35.777Z,2026-08-27T13:12:16.887Z,2026-08-28T04:40:37.880Z
cmtbjledc00ah4dire2b2mpuu,UP28NQ2082,SCOOTER,,29.6,ACTIVE,2026-08-27T13:12:16.887Z,2026-08-28T05:34:58.958Z,2026-08-27T13:12:16.887Z,2026-08-28T05:29:42.918Z
cmtbjledc00ai4dirg1pziaze,UP57QF1260,SCOOTER,,25.4,ACTIVE,2026-08-27T13:12:16.887Z,2026-08-28T06:18:38.396Z,2026-08-27T13:12:16.887Z,2026-08-28T05:19:48.287Z
cmtbjledc00aj4dirzdoxtu3r,UP21FR2728,MOTORCYCLE,,39.6,ACTIVE,2026-08-27T13:12:16.887Z,2026-08-27T18:44:40.655Z,2026-08-27T13:12:16.887Z,2026-08-27T18:50:50.240Z
cmtbjledc00ak4dirvhvmiywf,UP63JD5592,CAR,,42.4,ACTIVE,2026-08-27T13:12:16.887Z,2026-08-28T05:34:22.754Z,2026-08-27T13:12:16.887Z,2026-08-28T05:29:17.623Z
cmtbjledc00al4dirwhsttmcy,DL17DX1268,SCOOTER,,30.4,ACTIVE,2026-08-14T01:47:00.000Z,2026-08-28T08:10:21.129Z,2026-08-27T13:12:16.887Z,2026-08-28T08:04:29.208Z
cmtbjledc00am4dirtrn7lcqr,UP75NQ2602,TRUCK,,34.3,ACTIVE,2026-08-23T05:08:00.000Z,2026-08-28T05:34:22.754Z,2026-08-27T13:12:16.887Z,2026-08-28T05:29:25.055Z
cmtbjledc00an4dir3bvdhn3p,UP89AJ1447,CAR,,40.7,ACTIVE,2026-08-27T13:12:16.887Z,2026-08-28T06:18:38.396Z,2026-08-27T13:12:16.887Z,2026-08-28T05:19:48.587Z
cmtbjledc00ao4dirkcde7066,UP92XA3621,CAR,,43,ACTIVE,2026-08-15T22:41:56.574Z,2026-08-28T05:34:22.754Z,2026-08-27T13:12:16.887Z,2026-08-28T05:29:22.631Z
cmtbjledc00ap4dirgtvz4zkf,BR61VO5153,CAR,,50.6,ACTIVE,2026-08-27T13:12:16.887Z,2026-08-27T17:33:07.218Z,2026-08-27T13:12:16.887Z,2026-08-27T18:50:50.240Z
cmtbjledc00aq4dirmysvuflk,UP23NC4451,CAR,,46.2,ACTIVE,2026-08-13T06:26:00.000Z,2026-08-27T18:07:41.934Z,2026-08-27T13:12:16.887Z,2026-08-27T18:50:50.240Z
cmtbjledc00ar4diriavptz4e,UP29QL9396,AUTO,,23.9,ACTIVE,2026-08-16T23:41:00.000Z,2026-08-27T18:44:40.655Z,2026-08-27T13:12:16.887Z,2026-08-27T18:50:50.240Z
cmtbjledc00as4dirhs0nvxpy,UP48WN7265,AUTO,,29.3,ACTIVE,2026-08-27T13:12:16.887Z,2026-08-28T08:12:39.933Z,2026-08-27T13:12:16.887Z,2026-08-28T08:05:47.237Z
cmtbjledc00at4dirui4comjo,UP53MM6842,CAR,,39.5,ACTIVE,2026-08-27T13:12:16.887Z,2026-08-28T08:09:02.469Z,2026-08-27T13:12:16.887Z,2026-08-28T08:03:50.729Z
cmtbjledc00au4dirylsjsbug,UP52MD6133,MOTORCYCLE,,37.4,ACTIVE,2026-08-27T13:12:16.887Z,2026-08-28T08:09:02.469Z,2026-08-27T13:12:16.887Z,2026-08-28T08:03:49.063Z
cmtbjledc00av4dirgecyzev2,UP53ZE5210,AUTO,,23.9,ACTIVE,2026-08-19T22:53:00.000Z,2026-08-27T17:31:47.138Z,2026-08-27T13:12:16.887Z,2026-08-27T18:50:50.240Z
cmtbjledc00aw4dir3midu0qk,UP21SS3791,CAR,,44,ACTIVE,2026-08-27T13:12:16.887Z,2026-08-28T08:11:41.587Z,2026-08-27T13:12:16.887Z,2026-08-28T08:05:10.470Z
cmtbjledc00ax4dirss9h8ptx,UP32JD6830,BUS,,24.9,ACTIVE,2026-08-27T13:12:16.887Z,2026-08-28T08:09:02.469Z,2026-08-27T13:12:16.887Z,2026-08-28T08:03:57.480Z
cmtbjledc00ay4dirjeg6i1ow,DL19CH6400,CAR,,46.6,ACTIVE,2026-08-27T13:12:16.887Z,2026-08-28T06:15:31.256Z,2026-08-27T13:12:16.887Z,2026-08-28T05:18:21.106Z
cmtbjledd00az4dirlsnuxki6,UP88PD8399,MOTORCYCLE,,35.2,ACTIVE,2026-08-27T13:12:16.887Z,2026-08-28T06:17:03.782Z,2026-08-27T13:12:16.887Z,2026-08-28T05:19:10.186Z
cmtbjledd00b04diruqibe657,UP51FB0019,VAN,,43.1,ACTIVE,2026-08-27T13:12:16.887Z,2026-08-28T08:10:57.395Z,2026-08-27T13:12:16.887Z,2026-08-28T08:04:55.522Z
cmtbjledd00b14dirp3a9zcfr,UP32UJ5435,CAR,,42.3,ACTIVE,2026-08-27T13:12:16.887Z,2026-08-28T05:34:22.754Z,2026-08-27T13:12:16.887Z,2026-08-28T05:29:22.578Z
cmtbjledd00b24dir183spmwu,UP95MK9569,CAR,,45.7,ACTIVE,2026-08-27T13:12:16.887Z,2026-08-28T08:10:57.395Z,2026-08-27T13:12:16.887Z,2026-08-28T08:04:57.979Z
cmtbjledd00b34dir0ez2njtw,UP96TD0582,AUTO,,34.2,ACTIVE,2026-08-27T13:12:16.887Z,2026-08-27T15:43:48.591Z,2026-08-27T13:12:16.887Z,2026-08-27T18:50:50.240Z
cmtbjledd00b44dir5llrvrrn,DL29KH1182,SCOOTER,,25.6,ACTIVE,2026-08-27T13:12:16.887Z,2026-08-28T05:34:22.754Z,2026-08-27T13:12:16.887Z,2026-08-28T05:29:16.452Z
cmtbjledd00b54dirsyhyi07r,UP23LZ4426,TRUCK,,34.4,ACTIVE,2026-08-13T00:58:00.000Z,2026-08-28T06:19:20.658Z,2026-08-27T13:12:16.887Z,2026-08-28T05:20:09.124Z
cmtbjledd00b64dir5jkqcgmf,UP56AI3382,CAR,,43.3,ACTIVE,2026-08-27T13:12:16.887Z,2026-08-27T15:18:12.986Z,2026-08-27T13:12:16.887Z,2026-08-27T18:50:50.240Z
cmtbjledd00b74dirro4lyazt,UP21WJ7309,AUTO,,20.6,ACTIVE,2026-08-27T13:12:16.887Z,2026-08-28T17:06:14.455Z,2026-08-27T13:12:16.887Z,2026-08-28T04:43:57.223Z
cmtbjledd00b84dirs9dazybi,UP83RK4752,TRUCK,,36.4,ACTIVE,2026-08-12T22:44:00.000Z,2026-08-28T17:02:22.075Z,2026-08-27T13:12:16.887Z,2026-08-28T04:41:54.235Z
cmtbjledd00b94dir8hu163ya,UP44ML1493,CAR,,40.3,ACTIVE,2026-08-14T05:13:00.000Z,2026-08-28T08:12:39.933Z,2026-08-27T13:12:16.887Z,2026-08-28T08:05:52.866Z
cmtbjledd00ba4dirrxgoufk1,UP81UQ3567,CAR,,49.9,ACTIVE,2026-08-27T13:12:16.887Z,2026-08-28T06:20:00.924Z,2026-08-27T13:12:16.887Z,2026-08-28T05:20:29.701Z
cmtbjledd00bb4dircrcmpsie,MP27DS0548,AUTO,,34.8,ACTIVE,2026-08-18T22:33:00.000Z,2026-08-27T18:07:41.934Z,2026-08-27T13:12:16.887Z,2026-08-27T18:50:50.240Z
cmtbjledd00bc4dirjs5qlch2,UP95YU1563,CAR,,47.5,ACTIVE,2026-08-16T00:01:00.000Z,2026-08-27T18:44:40.655Z,2026-08-27T13:12:16.887Z,2026-08-27T18:50:50.240Z
cmtbjledd00bd4dirn43ul0tv,HR28OR7630,CAR,,45.7,ACTIVE,2026-08-27T13:12:16.887Z,2026-08-28T17:03:18.185Z,2026-08-27T13:12:16.887Z,2026-08-28T04:42:15.677Z
cmtbjledd00be4dir2686whj1,RJ66UF7675,CAR,,48.8,ACTIVE,2026-08-27T13:12:16.887Z,2026-08-27T16:07:42.821Z,2026-08-27T13:12:16.887Z,2026-08-27T18:50:50.240Z
cmtbjledd00bf4dirvzaksiud,BR50XH1933,CAR,,49.2,ACTIVE,2026-08-27T13:12:16.887Z,2026-08-28T05:35:45.262Z,2026-08-27T13:12:16.887Z,2026-08-28T05:30:10.362Z
cmtbjledd00bg4dirulb4pshe,UP25SX1289,CAR,,39.7,ACTIVE,2026-08-27T13:12:16.887Z,2026-08-28T06:19:20.658Z,2026-08-27T13:12:16.887Z,2026-08-28T05:20:09.370Z
cmtbjledd00bh4diryenqhxc5,UP09DV3823,CAR,,54.5,ACTIVE,2026-08-27T13:12:16.887Z,2026-08-27T18:05:49.828Z,2026-08-27T13:12:16.887Z,2026-08-27T18:50:50.240Z
cmtbjledd00bi4dirjxbhi2mq,UP11KA6455,BUS,,34.4,ACTIVE,2026-08-27T13:12:16.887Z,2026-08-28T17:04:10.269Z,2026-08-27T13:12:16.887Z,2026-08-28T04:42:42.387Z
cmtbjledd00bj4diroxa6zp4t,MP47VZ9481,CAR,,43.5,ACTIVE,2026-08-17T03:08:00.000Z,2026-08-28T06:20:00.924Z,2026-08-27T13:12:16.887Z,2026-08-28T05:20:29.677Z
cmtbjledd00bk4direvb9oze5,BR59OR1803,CAR,,37.6,ACTIVE,2026-08-19T07:55:00.000Z,2026-08-27T17:34:11.284Z,2026-08-27T13:12:16.887Z,2026-08-27T18:50:50.240Z
cmtbjledd00bl4dir38diuch1,UP55FO5941,MOTORCYCLE,,38.4,ACTIVE,2026-08-19T06:07:00.000Z,2026-08-27T18:44:40.655Z,2026-08-27T13:12:16.887Z,2026-08-27T18:50:50.240Z
cmtbjledd00bm4dir4806iazd,RJ43VL3566,CAR,,49,ACTIVE,2026-08-19T05:41:00.000Z,2026-08-28T17:02:22.075Z,2026-08-27T13:12:16.887Z,2026-08-28T04:42:00.652Z
cmtbjledd00bn4dirw5mb5ou8,UP13IQ2909,MOTORCYCLE,,44.8,ACTIVE,2026-08-27T13:12:16.887Z,2026-08-28T06:22:05.836Z,2026-08-27T13:12:16.887Z,2026-08-28T05:21:33.140Z
cmtbjledd00bo4dirxgd3k2b5,UP39HU4430,SCOOTER,,27.8,ACTIVE,2026-08-27T13:12:16.887Z,2026-08-27T18:44:40.655Z,2026-08-27T13:12:16.887Z,2026-08-27T18:50:50.240Z
cmtbjledd00bp4diru0wd0uyq,UP83WZ9259,AUTO,,32,ACTIVE,2026-08-20T07:30:00.000Z,2026-08-28T06:22:05.836Z,2026-08-27T13:12:16.887Z,2026-08-28T05:21:38.156Z
cmtbjledd00bq4diriamgeo3v,UP91KF6897,TAXI,,48.2,ACTIVE,2026-08-15T06:57:50.435Z,2026-08-28T05:34:58.958Z,2026-08-27T13:12:16.887Z,2026-08-28T05:29:35.835Z
cmtbjledd00br4dir27i37vvg,UP32GE5196,CAR,,47.2,ACTIVE,2026-08-13T15:10:00.000Z,2026-08-28T08:13:36.309Z,2026-08-27T13:12:16.887Z,2026-08-28T08:06:08.224Z
cmtbjledd00bs4dirnptbykvj,UP06BY9658,MOTORCYCLE,,32.6,ACTIVE,2026-08-14T22:32:00.000Z,2026-08-27T18:44:40.655Z,2026-08-27T13:12:16.887Z,2026-08-27T18:50:50.240Z
cmtbjledd00bt4dir8vefyfop,CG31KV6500,CAR,,47.3,ACTIVE,2026-08-27T13:12:16.887Z,2026-08-28T05:35:45.262Z,2026-08-27T13:12:16.887Z,2026-08-28T05:29:58.486Z
cmtbjledd00bu4dirrl4i1ils,HR34DT7284,TRUCK,,31.9,ACTIVE,2026-08-27T13:12:16.887Z,2026-08-28T17:04:10.269Z,2026-08-27T13:12:16.887Z,2026-08-28T04:43:27.890Z
cmtbjledd00bv4dirvzx1vy5r,BR47AP0579,CAR,,49,ACTIVE,2026-08-18T13:03:00.000Z,2026-08-28T05:34:22.754Z,2026-08-27T13:12:16.887Z,2026-08-28T05:29:25.055Z
cmtbjledd00bw4dirnu6i4r2v,UP72FH0305,CAR,,44.1,ACTIVE,2026-08-27T13:12:16.887Z,2026-08-28T08:12:39.933Z,2026-08-27T13:12:16.887Z,2026-08-28T08:05:54.097Z
cmtbjledd00bx4dirkk0yogb2,BR07SS5804,MOTORCYCLE,,47.8,ACTIVE,2026-08-27T13:12:16.887Z,2026-08-27T18:44:40.655Z,2026-08-27T13:12:16.887Z,2026-08-27T18:50:50.240Z
cmtbjledd00by4dir6l13uzqb,UP36TH8414,MOTORCYCLE,,52.9,ACTIVE,2026-08-27T13:12:16.887Z,2026-08-28T05:35:45.262Z,2026-08-27T13:12:16.887Z,2026-08-28T05:30:05.750Z
cmtbjledd00bz4dirco367kr6,DL88IE8463,CAR,,43.7,ACTIVE,2026-08-27T13:12:16.887Z,2026-08-27T15:46:01.385Z,2026-08-27T13:12:16.887Z,2026-08-27T18:50:50.240Z
cmtbjledd00c04dir6twcaak0,UP19QE8849,TRUCK,,33.5,ACTIVE,2026-08-14T03:13:00.000Z,2026-08-28T05:36:33.582Z,2026-08-27T13:12:16.887Z,2026-08-28T05:30:23.263Z
cmtbjledd00c14dirr28nivkh,UP87UT8868,CAR,,45.8,ACTIVE,2026-08-12T23:13:00.000Z,2026-08-28T08:11:41.587Z,2026-08-27T13:12:16.887Z,2026-08-28T08:05:08.837Z
cmtbjledd00c24dirmsjhvu42,UP64KA5056,BUS,,34,ACTIVE,2026-08-27T13:12:16.887Z,2026-08-27T18:07:07.902Z,2026-08-27T13:12:16.887Z,2026-08-27T18:50:50.240Z
cmtbjledd00c34dirkzwfluyx,UP69YB7729,CAR,,53.1,ACTIVE,2026-08-24T08:52:00.000Z,2026-08-28T17:03:18.185Z,2026-08-27T13:12:16.887Z,2026-08-28T04:42:23.548Z
cmtbjledd00c44diruar1a073,UP23UC7663,CAR,,43.5,ACTIVE,2026-08-27T13:12:16.887Z,2026-08-28T05:36:33.582Z,2026-08-27T13:12:16.887Z,2026-08-28T05:30:22.200Z
cmtbjledd00c54dir5quxfag8,MP72AD3259,SCOOTER,,42.7,ACTIVE,2026-08-23T13:51:00.000Z,2026-08-28T08:12:39.933Z,2026-08-27T13:12:16.887Z,2026-08-28T08:05:53.272Z
cmtbjledd00c64dirpur1hdgi,HR36YK4326,CAR,,56.4,ACTIVE,2026-08-15T05:24:00.000Z,2026-08-28T06:17:03.782Z,2026-08-27T13:12:16.887Z,2026-08-28T05:19:08.523Z
cmtbjledd00c74dir8n3w2589,DL45HF7887,AUTO,,36.9,ACTIVE,2026-08-27T13:12:16.887Z,2026-08-28T06:22:05.836Z,2026-08-27T13:12:16.887Z,2026-08-28T05:21:32.340Z
cmtbjledd00c84dirhyqh6ti5,UP54XY7488,CAR,,39.5,ACTIVE,2026-08-27T13:12:16.887Z,2026-08-28T05:33:34.412Z,2026-08-27T13:12:16.887Z,2026-08-28T05:28:52.759Z
cmtbjledd00c94dirq3afzhf5,UP61OT7547,VAN,,43.8,ACTIVE,2026-08-18T01:32:00.000Z,2026-08-28T17:01:31.981Z,2026-08-27T13:12:16.887Z,2026-08-28T04:41:27.442Z
cmtbjledd00ca4dir125n1j9b,UP60JL9452,SCOOTER,,31.1,ACTIVE,2026-08-27T13:12:16.887Z,2026-08-28T17:06:14.455Z,2026-08-27T13:12:16.887Z,2026-08-28T04:43:52.266Z
cmtbjledd00cb4dirkpquagct,UP66JY3816,AUTO,,33.6,ACTIVE,2026-08-23T09:53:00.000Z,2026-08-28T08:09:42.787Z,2026-08-27T13:12:16.887Z,2026-08-28T08:04:10.976Z
cmtbjledd00cc4dir0qpvjrub,UP20WQ7710,VAN,,48.8,ACTIVE,2026-08-20T07:16:00.000Z,2026-08-28T08:09:02.469Z,2026-08-27T13:12:16.887Z,2026-08-28T08:03:56.643Z
cmtbjledd00cd4dirmem7p5bx,UP28QV6132,MOTORCYCLE,,45.6,ACTIVE,2026-08-27T13:12:16.887Z,2026-08-28T05:32:46.174Z,2026-08-27T13:12:16.887Z,2026-08-28T05:28:29.394Z
cmtbjledd00ce4dirykaymgq8,UP84KQ4738,BUS,,35.2,ACTIVE,2026-08-19T08:06:00.000Z,2026-08-28T05:32:07.976Z,2026-08-27T13:12:16.887Z,2026-08-28T05:28:11.885Z
cmtbjledd00cf4dird190p2ha,UP36EI6727,MOTORCYCLE,,56.1,ACTIVE,2026-08-22T07:29:00.000Z,2026-08-28T06:17:03.782Z,2026-08-27T13:12:16.887Z,2026-08-28T05:19:08.502Z
cmtbjledd00cg4dirfeyi57nm,UP75XH5019,CAR,,50.7,ACTIVE,2026-08-27T13:12:16.887Z,2026-08-28T17:06:14.455Z,2026-08-27T13:12:16.887Z,2026-08-28T04:43:52.981Z
cmtbjledd00ch4dir2agswtty,UP40CZ3315,CAR,,34.3,ACTIVE,2026-08-27T13:12:16.887Z,2026-08-28T06:21:23.610Z,2026-08-27T13:12:16.887Z,2026-08-28T05:21:11.534Z
cmtbjledd00ci4diri3wtur18,UP47QI3427,SCOOTER,,28.8,ACTIVE,2026-08-19T12:56:00.000Z,2026-08-27T17:33:39.256Z,2026-08-27T13:12:16.887Z,2026-08-27T18:50:50.240Z
cmtbjledd00cj4dir34cuj555,UP64HF7057,CAR,,48.1,ACTIVE,2026-08-27T13:12:16.887Z,2026-08-28T05:35:45.262Z,2026-08-27T13:12:16.887Z,2026-08-28T05:30:00.635Z
cmtbjledd00ck4diruyphb7o1,RJ69UQ4076,MOTORCYCLE,,46.5,ACTIVE,2026-08-20T02:26:00.000Z,2026-08-28T16:59:35.777Z,2026-08-27T13:12:16.887Z,2026-08-28T04:40:38.866Z
cmtbjledd00cl4dir5ui4pvau,MP13HI3973,CAR,,44.6,ACTIVE,2026-08-27T13:12:16.887Z,2026-08-27T18:05:49.828Z,2026-08-27T13:12:16.887Z,2026-08-27T18:50:50.240Z
cmtbjledd00cm4dirwtydsuty,UP36EC2781,CAR,,55.5,ACTIVE,2026-08-20T01:02:00.000Z,2026-08-28T05:34:22.754Z,2026-08-27T13:12:16.887Z,2026-08-28T05:29:25.972Z
cmtbjledd00cn4dir38qs15nu,MP85UZ9995,CAR,,36.4,ACTIVE,2026-08-19T01:50:00.000Z,2026-08-28T06:17:50.098Z,2026-08-27T13:12:16.887Z,2026-08-28T05:19:34.518Z
cmtbjledd00co4dirr66gf8us,MP90WK0147,MOTORCYCLE,,41.2,ACTIVE,2026-08-17T05:24:00.000Z,2026-08-28T06:20:41.236Z,2026-08-27T13:12:16.887Z,2026-08-28T05:20:49.336Z
cmtbjledd00cp4diriws3kvfj,RJ40MG1316,CAR,,36.6,ACTIVE,2026-08-27T13:12:16.887Z,2026-08-27T18:06:29.872Z,2026-08-27T13:12:16.887Z,2026-08-27T18:50:50.240Z
cmtbjledd00cq4diruoriux4l,UP84NG1495,CAR,,49.3,ACTIVE,2026-08-23T11:43:00.000Z,2026-08-28T06:22:05.836Z,2026-08-27T13:12:16.887Z,2026-08-28T05:21:38.981Z
cmtbjledd00cr4dirjpcsqz4y,UP83WY5670,AUTO,,26.2,ACTIVE,2026-08-27T13:12:16.887Z,2026-08-28T08:08:32.295Z,2026-08-27T13:12:16.887Z,2026-08-28T08:03:39.786Z
cmtbjledd00cs4dirnctbxwzf,UP87MU5104,CAR,,52.1,ACTIVE,2026-08-20T03:13:00.000Z,2026-08-28T06:22:05.836Z,2026-08-27T13:12:16.887Z,2026-08-28T05:21:38.152Z
cmtbjledd00ct4dirojkkwa95,DL20BG5010,CAR,,49.1,ACTIVE,2026-08-20T07:56:00.000Z,2026-08-27T15:11:37.733Z,2026-08-27T13:12:16.887Z,2026-08-27T18:50:50.240Z
cmtbjledd00cu4dirvi95mzbo,UP04CP7133,CAR,,51.2,ACTIVE,2026-08-27T13:12:16.887Z,2026-08-28T08:12:39.933Z,2026-08-27T13:12:16.887Z,2026-08-28T08:05:48.473Z
cmtbjledd00cv4dirznksqqsu,UP74XX8514,CAR,,45.3,ACTIVE,2026-08-27T13:12:16.887Z,2026-08-27T15:46:45.435Z,2026-08-27T13:12:16.887Z,2026-08-27T18:50:50.240Z
cmtbjledd00cw4dir58rroy1z,UP34DP0705,CAR,,42.7,ACTIVE,2026-08-13T02:35:00.000Z,2026-08-27T15:18:12.986Z,2026-08-27T13:12:16.887Z,2026-08-27T18:50:50.240Z
cmtbjledd00cx4dir2h0xbk4z,HR75HP5434,CAR,,42.1,ACTIVE,2026-08-15T22:50:07.737Z,2026-08-28T05:34:22.754Z,2026-08-27T13:12:16.887Z,2026-08-28T05:29:18.134Z
cmtbjledd00cy4dirqlsj2jyb,UP09EQ3728,TRUCK,,36.4,ACTIVE,2026-08-27T13:12:16.887Z,2026-08-28T05:34:58.958Z,2026-08-27T13:12:16.887Z,2026-08-28T05:29:34.940Z
cmtbjledd00cz4dirixyxs7gl,BR64NK2870,SCOOTER,,24.4,ACTIVE,2026-08-27T13:12:16.887Z,2026-08-27T18:06:29.872Z,2026-08-27T13:12:16.887Z,2026-08-27T18:50:50.240Z
cmtbjledd00d04dirchz86lx3,UP61DK5543,AUTO,,24.5,ACTIVE,2026-08-15T09:37:00.000Z,2026-08-27T18:44:40.655Z,2026-08-27T13:12:16.887Z,2026-08-27T18:50:50.240Z
cmtbjlede00d14dirf1q170kb,UP49JL2364,CAR,,51,ACTIVE,2026-08-27T13:12:16.887Z,2026-08-28T05:32:46.174Z,2026-08-27T13:12:16.887Z,2026-08-28T05:28:29.395Z
cmtbjlede00d24diruxfswe1n,UP94KC2197,CAR,,55.5,ACTIVE,2026-08-27T13:12:16.887Z,2026-08-28T17:04:10.269Z,2026-08-27T13:12:16.887Z,2026-08-28T04:42:48.261Z
cmtbjlede00d34dir2eez3m24,UP60GU4323,AUTO,,26.4,ACTIVE,2026-08-20T04:44:00.000Z,2026-08-27T18:03:57.726Z,2026-08-27T13:12:16.887Z,2026-08-27T18:50:50.240Z
cmtbjlede00d44diruotokdc6,CG70HG4607,TRUCK,,29.9,ACTIVE,2026-08-20T02:25:22.729Z,2026-08-28T17:06:14.455Z,2026-08-27T13:12:16.887Z,2026-08-28T04:43:57.230Z
cmtbjlede00d54diromfvulum,BR29AF8864,CAR,,37.7,ACTIVE,2026-08-27T13:12:16.887Z,2026-08-28T06:17:50.098Z,2026-08-27T13:12:16.887Z,2026-08-28T05:19:24.336Z
cmtbjlede00d64dirzjzjyuk0,UP82VS8744,AUTO,,29.9,ACTIVE,2026-08-27T13:12:16.887Z,2026-08-28T17:04:10.269Z,2026-08-27T13:12:16.887Z,2026-08-28T04:42:42.414Z
cmtbjlede00d74dird3hbf9g2,UP99IG8841,CAR,,57.3,ACTIVE,2026-08-18T02:20:00.000Z,2026-08-28T17:06:14.455Z,2026-08-27T13:12:16.887Z,2026-08-28T04:43:59.230Z
cmtbjlede00d84dirfsuav523,UP04OR2809,VAN,,41.3,ACTIVE,2026-08-27T13:12:16.887Z,2026-08-28T06:22:05.836Z,2026-08-27T13:12:16.887Z,2026-08-28T05:21:33.144Z
cmtbjlede00d94dirmdics98y,UP10RM3665,SCOOTER,,30,ACTIVE,2026-08-27T13:12:16.887Z,2026-08-27T18:44:40.655Z,2026-08-27T13:12:16.887Z,2026-08-27T18:50:50.240Z
cmtbjlede00da4dirb0bmnups,UP20DI8896,AUTO,,34.8,ACTIVE,2026-08-27T13:12:16.887Z,2026-08-28T05:34:22.754Z,2026-08-27T13:12:16.887Z,2026-08-28T05:29:18.134Z
cmtbjlede00db4dir9iy1ibtt,UP59GV4214,TRUCK,,24.3,ACTIVE,2026-08-27T13:12:16.887Z,2026-08-28T08:09:02.469Z,2026-08-27T13:12:16.887Z,2026-08-28T08:03:50.088Z
cmtbjlede00dc4dirnx3rlgis,UP40KK6435,SCOOTER,,29.2,ACTIVE,2026-08-27T13:12:16.887Z,2026-08-28T08:10:21.129Z,2026-08-27T13:12:16.887Z,2026-08-28T08:04:32.788Z
cmtbjlede00dd4dirfxqyrrfc,UP32SK7802,CAR,,49.7,ACTIVE,2026-08-16T00:16:00.000Z,2026-08-28T05:35:45.262Z,2026-08-27T13:12:16.887Z,2026-08-28T05:30:05.380Z
cmtbjlede00de4dir5njgb97i,UP23RN7323,CAR,,51.9,ACTIVE,2026-08-27T13:12:16.887Z,2026-08-28T17:04:10.269Z,2026-08-27T13:12:16.887Z,2026-08-28T04:42:42.387Z
cmtbjlede00df4dir9rtuy7jg,HR15IC0841,CAR,,48.2,ACTIVE,2026-08-27T13:12:16.887Z,2026-08-28T17:02:22.075Z,2026-08-27T13:12:16.887Z,2026-08-28T04:41:47.826Z
cmtbjlede00dg4dirz6iyuyye,UP33PD8887,VAN,,41.7,ACTIVE,2026-08-27T13:12:16.887Z,2026-08-27T15:46:45.435Z,2026-08-27T13:12:16.887Z,2026-08-27T18:50:50.240Z
cmtbjlede00dh4dirvn60cy8o,UP24GA3815,CAR,,46.1,ACTIVE,2026-08-18T22:53:00.000Z,2026-08-27T15:42:44.537Z,2026-08-27T13:12:16.887Z,2026-08-27T18:50:50.240Z
cmtbjlede00di4dirjgwha6jw,DL90OD6110,AUTO,,33.7,ACTIVE,2026-08-27T13:12:16.887Z,2026-08-28T05:32:46.174Z,2026-08-27T13:12:16.887Z,2026-08-28T05:28:28.640Z
cmtbjlede00dj4dirz22ztcyu,UP88WJ1398,CAR,,33,ACTIVE,2026-08-27T13:12:16.887Z,2026-08-27T18:06:29.872Z,2026-08-27T13:12:16.887Z,2026-08-27T18:50:50.240Z
cmtbjlede00dk4dirn7riwgng,RJ25GG9644,CAR,,53.6,ACTIVE,2026-08-16T07:07:00.000Z,2026-08-28T08:12:39.933Z,2026-08-27T13:12:16.887Z,2026-08-28T08:05:46.010Z
cmtbjlede00dl4dir1b5dgqvt,UP47ZQ8262,CAR,,51.2,ACTIVE,2026-08-27T13:12:16.887Z,2026-08-27T18:44:40.655Z,2026-08-27T13:12:16.887Z,2026-08-27T18:50:50.240Z
cmtbjlede00dm4direv7lgpjx,UP16DN6636,CAR,,47.6,ACTIVE,2026-08-27T13:12:16.887Z,2026-08-28T08:06:57.707Z,2026-08-27T13:12:16.887Z,2026-08-28T08:02:54.348Z
cmtbjlede00dn4dirniuo2g2k,CG10QU1413,TRUCK,,34.5,ACTIVE,2026-08-23T04:23:00.000Z,2026-08-28T05:33:34.412Z,2026-08-27T13:12:16.887Z,2026-08-28T05:28:54.314Z
cmtbjlede00do4diru51c4vid,UP83VW7846,MOTORCYCLE,,40.9,ACTIVE,2026-08-27T13:12:16.887Z,2026-08-27T18:06:29.872Z,2026-08-27T13:12:16.887Z,2026-08-27T18:50:50.240Z
cmtbjlede00dp4dirxerme5gl,UP36OQ0863,CAR,,53.5,ACTIVE,2026-08-13T09:17:00.000Z,2026-08-28T06:22:05.836Z,2026-08-27T13:12:16.887Z,2026-08-28T05:21:41.326Z
cmtbjlede00dq4diri1q57z64,UP94DR2711,CAR,,39.8,ACTIVE,2026-08-27T13:12:16.887Z,2026-08-27T18:07:41.934Z,2026-08-27T13:12:16.887Z,2026-08-27T18:50:50.240Z
cmtbjlede00dr4dirledkvtqj,MP54WW5280,CAR,,46.3,ACTIVE,2026-08-27T13:12:16.887Z,2026-08-28T08:10:21.129Z,2026-08-27T13:12:16.887Z,2026-08-28T08:04:35.038Z
cmtbjlede00ds4dirjpn4birh,CG57TM4393,CAR,,46.9,ACTIVE,2026-08-27T13:12:16.887Z,2026-08-28T08:11:41.587Z,2026-08-27T13:12:16.887Z,2026-08-28T08:05:16.821Z
cmtbjlede00dt4dir7ffftk1x,UP55PO6016,CAR,,49,ACTIVE,2026-08-27T13:12:16.887Z,2026-08-28T06:20:41.236Z,2026-08-27T13:12:16.887Z,2026-08-28T05:20:59.274Z
cmtbjlede00du4dirpdcwwo3q,UP99RJ5120,AUTO,,18.7,ACTIVE,2026-08-14T09:12:00.000Z,2026-08-28T06:20:00.924Z,2026-08-27T13:12:16.887Z,2026-08-28T05:20:37.884Z
cmtbjlede00dv4dirhwbeuob1,UP58CI4742,CAR,,50.4,ACTIVE,2026-08-27T13:12:16.887Z,2026-08-28T06:21:23.610Z,2026-08-27T13:12:16.887Z,2026-08-28T05:21:10.090Z
cmtbl1x600000k1irmmhsyh29,UP67CL0994,CAR,,44.9,ACTIVE,2026-08-13T03:09:00.000Z,2026-08-27T17:34:41.312Z,2026-08-27T13:53:07.368Z,2026-08-27T18:50:50.240Z
cmtbl1x620001k1ir1fw4b0bd,UP57RP7790,CAR,,47.3,ACTIVE,2026-08-13T13:50:00.000Z,2026-08-28T06:20:00.924Z,2026-08-27T13:53:07.368Z,2026-08-28T05:20:35.302Z
cmtbl1x620002k1ircjqrk2is,RJ45YO3398,CAR,,49.5,ACTIVE,2026-08-13T03:16:00.000Z,2026-08-28T06:22:05.836Z,2026-08-27T13:53:07.368Z,2026-08-28T05:21:38.156Z
cmtbl1x620003k1ir3x4zoyp9,UP81BS2124,MOTORCYCLE,,40.7,ACTIVE,2026-08-13T01:19:00.000Z,2026-08-28T05:34:22.754Z,2026-08-27T13:53:07.368Z,2026-08-28T05:29:17.622Z
cmtbl1x620004k1ir7dxh3976,UP06NE5512,CAR,,44.7,ACTIVE,2026-08-13T09:45:00.000Z,2026-08-28T16:59:35.777Z,2026-08-27T13:53:07.368Z,2026-08-28T04:40:31.346Z
cmtbl1x620005k1irq4m0td8v,UP28XY6432,SCOOTER,,29.4,ACTIVE,2026-08-13T03:33:00.000Z,2026-08-28T08:11:41.587Z,2026-08-27T13:53:07.368Z,2026-08-28T08:05:08.423Z
cmtbl1x620006k1irnnoki81m,UP20BC6688,TRUCK,,33.4,ACTIVE,2026-08-13T08:21:00.000Z,2026-08-28T05:34:58.958Z,2026-08-27T13:53:07.368Z,2026-08-28T05:29:35.833Z
cmtbl1x620007k1irt3tw8400,DL94TR4547,CAR,,47.2,ACTIVE,2026-08-12T22:50:00.000Z,2026-08-28T06:21:23.610Z,2026-08-27T13:53:07.368Z,2026-08-28T05:21:18.708Z
cmtbl1x620008k1irt4flo2gu,UP85DU4511,MOTORCYCLE,,44.1,ACTIVE,2026-08-13T04:46:00.000Z,2026-08-27T17:31:47.138Z,2026-08-27T13:53:07.368Z,2026-08-27T18:50:50.240Z
cmtbl1x620009k1ireg5mthh8,DL44EF7084,TRUCK,,,ACTIVE,2026-08-13T02:56:00.000Z,2026-08-21T14:53:15.227Z,2026-08-27T13:53:07.368Z,2026-08-27T18:50:50.240Z
cmtbl1x62000ak1irv56dyjox,UP10KG3810,MOTORCYCLE,,37.2,ACTIVE,2026-08-13T02:07:00.000Z,2026-08-27T16:07:34.463Z,2026-08-27T13:53:07.368Z,2026-08-27T18:50:50.240Z
cmtbl1x62000bk1iruouaighx,UP65DN1736,CAR,,48.3,ACTIVE,2026-08-13T02:53:00.000Z,2026-08-28T05:34:22.754Z,2026-08-27T13:53:07.368Z,2026-08-28T05:29:25.964Z
cmtbl1x62000ck1ir60fgfjjh,UP95OY0985,BUS,,34.1,ACTIVE,2026-08-13T02:08:00.000Z,2026-08-27T15:42:44.537Z,2026-08-27T13:53:07.368Z,2026-08-27T18:50:50.240Z
cmtbl1x62000dk1irqdldega0,UP29XM6020,CAR,,42.1,ACTIVE,2026-08-13T05:53:00.000Z,2026-08-28T08:12:39.933Z,2026-08-27T13:53:07.368Z,2026-08-28T08:05:47.237Z
cmtbl1x62000ek1ir3gyjtwbm,RJ67IR1359,CAR,,46.8,ACTIVE,2026-08-13T08:35:18.996Z,2026-08-27T17:33:07.218Z,2026-08-27T13:53:07.368Z,2026-08-27T18:50:50.240Z
cmtbl1x62000fk1ir1ilxmuco,UP68ON9383,AUTO,,35.7,ACTIVE,2026-08-13T01:43:00.000Z,2026-08-28T05:34:58.958Z,2026-08-27T13:53:07.368Z,2026-08-28T05:29:36.535Z
cmtbl1x62000gk1irf6np4xw4,BR41OF2177,CAR,,33.9,ACTIVE,2026-08-13T07:02:00.000Z,2026-08-28T06:20:00.924Z,2026-08-27T13:53:07.368Z,2026-08-28T05:20:30.886Z
cmtbl1x62000hk1ir2ob8t7xc,UP98YF1480,CAR,,44.7,ACTIVE,2026-08-13T02:09:51.731Z,2026-08-28T17:06:14.455Z,2026-08-27T13:53:07.368Z,2026-08-28T04:43:59.230Z
cmtbl1x62000ik1irmy7wltc1,UP35BU3727,MOTORCYCLE,,45.1,ACTIVE,2026-08-13T09:07:00.000Z,2026-08-27T18:02:35.654Z,2026-08-27T13:53:07.368Z,2026-08-27T18:50:50.240Z
cmtbl1x62000jk1ir68nsle7r,UP67VB4087,MOTORCYCLE,,43.8,ACTIVE,2026-08-13T00:32:00.000Z,2026-08-28T08:12:39.933Z,2026-08-27T13:53:07.368Z,2026-08-28T08:05:54.092Z
cmtbl1x63000kk1irg2aqbje7,UP36NO7867,SCOOTER,,27,ACTIVE,2026-08-13T16:26:00.000Z,2026-08-28T05:34:58.958Z,2026-08-27T13:53:07.368Z,2026-08-28T05:29:34.941Z
cmtbl1x63000lk1irf7x6j0ge,UP73PD9793,MOTORCYCLE,,35.7,ACTIVE,2026-08-13T07:08:00.000Z,2026-08-28T06:17:50.098Z,2026-08-27T13:53:07.368Z,2026-08-28T05:19:23.619Z
cmtbl1x63000mk1ir3zhpjjmr,UP55EO0184,SCOOTER,,32.5,ACTIVE,2026-08-13T06:57:00.000Z,2026-08-28T06:20:41.236Z,2026-08-27T13:53:07.368Z,2026-08-28T05:20:49.960Z
cmtbl1x63000nk1irfa2qqluz,UP19VN7057,CAR,,47.3,ACTIVE,2026-08-13T00:01:00.000Z,2026-08-28T06:20:41.236Z,2026-08-27T13:53:07.368Z,2026-08-28T05:20:49.953Z
cmtbl1x63000ok1irvnuzsl82,UP01DL8121,TRUCK,,25.6,ACTIVE,2026-08-13T07:10:00.000Z,2026-08-28T08:10:21.129Z,2026-08-27T13:53:07.368Z,2026-08-28T08:04:35.049Z
cmtbl1x63000pk1irnfw1yuaj,UP58QU4295,MOTORCYCLE,,46.5,ACTIVE,2026-08-12T22:30:00.000Z,2026-08-28T08:12:39.933Z,2026-08-27T13:53:07.368Z,2026-08-28T08:05:53.273Z
cmtbl1x63000qk1ir0qohxo7r,BR71PS6984,MOTORCYCLE,,45.3,ACTIVE,2026-08-13T08:27:00.000Z,2026-08-28T06:20:41.236Z,2026-08-27T13:53:07.368Z,2026-08-28T05:20:54.019Z
cmtbl1x63000rk1irb4sutro0,UP34TQ1367,SCOOTER,,,ACTIVE,2026-08-13T01:14:00.000Z,2026-08-13T09:28:44.388Z,2026-08-27T13:53:07.368Z,2026-08-27T18:50:50.240Z
cmtbl1x63000sk1ir6urlgr17,UP59NC1817,SCOOTER,,38.2,ACTIVE,2026-08-13T14:20:00.000Z,2026-08-28T08:12:39.933Z,2026-08-27T13:53:07.368Z,2026-08-28T08:05:51.852Z
cmtbl1x63000tk1irxwt9bi2d,UP78SC8565,BUS,,37.9,ACTIVE,2026-08-13T10:00:00.000Z,2026-08-27T18:07:07.902Z,2026-08-27T13:53:07.368Z,2026-08-27T18:50:50.240Z
cmtbl1x63000uk1ir5ric6cq6,BR30AN6814,CAR,,48.6,ACTIVE,2026-08-13T03:06:00.000Z,2026-08-28T08:10:57.395Z,2026-08-27T13:53:07.368Z,2026-08-28T08:04:47.943Z
cmtbl1x63000vk1irdxvp50et,UP46CC2863,MOTORCYCLE,,39,ACTIVE,2026-08-13T02:59:00.000Z,2026-08-28T17:02:22.075Z,2026-08-27T13:53:07.368Z,2026-08-28T04:42:00.978Z
cmtbl1x63000wk1ir2dvzxn8e,UP50EZ0749,CAR,,43.7,ACTIVE,2026-08-12T23:42:00.000Z,2026-08-28T05:36:33.582Z,2026-08-27T13:53:07.368Z,2026-08-28T05:30:23.979Z
cmtbl1x63000xk1irqxqld4v1,UP38BX5510,CAR,,43.1,ACTIVE,2026-08-12T22:59:00.000Z,2026-08-27T15:19:45.062Z,2026-08-27T13:53:07.368Z,2026-08-27T18:50:50.240Z
cmtbl1x63000yk1ir4bj0yde2,UP18CG7220,CAR,,47.6,ACTIVE,2026-08-13T01:07:00.000Z,2026-08-27T15:05:19.436Z,2026-08-27T13:53:07.368Z,2026-08-27T18:50:50.240Z
cmtbl1x63000zk1irqpu947y2,UP29OV0867,MOTORCYCLE,,42.8,ACTIVE,2026-08-13T01:26:00.000Z,2026-08-27T18:07:41.934Z,2026-08-27T13:53:07.368Z,2026-08-27T18:50:50.240Z
cmtbl1x630010k1iri0dbwol4,DL43DW3541,TRUCK,,29.7,ACTIVE,2026-08-12T22:50:00.000Z,2026-08-27T18:44:40.655Z,2026-08-27T13:53:07.368Z,2026-08-27T18:50:50.240Z
cmtbl1x630011k1irk5macbgd,UP98BR8835,MOTORCYCLE,,39.4,ACTIVE,2026-08-13T04:54:00.000Z,2026-08-28T06:20:00.924Z,2026-08-27T13:53:07.368Z,2026-08-28T05:20:35.800Z
cmtbl1x630012k1irdfrd296f,UP63LI1604,CAR,,46.3,ACTIVE,2026-08-13T01:10:00.000Z,2026-08-28T06:20:41.236Z,2026-08-27T13:53:07.368Z,2026-08-28T05:20:59.299Z
cmtbl1x630013k1irl4qdmw50,UP67EL2947,CAR,,49.8,ACTIVE,2026-08-13T02:34:00.000Z,2026-08-28T08:12:39.933Z,2026-08-27T13:53:07.368Z,2026-08-28T08:05:40.376Z
cmtbl1x630014k1irnkrf7omc,UP22XF4858,BUS,,40.7,ACTIVE,2026-08-12T23:29:00.000Z,2026-08-27T18:03:57.726Z,2026-08-27T13:53:07.368Z,2026-08-27T18:50:50.240Z
cmtbl1x630015k1irwwrrntqf,UP83BQ2261,CAR,,43.6,ACTIVE,2026-08-13T07:33:00.000Z,2026-08-28T06:22:05.836Z,2026-08-27T13:53:07.368Z,2026-08-28T05:21:41.327Z
cmtbl1x630016k1iraaoqgwyr,HR30CM4705,MOTORCYCLE,,39.6,ACTIVE,2026-08-13T01:26:00.000Z,2026-08-28T08:12:39.933Z,2026-08-27T13:53:07.368Z,2026-08-28T08:05:47.241Z
cmtbl1x630017k1iro7h1pgy4,UP19GS9829,MOTORCYCLE,,40.9,ACTIVE,2026-08-12T22:42:00.000Z,2026-08-28T06:21:23.610Z,2026-08-27T13:53:07.368Z,2026-08-28T05:21:17.138Z
cmtbl1x630018k1ir69r4d2g4,UP39NX9734,CAR,,46.9,ACTIVE,2026-08-13T02:14:00.000Z,2026-08-27T18:01:51.620Z,2026-08-27T13:53:07.368Z,2026-08-27T18:50:50.240Z
cmtbl1x630019k1ircqth7rlg,UP35SA4287,MOTORCYCLE,,47.8,ACTIVE,2026-08-13T05:44:19.409Z,2026-08-27T18:07:41.934Z,2026-08-27T13:53:07.368Z,2026-08-27T18:50:50.240Z
cmtbl1x63001ak1ir83u99aus,UP09MK6933,TRUCK,,29.4,ACTIVE,2026-08-13T15:06:00.000Z,2026-08-28T05:32:07.976Z,2026-08-27T13:53:07.368Z,2026-08-28T05:28:09.940Z
cmtbl1x63001bk1irj6kbmb11,RJ84AM7054,MOTORCYCLE,,48.4,ACTIVE,2026-08-12T23:58:00.000Z,2026-08-27T15:59:24.969Z,2026-08-27T13:53:07.368Z,2026-08-27T18:50:50.240Z
cmtbl1x63001ck1irwhnh4wtg,UP68WG9057,TRUCK,,28.5,ACTIVE,2026-08-13T02:30:00.000Z,2026-08-28T06:22:05.836Z,2026-08-27T13:53:07.368Z,2026-08-28T05:21:41.326Z
cmtbl1x63001dk1irxigxxijj,UP95HG0471,MOTORCYCLE,,35.5,ACTIVE,2026-08-13T02:57:00.000Z,2026-08-28T08:11:41.587Z,2026-08-27T13:53:07.368Z,2026-08-28T08:05:09.655Z
cmtbl1x63001ek1irnizswfsz,UP53EO3330,CAR,,39.5,ACTIVE,2026-08-12T23:02:00.000Z,2026-08-28T08:08:08.115Z,2026-08-27T13:53:07.368Z,2026-08-28T08:03:21.741Z
cmtbl1x63001fk1irwcpg0v26,BR28KY5795,MOTORCYCLE,,46,ACTIVE,2026-08-13T03:52:00.000Z,2026-08-28T05:36:33.582Z,2026-08-27T13:53:07.368Z,2026-08-28T05:30:22.200Z
cmtbl1x63001gk1irkc04x6ay,UP34ND5007,CAR,,43.5,ACTIVE,2026-08-14T09:03:00.000Z,2026-08-28T08:10:21.129Z,2026-08-27T13:53:07.368Z,2026-08-28T08:04:34.285Z
cmtbl1x63001hk1irh4s6dt9s,UP59GV1124,SCOOTER,,32,ACTIVE,2026-08-14T04:12:00.000Z,2026-08-28T17:04:10.269Z,2026-08-27T13:53:07.368Z,2026-08-28T04:42:49.181Z
cmtbl1x63001ik1irfziin3bx,UP49JB4190,MOTORCYCLE,,39.8,ACTIVE,2026-08-14T02:25:00.000Z,2026-08-27T17:32:31.184Z,2026-08-27T13:53:07.368Z,2026-08-27T18:50:50.240Z
cmtbl1x63001jk1irywzrja5j,UP77PT9965,TAXI,,40.5,ACTIVE,2026-08-14T07:15:33.237Z,2026-08-28T05:32:07.976Z,2026-08-27T13:53:07.368Z,2026-08-28T05:28:17.000Z
cmtbl1x63001kk1ir8b0xdtpr,UP88YI8688,CAR,,48.5,ACTIVE,2026-08-14T00:39:00.000Z,2026-08-28T08:10:21.129Z,2026-08-27T13:53:07.368Z,2026-08-28T08:04:29.207Z
cmtbl1x63001lk1irz53l0ng8,UP09QS5573,CAR,,47.4,ACTIVE,2026-08-14T02:31:00.000Z,2026-08-28T08:12:39.933Z,2026-08-27T13:53:07.368Z,2026-08-28T08:05:52.866Z
cmtbl1x63001mk1irzz9tdyg9,UP95OO5601,MOTORCYCLE,,40,ACTIVE,2026-08-14T10:50:00.000Z,2026-08-27T18:04:37.770Z,2026-08-27T13:53:07.368Z,2026-08-27T18:50:50.240Z
cmtbl1x63001nk1irb5yu0nse,MP30KD9260,AUTO,,28.7,ACTIVE,2026-08-14T00:53:00.000Z,2026-08-27T15:38:19.873Z,2026-08-27T13:53:07.368Z,2026-08-27T18:50:50.240Z
cmtbl1x63001ok1iryzqusch5,HR99GD9455,SCOOTER,,37.2,ACTIVE,2026-08-14T00:45:00.000Z,2026-08-28T06:11:13.736Z,2026-08-27T13:53:07.368Z,2026-08-28T05:16:12.316Z
cmtbl1x63001pk1ir4vamyc5e,UP73EQ4148,AUTO,,29.4,ACTIVE,2026-08-14T07:46:00.000Z,2026-08-28T05:36:33.582Z,2026-08-27T13:53:07.368Z,2026-08-28T05:30:23.262Z
cmtbl1x63001qk1irjoybjuar,UP40GO5856,MOTORCYCLE,,42.5,ACTIVE,2026-08-14T03:39:00.000Z,2026-08-28T08:12:39.933Z,2026-08-27T13:53:07.368Z,2026-08-28T08:05:48.471Z
cmtbl1x63001rk1iroftvzrry,UP70JO2981,MOTORCYCLE,,45.6,ACTIVE,2026-08-14T15:02:00.000Z,2026-08-27T17:33:39.256Z,2026-08-27T13:53:07.368Z,2026-08-27T18:50:50.240Z
cmtbl1x63001sk1irimfqunu9,UP19CK9624,AUTO,,27.1,ACTIVE,2026-08-14T00:35:00.000Z,2026-08-28T06:21:23.610Z,2026-08-27T13:53:07.368Z,2026-08-28T05:21:15.999Z
cmtbl1x63001tk1irtdya3u1f,UP54GC4821,CAR,,42.6,ACTIVE,2026-08-14T05:20:00.000Z,2026-08-28T08:12:39.933Z,2026-08-27T13:53:07.368Z,2026-08-28T08:05:40.372Z
cmtbl1x63001uk1irawnsoart,UP74YR9763,SCOOTER,,31.8,ACTIVE,2026-08-14T06:48:00.000Z,2026-08-28T16:54:45.469Z,2026-08-27T13:53:07.368Z,2026-08-28T04:38:08.192Z
cmtbl1x63001vk1irdb9pnifw,UP73TA8883,MOTORCYCLE,,44.9,ACTIVE,2026-08-14T05:22:00.000Z,2026-08-27T17:34:11.284Z,2026-08-27T13:53:07.368Z,2026-08-27T18:50:50.240Z
cmtbl1x63001wk1ir5n36pe6v,UP98UD0819,SCOOTER,,29.5,ACTIVE,2026-08-14T01:07:00.000Z,2026-08-28T05:32:07.976Z,2026-08-27T13:53:07.368Z,2026-08-28T05:28:16.528Z
cmtbl1x63001xk1ir0qwu2zpi,BR29ES4852,CAR,,48.7,ACTIVE,2026-08-14T05:29:00.000Z,2026-08-27T15:45:29.355Z,2026-08-27T13:53:07.368Z,2026-08-27T18:50:50.240Z
cmtbl1x63001yk1irc1dk7sd2,BR16NW2386,CAR,,47.7,ACTIVE,2026-08-14T03:35:00.000Z,2026-08-27T15:43:48.591Z,2026-08-27T13:53:07.368Z,2026-08-27T18:50:50.240Z
cmtbl1x64001zk1irqw294bru,UP98EP3163,CAR,,42.5,ACTIVE,2026-08-14T02:42:00.000Z,2026-08-28T08:12:39.933Z,2026-08-27T13:53:07.368Z,2026-08-28T08:05:48.474Z
cmtbl1x640020k1ir36q6l4se,UP14HN6009,SCOOTER,,30.2,ACTIVE,2026-08-14T04:31:00.000Z,2026-08-28T17:03:18.185Z,2026-08-27T13:53:07.368Z,2026-08-28T04:42:22.948Z
cmtbl1x640021k1irg92rmks4,UP78BL1959,MOTORCYCLE,,41.8,ACTIVE,2026-08-13T23:03:00.000Z,2026-08-28T17:06:14.455Z,2026-08-27T13:53:07.368Z,2026-08-28T04:56:01.466Z
cmtbl1x640022k1ird9vv05tz,UP08BR8530,MOTORCYCLE,,44.1,ACTIVE,2026-08-13T22:36:00.000Z,2026-08-28T08:11:41.587Z,2026-08-27T13:53:07.368Z,2026-08-28T08:05:21.428Z
cmtbl1x640023k1ir8zm5hmlr,UP83PL3185,CAR,,45.5,ACTIVE,2026-08-14T07:32:00.000Z,2026-08-28T17:04:10.269Z,2026-08-27T13:53:07.368Z,2026-08-28T04:42:48.559Z
cmtbl1x640024k1irixthzry5,UP10CJ1865,MOTORCYCLE,,48.2,ACTIVE,2026-08-14T05:04:00.000Z,2026-08-28T08:10:57.395Z,2026-08-27T13:53:07.368Z,2026-08-28T08:04:53.577Z
cmtbl1x640025k1irvztj7wjm,UP02ZA8312,CAR,,41.8,ACTIVE,2026-08-14T02:33:00.000Z,2026-08-28T06:22:05.836Z,2026-08-27T13:53:07.368Z,2026-08-28T05:21:36.734Z
cmtbl1x640026k1ir8hlbuj69,UP42VF3269,SCOOTER,,28.6,ACTIVE,2026-08-13T23:53:00.000Z,2026-08-28T06:21:23.610Z,2026-08-27T13:53:07.368Z,2026-08-28T05:21:16.247Z
cmtbl1x640027k1irarnso5dj,UP89AP2158,SCOOTER,,29.2,ACTIVE,2026-08-14T05:45:00.000Z,2026-08-28T06:20:41.236Z,2026-08-27T13:53:07.368Z,2026-08-28T05:20:55.254Z
cmtbl1x640028k1irdou7tfmj,UP62LD7729,CAR,,43.9,ACTIVE,2026-08-14T09:13:00.000Z,2026-08-28T05:32:46.174Z,2026-08-27T13:53:07.368Z,2026-08-28T05:28:35.137Z
cmtbl1x640029k1irbfdh2j6j,HR77UW1522,CAR,,42.9,ACTIVE,2026-08-14T04:07:00.000Z,2026-08-28T17:01:31.981Z,2026-08-27T13:53:07.368Z,2026-08-28T04:41:29.490Z
cmtbl1x64002ak1irhqsxyi80,UP76RA2029,CAR,,51.7,ACTIVE,2026-08-14T06:15:00.000Z,2026-08-27T15:42:44.537Z,2026-08-27T13:53:07.368Z,2026-08-27T18:50:50.240Z
cmtbl1x64002bk1irhs0ncxa7,UP09DM7054,CAR,,44,ACTIVE,2026-08-14T07:33:00.000Z,2026-08-28T08:10:21.129Z,2026-08-27T13:53:07.368Z,2026-08-28T08:04:33.196Z
cmtbl1x64002ck1ir29ra4tdc,MP66TM7604,CAR,,44.7,ACTIVE,2026-08-14T07:13:00.000Z,2026-08-28T05:34:58.958Z,2026-08-27T13:53:07.368Z,2026-08-28T05:29:35.572Z
cmtbl1x64002dk1ircbjgxe2f,MP63ON5077,CAR,,42.7,ACTIVE,2026-08-14T01:50:41.952Z,2026-08-28T06:21:23.610Z,2026-08-27T13:53:07.368Z,2026-08-28T05:21:15.410Z
cmtbl1x64002ek1irwzw32hqx,UP51HZ5193,SCOOTER,,34.6,ACTIVE,2026-08-14T02:59:00.000Z,2026-08-27T15:41:35.139Z,2026-08-27T13:53:07.368Z,2026-08-27T18:50:50.240Z
cmtbl1x64002fk1ir2rlvlq73,UP58CG0176,MOTORCYCLE,,49.6,ACTIVE,2026-08-14T01:33:00.000Z,2026-08-27T16:05:51.653Z,2026-08-27T13:53:07.368Z,2026-08-27T18:50:50.240Z
cmtbl1x64002gk1irt7gyb2tt,UP31VZ5439,SCOOTER,,33.1,ACTIVE,2026-08-13T23:36:00.000Z,2026-08-27T17:29:23.000Z,2026-08-27T13:53:07.368Z,2026-08-27T18:50:50.240Z
cmtbl1x64002hk1irj9ywd6yx,BR77BA6919,MOTORCYCLE,,49.9,ACTIVE,2026-08-13T23:35:00.000Z,2026-08-27T16:05:51.653Z,2026-08-27T13:53:07.368Z,2026-08-27T18:50:50.240Z
cmtbl1x64002ik1irddpayeh5,UP97TQ1100,CAR,,46.4,ACTIVE,2026-08-14T01:31:00.000Z,2026-08-28T08:09:02.469Z,2026-08-27T13:53:07.368Z,2026-08-28T08:03:49.775Z
cmtbl1x64002jk1irxun9cll3,UP07DC6949,VAN,,44.2,ACTIVE,2026-08-14T08:13:00.000Z,2026-08-28T05:34:22.754Z,2026-08-27T13:53:07.368Z,2026-08-28T05:29:25.984Z
cmtbl1x64002kk1irudnn4d83,UP45TK2161,MOTORCYCLE,,35.9,ACTIVE,2026-08-14T00:41:00.000Z,2026-08-28T06:20:41.236Z,2026-08-27T13:53:07.368Z,2026-08-28T05:20:55.517Z
cmtbl1x64002lk1irrkryhh0t,UP55JF2436,MOTORCYCLE,,42.5,ACTIVE,2026-08-14T02:58:00.000Z,2026-08-28T08:12:39.933Z,2026-08-27T13:53:07.368Z,2026-08-28T08:05:37.922Z
cmtbl1x64002mk1ir0b02ykif,UP08XJ4340,CAR,,37.5,ACTIVE,2026-08-14T13:24:00.000Z,2026-08-28T08:12:39.933Z,2026-08-27T13:53:07.368Z,2026-08-28T08:05:46.010Z
cmtbl1x64002nk1irs18k2aud,MP60AJ0176,BUS,,30.6,ACTIVE,2026-08-14T00:41:00.000Z,2026-08-27T18:04:37.770Z,2026-08-27T13:53:07.368Z,2026-08-27T18:50:50.240Z
cmtbl1x64002ok1ircrbjjfm0,DL33MT6967,CAR,,50.1,ACTIVE,2026-08-14T06:05:00.000Z,2026-08-28T05:33:34.412Z,2026-08-27T13:53:07.368Z,2026-08-28T05:29:05.369Z
cmtbl1x64002pk1irwshbg2ee,BR23UO7230,CAR,,51.6,ACTIVE,2026-08-14T02:45:00.000Z,2026-08-28T17:02:22.075Z,2026-08-27T13:53:07.368Z,2026-08-28T04:41:56.299Z
cmtbl1x64002qk1irz2bgvf7w,UP47VR5802,VAN,,43.9,ACTIVE,2026-08-14T09:19:00.000Z,2026-08-28T17:06:14.455Z,2026-08-27T13:53:07.368Z,2026-08-28T04:43:59.230Z
cmtbl1x64002rk1irqmgl1xsb,UP11TH6403,CAR,,45.8,ACTIVE,2026-08-14T03:31:00.000Z,2026-08-28T06:17:50.098Z,2026-08-27T13:53:07.368Z,2026-08-28T05:19:34.544Z
cmtbl1x64002sk1iryz9incsr,UP59MD5201,SCOOTER,,29.7,ACTIVE,2026-08-14T02:16:00.000Z,2026-08-28T08:12:39.933Z,2026-08-27T13:53:07.368Z,2026-08-28T08:05:40.374Z
cmtbl1x64002tk1irauhyrski,MP09JZ4432,MOTORCYCLE,,40.2,ACTIVE,2026-08-14T13:47:00.000Z,2026-08-28T08:12:39.933Z,2026-08-27T13:53:07.368Z,2026-08-28T08:05:52.065Z
cmtbl1x64002uk1irz6uxdf1c,UP53OX2102,MOTORCYCLE,,40,ACTIVE,2026-08-13T22:32:00.000Z,2026-08-28T06:22:05.836Z,2026-08-27T13:53:07.368Z,2026-08-28T05:21:38.971Z
cmtbl1x64002vk1irdedwe6ka,UP55DX6609,CAR,,47.4,ACTIVE,2026-08-14T03:42:00.000Z,2026-08-28T05:30:29.430Z,2026-08-27T13:53:07.368Z,2026-08-28T05:27:27.551Z
cmtbl1x64002wk1iriu150tu1,UP14EK3737,SCOOTER,,34,ACTIVE,2026-08-14T03:07:00.000Z,2026-08-28T05:34:22.754Z,2026-08-27T13:53:07.368Z,2026-08-28T05:29:24.719Z
cmtbl1x64002xk1irxo8p7f5z,UP87ZZ1882,AUTO,,20.2,ACTIVE,2026-08-14T02:49:00.000Z,2026-08-28T16:52:47.357Z,2026-08-27T13:53:07.368Z,2026-08-28T04:37:15.352Z
cmtbl1x64002yk1irrb3t9jxa,UP21CV6905,SCOOTER,,36.5,ACTIVE,2026-08-14T13:14:00.600Z,2026-08-27T16:04:08.893Z,2026-08-27T13:53:07.368Z,2026-08-27T18:50:50.240Z
cmtbl1x64002zk1irxdic6qer,UP30DZ1231,BUS,,40.6,ACTIVE,2026-08-14T06:45:00.000Z,2026-08-28T17:06:14.455Z,2026-08-27T13:53:07.368Z,2026-08-28T04:43:57.219Z
cmtbl1x640030k1ir6wo8ogkq,UP19GM7065,CAR,,43.3,ACTIVE,2026-08-13T23:58:00.000Z,2026-08-27T17:32:31.184Z,2026-08-27T13:53:07.368Z,2026-08-27T18:50:50.240Z
cmtbl1x640031k1irjm0lcy93,UP54BA8444,SCOOTER,,33.8,ACTIVE,2026-08-14T01:48:00.000Z,2026-08-28T08:09:02.469Z,2026-08-27T13:53:07.368Z,2026-08-28T08:03:55.723Z
cmtbl1x640032k1irmhud571z,UP01XA2557,CAR,,46.8,ACTIVE,2026-08-14T02:12:00.000Z,2026-08-27T18:44:40.655Z,2026-08-27T13:53:07.368Z,2026-08-27T18:50:50.240Z
cmtbl1x640033k1irq9919cgq,UP80XA7305,CAR,,,ACTIVE,2026-08-14T08:04:00.000Z,2026-08-14T08:14:40.601Z,2026-08-27T13:53:07.368Z,2026-08-27T18:50:50.240Z
cmtbl1x640034k1irziyq02rj,UP40RV4476,CAR,,45.4,ACTIVE,2026-08-13T23:55:00.000Z,2026-08-27T15:45:29.355Z,2026-08-27T13:53:07.368Z,2026-08-27T18:50:50.240Z
cmtbl1x640035k1irnfeq8fp7,DL76SB1596,CAR,,47.5,ACTIVE,2026-08-14T06:36:00.000Z,2026-08-27T18:44:40.655Z,2026-08-27T13:53:07.368Z,2026-08-27T18:50:50.240Z
cmtbl1x640036k1irlfyqcsy9,UP64BV7392,TRUCK,,32.8,ACTIVE,2026-08-14T01:47:00.000Z,2026-08-27T18:44:40.655Z,2026-08-27T13:53:07.368Z,2026-08-27T18:50:50.240Z
cmtbl1x640037k1irqmdcc64f,UP30DY0359,CAR,,52.6,ACTIVE,2026-08-15T09:11:00.000Z,2026-08-28T05:34:58.958Z,2026-08-27T13:53:07.368Z,2026-08-28T05:29:40.827Z
cmtbl1x640038k1irr6n2n11c,UP48DV9840,AUTO,,25.1,ACTIVE,2026-08-15T05:15:00.000Z,2026-08-28T08:12:39.933Z,2026-08-27T13:53:07.368Z,2026-08-28T08:05:40.787Z
cmtbl1x640039k1ird1c864kd,BR72WA5411,CAR,,51.4,ACTIVE,2026-08-15T12:22:00.000Z,2026-08-28T08:11:41.587Z,2026-08-27T13:53:07.368Z,2026-08-28T08:05:16.413Z
cmtbl1x64003ak1irv1vtht2r,MP23JC9597,CAR,,49.7,ACTIVE,2026-08-15T03:53:00.000Z,2026-08-28T08:09:42.787Z,2026-08-27T13:53:07.368Z,2026-08-28T08:04:18.357Z
cmtbl1x64003bk1irjbs4zdvz,CG76MT1365,CAR,,45,ACTIVE,2026-08-15T05:21:00.000Z,2026-08-27T18:44:40.655Z,2026-08-27T13:53:07.368Z,2026-08-27T18:50:50.240Z
cmtbl1x64003ck1irkjjoc8r9,UP41VX5749,BUS,,28.4,ACTIVE,2026-08-14T22:45:00.000Z,2026-08-27T18:44:40.655Z,2026-08-27T13:53:07.368Z,2026-08-27T18:50:50.240Z
cmtbl1x64003dk1ira2szukqi,UP10KN8028,CAR,,45.3,ACTIVE,2026-08-14T22:38:00.000Z,2026-08-28T08:09:42.787Z,2026-08-27T13:53:07.368Z,2026-08-28T08:04:16.292Z
cmtbl1x64003ek1irww8r3yf1,UP65PF6932,VAN,,40.5,ACTIVE,2026-08-15T08:34:00.000Z,2026-08-27T15:38:19.873Z,2026-08-27T13:53:07.368Z,2026-08-27T18:50:50.240Z
cmtbl1x64003fk1irp126yi48,UP85TW4123,TRUCK,,34.9,ACTIVE,2026-08-15T02:40:00.000Z,2026-08-28T08:13:36.309Z,2026-08-27T13:53:07.368Z,2026-08-28T08:06:08.227Z
cmtbl1x64003gk1irvmn98n3r,UP82YL9022,MOTORCYCLE,,29.8,ACTIVE,2026-08-14T23:05:00.000Z,2026-08-28T05:32:07.976Z,2026-08-27T13:53:07.368Z,2026-08-28T05:28:15.288Z
cmtbl1x64003hk1irvpiw7teh,UP57QB5768,SCOOTER,,33.5,ACTIVE,2026-08-14T22:51:00.000Z,2026-08-28T05:34:22.754Z,2026-08-27T13:53:07.368Z,2026-08-28T05:29:16.428Z
cmtbl1x64003ik1irdybxfkny,CG11XF9076,CAR,,46.6,ACTIVE,2026-08-15T03:21:00.000Z,2026-08-28T17:06:14.455Z,2026-08-27T13:53:07.368Z,2026-08-28T04:44:02.706Z
cmtbl1x65003jk1irprg48lxj,UP66EX3445,TRUCK,,30.8,ACTIVE,2026-08-15T06:00:00.000Z,2026-08-27T16:06:40.709Z,2026-08-27T13:53:07.368Z,2026-08-27T18:50:50.240Z
cmtbl1x65003kk1irfr0fxx6w,HR82JB2426,SCOOTER,,29.8,ACTIVE,2026-08-14T23:06:00.000Z,2026-08-28T17:03:18.185Z,2026-08-27T13:53:07.368Z,2026-08-28T04:42:22.663Z
cmtbl1x65003lk1irgedbovn5,UP61RV2678,AUTO,,24.1,ACTIVE,2026-08-15T11:00:00.000Z,2026-08-27T17:30:37.068Z,2026-08-27T13:53:07.368Z,2026-08-27T18:50:50.240Z
cmtbl1x65003mk1irlqgo0cyk,UP01GK1792,CAR,,45.2,ACTIVE,2026-08-15T09:19:00.000Z,2026-08-28T05:35:45.262Z,2026-08-27T13:53:07.368Z,2026-08-28T05:30:05.750Z
cmtbl1x65003nk1irfevc4nxh,UP28ZR3308,MOTORCYCLE,,36.8,ACTIVE,2026-08-14T23:43:00.000Z,2026-08-28T05:34:58.958Z,2026-08-27T13:53:07.368Z,2026-08-28T05:29:41.794Z
cmtbl1x65003ok1ir3v15y9l4,UP64NT0440,SCOOTER,,37.9,ACTIVE,2026-08-14T23:10:00.000Z,2026-08-28T06:20:00.924Z,2026-08-27T13:53:07.368Z,2026-08-28T05:20:28.624Z
cmtbl1x65003pk1ir0vejz5nl,UP58WR9846,SCOOTER,,37,ACTIVE,2026-08-15T11:51:00.000Z,2026-08-28T05:34:58.958Z,2026-08-27T13:53:07.368Z,2026-08-28T05:29:41.794Z
cmtbl1x65003qk1ir1gz0fyrr,UP85AC8437,TRUCK,,26.5,ACTIVE,2026-08-15T06:57:00.000Z,2026-08-28T08:08:08.115Z,2026-08-27T13:53:07.368Z,2026-08-28T08:03:22.542Z
cmtbl1x65003rk1ira962zypf,RJ87CF8050,CAR,,38.1,ACTIVE,2026-08-15T04:49:00.000Z,2026-08-28T08:13:36.309Z,2026-08-27T13:53:07.368Z,2026-08-28T08:06:06.178Z
cmtbl1x65003sk1iriavsw2kt,UP82OE2500,SCOOTER,,35.7,ACTIVE,2026-08-14T23:34:00.000Z,2026-08-28T17:06:14.455Z,2026-08-27T13:53:07.368Z,2026-08-28T04:43:43.932Z
cmtbl1x65003tk1irb8d4uxqt,BR11YN1057,AUTO,,23.2,ACTIVE,2026-08-15T06:30:00.000Z,2026-08-28T06:22:05.836Z,2026-08-27T13:53:07.368Z,2026-08-28T05:21:41.329Z
cmtbl1x65003uk1irg3i3abvg,UP08XB0838,MOTORCYCLE,,44.5,ACTIVE,2026-08-15T02:40:00.000Z,2026-08-28T05:34:58.958Z,2026-08-27T13:53:07.368Z,2026-08-28T05:29:35.578Z
cmtbl1x65003vk1ir7867q44c,UP78VB1476,AUTO,,28.7,ACTIVE,2026-08-15T03:41:00.000Z,2026-08-28T08:12:39.933Z,2026-08-27T13:53:07.368Z,2026-08-28T08:05:53.277Z
cmtbl1x65003wk1ir3436nfn4,BR80BK8602,SCOOTER,,38.4,ACTIVE,2026-08-14T22:30:00.000Z,2026-08-28T08:08:08.115Z,2026-08-27T13:53:07.368Z,2026-08-28T08:03:24.899Z
cmtbl1x65003xk1irnm7zcilc,UP81NA4942,MOTORCYCLE,,45.6,ACTIVE,2026-08-15T00:41:00.000Z,2026-08-28T08:12:39.933Z,2026-08-27T13:53:07.368Z,2026-08-28T08:05:39.145Z
cmtbl1x65003yk1ir426bpdli,UP36MS6155,CAR,,42.8,ACTIVE,2026-08-15T00:35:00.000Z,2026-08-28T08:10:57.395Z,2026-08-27T13:53:07.368Z,2026-08-28T08:04:54.292Z
cmtbl1x65003zk1irimaxf3ab,UP81MT6136,BUS,,31.6,ACTIVE,2026-08-15T04:32:00.000Z,2026-08-27T15:46:45.435Z,2026-08-27T13:53:07.368Z,2026-08-27T18:50:50.240Z
cmtbl1x650040k1irjfmknuk6,UP15WH0481,CAR,,51.4,ACTIVE,2026-08-15T09:20:00.000Z,2026-08-27T15:44:47.317Z,2026-08-27T13:53:07.368Z,2026-08-27T18:50:50.240Z
cmtbl1x650041k1irq7thozro,UP89QZ2102,TAXI,,36.8,ACTIVE,2026-08-15T10:09:00.000Z,2026-08-27T17:31:47.138Z,2026-08-27T13:53:07.368Z,2026-08-27T18:50:50.240Z
cmtbl1x650042k1irmyceqykq,BR10FG5726,MOTORCYCLE,,37.3,ACTIVE,2026-08-15T11:11:00.000Z,2026-08-28T05:34:22.754Z,2026-08-27T13:53:07.368Z,2026-08-28T05:29:24.715Z
cmtbl1x650043k1irwj3f1u1s,UP13DT4337,SCOOTER,,29.6,ACTIVE,2026-08-15T11:53:00.000Z,2026-08-27T15:46:45.435Z,2026-08-27T13:53:07.368Z,2026-08-27T18:50:50.240Z
cmtbl1x650044k1irpenqpvlc,UP64DL2638,SCOOTER,,36.1,ACTIVE,2026-08-15T13:35:36.328Z,2026-08-27T15:15:46.854Z,2026-08-27T13:53:07.368Z,2026-08-27T18:50:50.240Z
cmtbl1x650045k1irro8ye9ug,UP32AF0736,CAR,,45,ACTIVE,2026-08-14T22:46:00.000Z,2026-08-27T18:07:07.902Z,2026-08-27T13:53:07.368Z,2026-08-27T18:50:50.240Z
cmtbl1x650046k1ird1f78wf4,MP43RB8547,CAR,,,ACTIVE,2026-08-15T00:58:43.493Z,2026-08-15T10:58:45.613Z,2026-08-27T13:53:07.368Z,2026-08-27T18:50:50.240Z
cmtbl1x650047k1ir3wzw2yl8,UP23WC2333,CAR,,45.8,ACTIVE,2026-08-15T00:16:00.000Z,2026-08-28T17:06:14.455Z,2026-08-27T13:53:07.368Z,2026-08-28T04:44:02.732Z
cmtbl1x650048k1irv43czwvz,CG11QO5815,CAR,,44.8,ACTIVE,2026-08-15T03:19:00.000Z,2026-08-28T05:35:45.262Z,2026-08-27T13:53:07.368Z,2026-08-28T05:30:05.752Z
cmtbl1x650049k1irkzlbrlde,RJ93CN4973,AUTO,,23.5,ACTIVE,2026-08-15T08:13:00.000Z,2026-08-27T18:44:40.655Z,2026-08-27T13:53:07.368Z,2026-08-27T18:50:50.240Z
cmtbl1x65004ak1irglkgwtfn,UP20BD7270,CAR,,46.2,ACTIVE,2026-08-15T13:27:00.000Z,2026-08-28T17:06:14.455Z,2026-08-27T13:53:07.368Z,2026-08-28T04:44:00.358Z
cmtbl1x65004bk1irlbd4v85h,UP84HP9686,SCOOTER,,29.2,ACTIVE,2026-08-15T00:29:00.000Z,2026-08-27T18:44:40.655Z,2026-08-27T13:53:07.368Z,2026-08-27T18:50:50.240Z
cmtbl1x65004ck1irgbh6dxvi,UP63VE5404,AUTO,,34.8,ACTIVE,2026-08-15T11:17:00.000Z,2026-08-28T08:11:41.587Z,2026-08-27T13:53:07.368Z,2026-08-28T08:05:17.642Z
cmtbl1x65004dk1irr22xbwno,UP73JO6648,CAR,,49.1,ACTIVE,2026-08-15T02:12:00.000Z,2026-08-28T17:06:14.455Z,2026-08-27T13:53:07.368Z,2026-08-28T04:43:59.231Z
cmtbl1x65004ek1irfm31fkvd,UP15LA8606,AUTO,,23.5,ACTIVE,2026-08-14T23:11:00.000Z,2026-08-28T08:09:42.787Z,2026-08-27T13:53:07.368Z,2026-08-28T08:04:09.777Z
cmtbl1x65004fk1irxanby439,UP68HT6879,MOTORCYCLE,,42.3,ACTIVE,2026-08-15T05:30:00.000Z,2026-08-28T08:11:41.587Z,2026-08-27T13:53:07.368Z,2026-08-28T08:05:22.657Z
cmtbl1x65004gk1irtnbfstze,UP87KG7205,CAR,,46.7,ACTIVE,2026-08-14T23:06:00.000Z,2026-08-28T05:34:58.958Z,2026-08-27T13:53:07.368Z,2026-08-28T05:29:42.918Z
cmtbl1x65004hk1irzjui2mfx,UP53RE4722,TRUCK,,30.9,ACTIVE,2026-08-15T02:25:00.000Z,2026-08-28T17:03:18.185Z,2026-08-27T13:53:07.368Z,2026-08-28T04:42:23.615Z
cmtbl1x65004ik1irzjdaxlhe,MP79ES8197,CAR,,44.1,ACTIVE,2026-08-15T02:45:00.000Z,2026-08-28T08:10:57.395Z,2026-08-27T13:53:07.368Z,2026-08-28T08:04:47.534Z
cmtbl1x65004jk1iryfwczz18,UP44BK5909,CAR,,,ACTIVE,2026-08-15T01:41:00.000Z,2026-08-15T05:55:52.950Z,2026-08-27T13:53:07.368Z,2026-08-27T18:50:50.240Z
cmtbl1x65004kk1ir4tmulx19,UP74TX0996,CAR,,47.6,ACTIVE,2026-08-15T01:01:00.000Z,2026-08-28T06:22:05.836Z,2026-08-27T13:53:07.368Z,2026-08-28T05:21:33.143Z
cmtbl1x65004lk1irpjh6cyrz,DL10QJ9812,SCOOTER,,32.7,ACTIVE,2026-08-15T03:21:00.000Z,2026-08-27T15:38:19.873Z,2026-08-27T13:53:07.368Z,2026-08-27T18:50:50.240Z
cmtbl1x65004mk1irc13cni1t,HR26DW6480,CAR,,46.6,ACTIVE,2026-08-15T11:37:00.000Z,2026-08-28T08:11:41.587Z,2026-08-27T13:53:07.368Z,2026-08-28T08:05:22.655Z
cmtbl1x65004nk1ire32auokt,UP54EP7459,BUS,,,ACTIVE,2026-08-15T15:52:00.000Z,2026-08-18T14:34:01.046Z,2026-08-27T13:53:07.368Z,2026-08-27T18:50:50.240Z
cmtbl1x65004ok1irxy4td85a,HR20IY2972,CAR,,43.3,ACTIVE,2026-08-15T03:10:00.000Z,2026-08-27T17:34:11.284Z,2026-08-27T13:53:07.368Z,2026-08-27T18:50:50.240Z
cmtbl1x65004pk1irycosfyat,UP85ZU8923,CAR,,42.8,ACTIVE,2026-08-15T13:23:00.000Z,2026-08-28T17:03:18.185Z,2026-08-27T13:53:07.368Z,2026-08-28T04:42:21.344Z
cmtbl1x65004qk1irdjzj5wj4,MP39VL3501,CAR,,50.6,ACTIVE,2026-08-15T10:44:00.000Z,2026-08-28T08:13:36.309Z,2026-08-27T13:53:07.368Z,2026-08-28T08:06:07.409Z
cmtbl1x65004rk1ir5vlenlv3,UP46DX1683,CAR,,50.2,ACTIVE,2026-08-15T14:35:00.000Z,2026-08-28T17:01:31.981Z,2026-08-27T13:53:07.368Z,2026-08-28T04:41:29.490Z
cmtbl1x65004sk1irg45dao0x,UP81PY0613,MOTORCYCLE,,39.2,ACTIVE,2026-08-15T05:05:00.000Z,2026-08-28T08:13:36.309Z,2026-08-27T13:53:07.368Z,2026-08-28T08:06:05.766Z
cmtbl1x65004tk1iriaroq314,MP64RO4647,SCOOTER,,36.7,ACTIVE,2026-08-14T22:34:00.000Z,2026-08-28T08:12:39.933Z,2026-08-27T13:53:07.368Z,2026-08-28T08:05:47.241Z
cmtbl1x65004uk1irbpu3r6yo,MP16HU9650,CAR,,44.9,ACTIVE,2026-08-15T05:13:00.000Z,2026-08-28T08:09:02.469Z,2026-08-27T13:53:07.368Z,2026-08-28T08:03:49.756Z
cmtbl1x65004vk1irsggfxxqk,UP94CY2295,MOTORCYCLE,,51.2,ACTIVE,2026-08-15T05:44:00.000Z,2026-08-27T17:33:39.256Z,2026-08-27T13:53:07.368Z,2026-08-27T18:50:50.240Z
cmtbl1x65004wk1irxys1qtyw,UP35XM9418,TRUCK,,26.7,ACTIVE,2026-08-15T06:33:00.000Z,2026-08-27T17:32:31.184Z,2026-08-27T13:53:07.368Z,2026-08-27T18:50:50.240Z
cmtbl1x65004xk1iroy1t6fgb,UP47EI1001,TAXI,,43.5,ACTIVE,2026-08-16T11:33:00.000Z,2026-08-28T06:17:50.098Z,2026-08-27T13:53:07.368Z,2026-08-28T05:19:23.394Z
cmtbl1x65004yk1irs8nbiqij,UP59UY5605,CAR,,42.4,ACTIVE,2026-08-16T09:39:00.000Z,2026-08-27T16:06:44.093Z,2026-08-27T13:53:07.368Z,2026-08-27T18:50:50.240Z
cmtbl1x65004zk1irv11tzrhb,BR95HL5583,CAR,,46.1,ACTIVE,2026-08-16T03:59:00.000Z,2026-08-28T08:10:21.129Z,2026-08-27T13:53:07.368Z,2026-08-28T08:04:34.021Z
cmtbl1x650050k1irad0d6itb,UP59GV2067,CAR,,43.3,ACTIVE,2026-08-16T13:19:00.000Z,2026-08-27T18:44:40.655Z,2026-08-27T13:53:07.368Z,2026-08-27T18:50:50.240Z
cmtbl1x650051k1irs8yxh05e,BR07SG8112,AUTO,,27.4,ACTIVE,2026-08-15T22:54:00.000Z,2026-08-27T16:05:51.653Z,2026-08-27T13:53:07.368Z,2026-08-27T18:50:50.240Z
cmtbl1x650052k1ir53ydjfok,UP90VR7919,CAR,,44.2,ACTIVE,2026-08-16T11:37:59.175Z,2026-08-27T16:03:14.435Z,2026-08-27T13:53:07.368Z,2026-08-27T18:50:50.240Z
cmtbl1x650053k1ir7hd880v5,UP57OM1713,CAR,,55.1,ACTIVE,2026-08-16T05:07:00.000Z,2026-08-28T08:09:42.787Z,2026-08-27T13:53:07.368Z,2026-08-28T08:04:18.356Z
cmtbl1x650054k1ir61w9wkx7,UP05YB3757,CAR,,54.4,ACTIVE,2026-08-16T02:36:00.000Z,2026-08-28T17:06:14.455Z,2026-08-27T13:53:07.368Z,2026-08-28T04:43:49.809Z
cmtbl1x650055k1ir9141gs57,UP31BP3162,MOTORCYCLE,,43.1,ACTIVE,2026-08-16T03:29:00.000Z,2026-08-28T06:18:38.396Z,2026-08-27T13:53:07.368Z,2026-08-28T05:19:49.312Z
cmtbl1x650056k1irwgoaygoe,UP50QM9184,SCOOTER,,34.6,ACTIVE,2026-08-16T06:08:00.000Z,2026-08-28T08:11:41.587Z,2026-08-27T13:53:07.368Z,2026-08-28T08:05:21.022Z
cmtbl1x660057k1iryubiafms,UP28IF8669,CAR,,48.5,ACTIVE,2026-08-15T22:51:00.000Z,2026-08-28T06:19:20.658Z,2026-08-27T13:53:07.368Z,2026-08-28T05:20:13.606Z
cmtbl1x660058k1iru5pel2vn,UP07GE9358,AUTO,,28,ACTIVE,2026-08-16T11:34:00.000Z,2026-08-28T08:13:36.309Z,2026-08-27T13:53:07.368Z,2026-08-28T08:06:08.225Z
cmtbl1x660059k1irgaz5y2l6,UP72WW2137,SCOOTER,,27,ACTIVE,2026-08-16T08:14:00.000Z,2026-08-28T08:11:41.587Z,2026-08-27T13:53:07.368Z,2026-08-28T08:05:09.301Z
cmtbl1x66005ak1irk305cgut,MP93CE8739,CAR,,43.9,ACTIVE,2026-08-16T08:02:00.000Z,2026-08-28T17:02:22.075Z,2026-08-27T13:53:07.368Z,2026-08-28T04:41:55.212Z
cmtbl1x66005bk1irzlrh9in0,UP29XS5501,MOTORCYCLE,,36.4,ACTIVE,2026-08-16T06:01:00.000Z,2026-08-28T06:17:50.098Z,2026-08-27T13:53:07.368Z,2026-08-28T05:19:31.289Z
cmtbl1x66005ck1irjlwwl7ob,BR03QG6316,AUTO,,27.8,ACTIVE,2026-08-16T04:47:00.000Z,2026-08-27T16:07:42.821Z,2026-08-27T13:53:07.368Z,2026-08-27T18:50:50.240Z
cmtbl1x66005dk1irjmxxixf4,UP78RF4053,CAR,,44.8,ACTIVE,2026-08-16T07:46:29.439Z,2026-08-27T18:44:40.655Z,2026-08-27T13:53:07.368Z,2026-08-27T18:50:50.240Z
cmtbl1x66005ek1irga3z25c7,UP94EF1935,SCOOTER,,32.7,ACTIVE,2026-08-16T05:11:59.416Z,2026-08-28T06:14:00.794Z,2026-08-27T13:53:07.368Z,2026-08-28T05:17:28.294Z
cmtbl1x66005fk1ir9wrmlvst,UP05SB5136,CAR,,44,ACTIVE,2026-08-16T08:34:00.000Z,2026-08-28T05:35:45.262Z,2026-08-27T13:53:07.368Z,2026-08-28T05:30:08.208Z
cmtbl1x66005gk1irha5w38vc,UP71NU9290,CAR,,39.9,ACTIVE,2026-08-16T09:42:13.792Z,2026-08-28T17:03:18.185Z,2026-08-27T13:53:07.368Z,2026-08-28T04:42:26.723Z
cmtbl1x66005hk1ir1u438fd1,UP70LR2136,SCOOTER,,32.3,ACTIVE,2026-08-16T07:25:00.000Z,2026-08-28T08:13:36.309Z,2026-08-27T13:53:07.368Z,2026-08-28T08:06:06.175Z
cmtbl1x66005ik1irh7nej0ac,UP73QL0761,VAN,,38.3,ACTIVE,2026-08-16T02:07:00.000Z,2026-08-27T15:46:45.435Z,2026-08-27T13:53:07.368Z,2026-08-27T18:50:50.240Z
cmtbl1x66005jk1irnefgec9x,DL84BG2371,CAR,,47.6,ACTIVE,2026-08-16T05:30:00.000Z,2026-08-28T08:12:39.933Z,2026-08-27T13:53:07.368Z,2026-08-28T08:05:39.145Z
cmtbl1x66005kk1ir79lfdckd,UP05MJ2702,CAR,,47.1,ACTIVE,2026-08-15T23:44:00.000Z,2026-08-27T15:46:01.385Z,2026-08-27T13:53:07.368Z,2026-08-27T18:50:50.240Z
cmtbl1x66005lk1irimzrasph,MP28JS8153,SCOOTER,,37.6,ACTIVE,2026-08-16T09:00:00.000Z,2026-08-27T15:44:50.653Z,2026-08-27T13:53:07.368Z,2026-08-27T18:50:50.240Z
cmtbl1x66005mk1ir3gxg82cz,UP60ZB9568,CAR,,47.3,ACTIVE,2026-08-16T00:51:00.000Z,2026-08-27T16:08:34.883Z,2026-08-27T13:53:07.368Z,2026-08-27T18:50:50.240Z
cmtbl1x66005nk1irjgdozbdr,MP25LD1295,CAR,,46.6,ACTIVE,2026-08-16T02:57:00.000Z,2026-08-28T17:06:14.455Z,2026-08-27T13:53:07.368Z,2026-08-28T04:43:59.230Z
cmtbl1x66005ok1ir5sodxqo5,UP33CB3331,CAR,,43.2,ACTIVE,2026-08-16T09:33:00.000Z,2026-08-28T05:34:58.958Z,2026-08-27T13:53:07.368Z,2026-08-28T05:29:40.826Z
cmtbl1x66005pk1irzh0novk9,UP32TG4680,CAR,,46.2,ACTIVE,2026-08-16T02:40:00.000Z,2026-08-28T17:06:14.455Z,2026-08-27T13:53:07.368Z,2026-08-28T04:56:00.431Z
cmtbl1x66005qk1irrzasdkw2,CG93QB8307,AUTO,,31.9,ACTIVE,2026-08-16T08:42:00.000Z,2026-08-27T16:05:36.631Z,2026-08-27T13:53:07.368Z,2026-08-27T18:50:50.240Z
cmtbl1x66005rk1irwymkjfnn,BR37JB4097,SCOOTER,,39.9,ACTIVE,2026-08-16T06:07:00.000Z,2026-08-27T18:44:40.655Z,2026-08-27T13:53:07.368Z,2026-08-27T18:50:50.240Z
cmtbl1x66005sk1ir9b6t1z3z,UP97LB9624,SCOOTER,,35.4,ACTIVE,2026-08-16T04:10:00.000Z,2026-08-27T16:07:42.821Z,2026-08-27T13:53:07.368Z,2026-08-27T18:50:50.240Z
cmtbl1x66005tk1ircwyyb0iu,RJ61ZL0146,CAR,,47.2,ACTIVE,2026-08-15T23:39:00.000Z,2026-08-28T05:35:45.262Z,2026-08-27T13:53:07.368Z,2026-08-28T05:30:06.981Z
cmtbl1x66005uk1irxewxap75,UP57EK8995,TRUCK,,36.5,ACTIVE,2026-08-16T08:33:00.000Z,2026-08-28T17:03:18.185Z,2026-08-27T13:53:07.368Z,2026-08-28T04:42:23.613Z
cmtbl1x66005vk1ir6aywswt3,UP26PZ0011,MOTORCYCLE,,42.8,ACTIVE,2026-08-16T14:12:00.000Z,2026-08-28T05:34:22.754Z,2026-08-27T13:53:07.368Z,2026-08-28T05:29:22.387Z
cmtbl1x66005wk1ir49si3yqx,DL38AM0466,CAR,,42.1,ACTIVE,2026-08-16T02:38:00.000Z,2026-08-28T05:35:45.262Z,2026-08-27T13:53:07.368Z,2026-08-28T05:30:10.600Z
cmtbl1x66005xk1irumivjv2f,UP31SF8469,AUTO,,24.9,ACTIVE,2026-08-16T06:59:00.000Z,2026-08-27T15:10:45.689Z,2026-08-27T13:53:07.368Z,2026-08-27T18:50:50.240Z
cmtbl1x66005yk1irabnfmm0u,UP64QU8128,CAR,,49.9,ACTIVE,2026-08-16T02:41:00.000Z,2026-08-27T17:31:47.138Z,2026-08-27T13:53:07.368Z,2026-08-27T18:50:50.240Z
cmtbl1x66005zk1iri4fw7dhi,MP46JP9020,CAR,,43.7,ACTIVE,2026-08-16T04:02:00.000Z,2026-08-27T15:38:19.873Z,2026-08-27T13:53:07.368Z,2026-08-27T18:50:50.240Z
cmtbl1x660060k1ir8tj0gjrx,UP08OT9578,CAR,,44.2,ACTIVE,2026-08-15T22:47:00.000Z,2026-08-28T17:03:18.185Z,2026-08-27T13:53:07.368Z,2026-08-28T04:42:21.346Z
cmtbl1x660061k1irhqqf7i0y,DL79TZ5115,MOTORCYCLE,,44.2,ACTIVE,2026-08-15T22:41:00.000Z,2026-08-28T17:06:14.455Z,2026-08-27T13:53:07.368Z,2026-08-28T04:43:57.224Z
cmtbl1x660062k1irdkt6lpf2,UP14SF0959,CAR,,51.5,ACTIVE,2026-08-15T23:12:00.000Z,2026-08-27T18:44:40.655Z,2026-08-27T13:53:07.368Z,2026-08-27T18:50:50.240Z
cmtbl1x660063k1ir3fwc6468,UP61JE4233,TRUCK,,28.2,ACTIVE,2026-08-15T22:52:00.000Z,2026-08-28T08:12:39.933Z,2026-08-27T13:53:07.368Z,2026-08-28T08:05:52.871Z
cmtbl1x660064k1iropqynrcz,CG35RI7834,SCOOTER,,29.3,ACTIVE,2026-08-16T09:39:00.000Z,2026-08-27T17:31:47.138Z,2026-08-27T13:53:07.368Z,2026-08-27T18:50:50.240Z
cmtbl1x660065k1irwvcb58io,UP04DR1940,TRUCK,,33.7,ACTIVE,2026-08-16T03:40:00.000Z,2026-08-28T17:01:31.981Z,2026-08-27T13:53:07.368Z,2026-08-28T04:41:32.686Z
cmtbl1x660066k1iras18s9qb,UP10FY2239,MOTORCYCLE,,43.3,ACTIVE,2026-08-16T13:47:19.039Z,2026-08-27T18:44:40.655Z,2026-08-27T13:53:07.368Z,2026-08-27T18:50:50.240Z
cmtbl1x660067k1irfjeir3zx,UP23HR3912,CAR,,47.4,ACTIVE,2026-08-16T08:35:00.000Z,2026-08-28T17:06:14.455Z,2026-08-27T13:53:07.368Z,2026-08-28T04:43:59.230Z
cmtbl1x660068k1irh18vclno,UP55AT3940,CAR,,43.7,ACTIVE,2026-08-15T23:56:00.000Z,2026-08-27T15:38:19.873Z,2026-08-27T13:53:07.368Z,2026-08-27T18:50:50.240Z
cmtbl1x660069k1irfs5imtfj,BR96XB9194,MOTORCYCLE,,40.9,ACTIVE,2026-08-16T05:43:00.000Z,2026-08-28T06:18:38.396Z,2026-08-27T13:53:07.368Z,2026-08-28T05:19:52.530Z
cmtbl1x66006ak1irrkh9c4vi,MP22NB5593,CAR,,46.5,ACTIVE,2026-08-16T00:08:00.000Z,2026-08-27T18:44:40.655Z,2026-08-27T13:53:07.368Z,2026-08-27T18:50:50.240Z
cmtbl1x66006bk1ir9sqiwvk0,UP59SF6171,AUTO,,30.7,ACTIVE,2026-08-16T11:30:00.000Z,2026-08-28T08:12:39.933Z,2026-08-27T13:53:07.368Z,2026-08-28T08:05:54.096Z
cmtbl1x66006ck1irjfdd80oc,UP93HK1530,AUTO,,30.2,ACTIVE,2026-08-16T11:40:00.000Z,2026-08-28T05:32:46.174Z,2026-08-27T13:53:07.368Z,2026-08-28T05:28:29.733Z
cmtbl1x66006dk1irk4m4yjze,UP29YK6423,CAR,,48.2,ACTIVE,2026-08-16T01:36:22.978Z,2026-08-28T08:10:57.395Z,2026-08-27T13:53:07.368Z,2026-08-28T08:04:53.577Z
cmtbl1x66006ek1ir7sdkqnq2,DL89WY4853,BUS,,35.9,ACTIVE,2026-08-16T01:42:00.000Z,2026-08-28T05:35:45.262Z,2026-08-27T13:53:07.368Z,2026-08-28T05:30:00.637Z
cmtbl1x66006fk1irvonzwxl5,UP47OF5645,SCOOTER,,30.9,ACTIVE,2026-08-16T23:27:00.000Z,2026-08-27T17:33:39.256Z,2026-08-27T13:53:07.368Z,2026-08-27T18:50:50.240Z
cmtbl1x66006gk1irj382s42w,MP11SB0225,MOTORCYCLE,,41.5,ACTIVE,2026-08-17T07:59:00.000Z,2026-08-27T18:44:40.655Z,2026-08-27T13:53:07.368Z,2026-08-27T18:50:50.240Z
cmtbl1x66006hk1irmqjw8zwj,UP82LC8510,TAXI,,38.3,ACTIVE,2026-08-16T22:46:00.000Z,2026-08-27T18:44:40.655Z,2026-08-27T13:53:07.368Z,2026-08-27T18:50:50.240Z
cmtbl1x66006ik1irv78a41zq,UP26ME2037,MOTORCYCLE,,36.8,ACTIVE,2026-08-17T06:40:00.000Z,2026-08-27T15:44:50.653Z,2026-08-27T13:53:07.368Z,2026-08-27T18:50:50.240Z
cmtbl1x66006jk1ird3obmhvo,DL57RT0723,MOTORCYCLE,,,ACTIVE,2026-08-17T03:23:55.816Z,2026-08-17T09:43:05.206Z,2026-08-27T13:53:07.368Z,2026-08-27T18:50:50.240Z
cmtbl1x66006kk1ir00y3upvl,UP74GF7390,SCOOTER,,27.9,ACTIVE,2026-08-17T05:37:00.000Z,2026-08-28T16:59:35.777Z,2026-08-27T13:53:07.368Z,2026-08-28T04:40:38.238Z
cmtbl1x66006lk1irbf3z673y,UP88AF3255,CAR,,40.4,ACTIVE,2026-08-17T08:32:00.000Z,2026-08-28T05:34:58.958Z,2026-08-27T13:53:07.368Z,2026-08-28T05:29:43.843Z
cmtbl1x66006mk1ir8be7twbd,UP53PQ9133,SCOOTER,,31.1,ACTIVE,2026-08-17T01:40:00.000Z,2026-08-28T17:04:10.269Z,2026-08-27T13:53:07.368Z,2026-08-28T04:42:42.693Z
cmtbl1x66006nk1irxhezbo2e,UP32PC9971,CAR,,51.4,ACTIVE,2026-08-16T22:40:00.000Z,2026-08-27T17:34:11.284Z,2026-08-27T13:53:07.368Z,2026-08-27T18:50:50.240Z
cmtbl1x66006ok1irrt9q2c2e,UP74LM8650,CAR,,47.2,ACTIVE,2026-08-17T01:31:00.000Z,2026-08-28T17:04:10.269Z,2026-08-27T13:53:07.368Z,2026-08-28T04:42:42.412Z
cmtbl1x66006pk1irollipml7,UP92AJ4732,MOTORCYCLE,,39.6,ACTIVE,2026-08-17T00:12:00.000Z,2026-08-28T08:11:41.587Z,2026-08-27T13:53:07.368Z,2026-08-28T08:05:15.201Z
cmtbl1x66006qk1iroyq8vd10,BR84EP6262,SCOOTER,,33.4,ACTIVE,2026-08-17T05:50:00.000Z,2026-08-28T08:09:02.469Z,2026-08-27T13:53:07.368Z,2026-08-28T08:03:51.114Z
cmtbl1x66006rk1ir9hm0yacw,UP86YN6877,SCOOTER,,29.4,ACTIVE,2026-08-17T01:16:00.000Z,2026-08-28T17:06:14.455Z,2026-08-27T13:53:07.368Z,2026-08-28T04:43:50.934Z
cmtbl1x66006sk1irnqhtedqb,DL27HT3912,CAR,,47.1,ACTIVE,2026-08-16T23:03:00.000Z,2026-08-27T17:31:47.138Z,2026-08-27T13:53:07.368Z,2026-08-27T18:50:50.240Z
cmtbl1x66006tk1ir0vhfj5px,MP01RT7204,SCOOTER,,31,ACTIVE,2026-08-17T01:13:00.000Z,2026-08-28T05:33:34.412Z,2026-08-27T13:53:07.368Z,2026-08-28T05:28:54.235Z
cmtbl1x66006uk1ir4pi4zwob,BR18RB9849,MOTORCYCLE,,,ACTIVE,2026-08-17T02:29:00.000Z,2026-08-17T13:14:03.186Z,2026-08-27T13:53:07.368Z,2026-08-27T18:50:50.240Z
cmtbl1x66006vk1irodzfwjuc,UP54VV5216,CAR,,44.8,ACTIVE,2026-08-17T01:17:00.000Z,2026-08-28T17:04:10.269Z,2026-08-27T13:53:07.368Z,2026-08-28T04:42:43.465Z
cmtbl1x66006wk1irwtjpumb6,DL86ZN0251,MOTORCYCLE,,43.7,ACTIVE,2026-08-16T21:30:00.000Z,2026-08-28T05:33:34.412Z,2026-08-27T13:53:07.368Z,2026-08-28T05:29:04.616Z
cmtbl1x66006xk1irxy5oj1v0,UP44PU2206,TRUCK,,21.7,ACTIVE,2026-08-17T02:17:00.000Z,2026-08-28T08:10:57.395Z,2026-08-27T13:53:07.368Z,2026-08-28T08:04:53.166Z
cmtbl1x66006yk1irzceg4b08,UP81WG2435,CAR,,49.4,ACTIVE,2026-08-17T03:18:00.000Z,2026-08-27T17:32:31.184Z,2026-08-27T13:53:07.368Z,2026-08-27T18:50:50.240Z
cmtbl1x66006zk1irpdsm14mn,MP37RY9699,MOTORCYCLE,,40.4,ACTIVE,2026-08-17T13:45:07.233Z,2026-08-28T08:12:39.933Z,2026-08-27T13:53:07.368Z,2026-08-28T08:05:47.236Z
cmtbl1x660070k1ir5cqip6sc,UP38MN4427,CAR,,47.7,ACTIVE,2026-08-17T03:17:00.000Z,2026-08-27T18:05:17.796Z,2026-08-27T13:53:07.368Z,2026-08-27T18:50:50.240Z
cmtbl1x660071k1irigc9cd6u,UP51HH8778,SCOOTER,,30.7,ACTIVE,2026-08-17T06:53:00.000Z,2026-08-28T05:35:45.262Z,2026-08-27T13:53:07.368Z,2026-08-28T05:30:08.210Z
cmtbl1x660072k1irr9cqp7si,UP88CA5516,CAR,,49.4,ACTIVE,2026-08-16T20:51:00.000Z,2026-08-27T16:05:36.631Z,2026-08-27T13:53:07.368Z,2026-08-27T18:50:50.240Z
cmtbl1x660073k1irwz20c6o1,UP89OW5065,CAR,,44.8,ACTIVE,2026-08-17T02:13:00.000Z,2026-08-27T15:14:07.865Z,2026-08-27T13:53:07.368Z,2026-08-27T18:50:50.240Z
cmtbl1x660074k1ir5iamqz4m,UP77HL5824,CAR,,42.4,ACTIVE,2026-08-17T02:58:00.000Z,2026-08-28T17:04:10.269Z,2026-08-27T13:53:07.368Z,2026-08-28T04:42:49.188Z
cmtbl1x660075k1irwq9j1938,UP28XW4716,AUTO,,28.8,ACTIVE,2026-08-17T04:25:00.000Z,2026-08-28T05:34:22.754Z,2026-08-27T13:53:07.368Z,2026-08-28T05:29:22.622Z
cmtbl1x660076k1iro7xxkxnw,BR27SO3887,CAR,,47.2,ACTIVE,2026-08-17T10:41:00.000Z,2026-08-28T17:02:22.075Z,2026-08-27T13:53:07.368Z,2026-08-28T04:41:55.219Z
cmtbl1x670077k1irkvp64tea,UP77XW4401,CAR,,52,ACTIVE,2026-08-17T08:18:00.000Z,2026-08-28T08:09:42.787Z,2026-08-27T13:53:07.368Z,2026-08-28T08:04:10.977Z
cmtbl1x670078k1ir3epiv6lg,UP24KP3496,MOTORCYCLE,,45.4,ACTIVE,2026-08-17T02:09:00.000Z,2026-08-28T17:06:14.455Z,2026-08-27T13:53:07.368Z,2026-08-28T04:43:51.956Z
cmtbl1x670079k1ir5mz55201,UP22WR1499,CAR,,47.8,ACTIVE,2026-08-17T02:21:00.000Z,2026-08-28T08:10:57.395Z,2026-08-27T13:53:07.368Z,2026-08-28T08:04:48.765Z
cmtbl1x67007ak1irdif1yu3w,UP27XE0817,TRUCK,,30.2,ACTIVE,2026-08-17T07:26:25.622Z,2026-08-27T16:07:42.821Z,2026-08-27T13:53:07.368Z,2026-08-27T18:50:50.240Z
cmtbl1x67007bk1ir9hfxbntn,CG40OB1998,TAXI,,43.2,ACTIVE,2026-08-17T03:09:00.000Z,2026-08-27T17:33:07.218Z,2026-08-27T13:53:07.368Z,2026-08-27T18:50:50.240Z
cmtbl1x67007ck1irmiirctwh,UP16XD5098,CAR,,45.5,ACTIVE,2026-08-17T15:03:00.000Z,2026-08-28T17:06:14.455Z,2026-08-27T13:53:07.368Z,2026-08-28T04:43:51.255Z
cmtbl1x67007dk1irkqgom6ig,BR96SV9611,SCOOTER,,37.8,ACTIVE,2026-08-17T00:43:00.000Z,2026-08-28T17:03:18.185Z,2026-08-27T13:53:07.368Z,2026-08-28T04:42:16.537Z
cmtbl1x67007ek1ircomzohqk,UP62LZ5450,BUS,,35.4,ACTIVE,2026-08-17T02:39:00.000Z,2026-08-27T18:44:40.655Z,2026-08-27T13:53:07.368Z,2026-08-27T18:50:50.240Z
cmtbl1x67007fk1ircd7xq9nj,DL18BM8652,MOTORCYCLE,,42.6,ACTIVE,2026-08-16T23:09:00.000Z,2026-08-27T18:06:29.872Z,2026-08-27T13:53:07.368Z,2026-08-27T18:50:50.240Z
cmtbl1x67007gk1iroflj3z58,UP84KN3837,MOTORCYCLE,,40,ACTIVE,2026-08-17T01:04:00.000Z,2026-08-28T17:06:14.455Z,2026-08-27T13:53:07.368Z,2026-08-28T04:43:50.321Z
cmtbl1x67007hk1ir62o0ypmv,UP23NK9215,TRUCK,,30,ACTIVE,2026-08-16T22:39:00.000Z,2026-08-27T18:07:07.902Z,2026-08-27T13:53:07.368Z,2026-08-27T18:50:50.240Z
cmtbl1x67007ik1iruf0eynai,UP87TO2438,CAR,,41.6,ACTIVE,2026-08-17T10:06:00.000Z,2026-08-28T05:34:58.958Z,2026-08-27T13:53:07.368Z,2026-08-28T05:29:42.918Z
cmtbl1x67007jk1ir7izypxq8,MP94LL3347,CAR,,50.6,ACTIVE,2026-08-17T07:36:00.000Z,2026-08-27T18:44:40.655Z,2026-08-27T13:53:07.368Z,2026-08-27T18:50:50.240Z
cmtbl1x67007kk1irbtklp3qr,DL96RE3681,CAR,,46.4,ACTIVE,2026-08-17T01:39:00.000Z,2026-08-28T08:11:41.587Z,2026-08-27T13:53:07.368Z,2026-08-28T08:05:15.589Z
cmtbl1x67007lk1ir33sat2lk,UP77BY1560,TRUCK,,27.6,ACTIVE,2026-08-17T08:03:00.000Z,2026-08-27T18:44:40.655Z,2026-08-27T13:53:07.368Z,2026-08-27T18:50:50.240Z
cmtbl1x67007mk1ir666sphve,UP16LW5005,SCOOTER,,30.6,ACTIVE,2026-08-17T02:02:00.000Z,2026-08-28T08:10:57.395Z,2026-08-27T13:53:07.368Z,2026-08-28T08:04:57.981Z
cmtbl1x67007nk1irn46o8b6a,DL67NU3358,CAR,,39.6,ACTIVE,2026-08-16T22:54:00.000Z,2026-08-27T17:34:11.284Z,2026-08-27T13:53:07.368Z,2026-08-27T18:50:50.240Z
cmtbl1x67007ok1ir8lsgj4lc,UP48LB9679,MOTORCYCLE,,44.1,ACTIVE,2026-08-17T01:36:00.000Z,2026-08-28T17:06:14.455Z,2026-08-27T13:53:07.368Z,2026-08-28T04:43:49.809Z
cmtbl1x67007pk1irtztz7pe5,UP05KW2257,SCOOTER,,44,ACTIVE,2026-08-17T02:18:00.000Z,2026-08-27T18:05:17.796Z,2026-08-27T13:53:07.368Z,2026-08-27T18:50:50.240Z
cmtbl1x67007qk1irszsx3d6h,CG81VU3781,TRUCK,,29.8,ACTIVE,2026-08-17T08:51:00.000Z,2026-08-28T17:06:14.455Z,2026-08-27T13:53:07.368Z,2026-08-28T04:43:49.808Z
cmtbl1x67007rk1ir4g5q9btc,UP81PC2619,CAR,,46.8,ACTIVE,2026-08-17T01:06:00.000Z,2026-08-27T15:23:05.238Z,2026-08-27T13:53:07.368Z,2026-08-27T18:50:50.240Z
cmtbl1x67007sk1irmgs2g9qf,UP27RI9833,MOTORCYCLE,,49.1,ACTIVE,2026-08-17T13:01:00.000Z,2026-08-27T16:06:40.709Z,2026-08-27T13:53:07.368Z,2026-08-27T18:50:50.240Z
cmtbl1x67007tk1ir4xhz5jx4,UP32YW1677,CAR,,50.9,ACTIVE,2026-08-17T03:39:00.000Z,2026-08-27T15:46:01.385Z,2026-08-27T13:53:07.368Z,2026-08-27T18:50:50.240Z
cmtbl1x67007uk1iru5b8cwbe,UP78XC2537,AUTO,,24.4,ACTIVE,2026-08-17T01:12:00.000Z,2026-08-28T08:11:41.587Z,2026-08-27T13:53:07.368Z,2026-08-28T08:05:09.654Z
cmtbl1x67007vk1irolqsvxru,UP70KG9953,CAR,,44.5,ACTIVE,2026-08-17T05:59:00.000Z,2026-08-28T17:03:18.185Z,2026-08-27T13:53:07.368Z,2026-08-28T04:42:26.393Z
cmtbl1x67007wk1ir4htgt1xm,UP16PN9155,MOTORCYCLE,,45.5,ACTIVE,2026-08-16T23:00:00.000Z,2026-08-28T08:12:39.933Z,2026-08-27T13:53:07.368Z,2026-08-28T08:05:51.840Z
cmtbl1x67007xk1irttroosjf,UP75DO9073,MOTORCYCLE,,36.6,ACTIVE,2026-08-17T06:04:00.000Z,2026-08-28T08:11:41.587Z,2026-08-27T13:53:07.368Z,2026-08-28T08:05:10.475Z
cmtbl1x67007yk1iranpl2ba0,CG20QW3005,MOTORCYCLE,,40.3,ACTIVE,2026-08-17T12:48:00.000Z,2026-08-27T16:08:34.883Z,2026-08-27T13:53:07.368Z,2026-08-27T18:50:50.240Z
cmtbl1x67007zk1irl1lc96u4,MP23YZ7357,MOTORCYCLE,,47.9,ACTIVE,2026-08-17T05:10:00.000Z,2026-08-28T05:35:45.262Z,2026-08-27T13:53:07.368Z,2026-08-28T05:30:10.360Z
cmtbl1x670080k1irhjtggh14,UP32PT9282,MOTORCYCLE,,44.2,ACTIVE,2026-08-17T02:12:00.000Z,2026-08-28T17:06:14.455Z,2026-08-27T13:53:07.368Z,2026-08-28T04:44:02.705Z
cmtbl1x670081k1ir3ejnnn9n,UP29AW9103,MOTORCYCLE,,34.9,ACTIVE,2026-08-17T02:43:37.064Z,2026-08-27T18:44:40.655Z,2026-08-27T13:53:07.368Z,2026-08-27T18:50:50.240Z
cmtbl1x670082k1irb3fsh66z,UP48WD8254,MOTORCYCLE,,44.7,ACTIVE,2026-08-17T03:00:00.000Z,2026-08-28T05:30:29.430Z,2026-08-27T13:53:07.368Z,2026-08-28T05:27:29.387Z
cmtbl1x670083k1irjixa9dt1,UP42KT0520,SCOOTER,,28.2,ACTIVE,2026-08-17T01:03:00.000Z,2026-08-28T08:12:39.933Z,2026-08-27T13:53:07.368Z,2026-08-28T08:05:54.505Z
cmtbl1x670084k1irfmjxex1f,RJ40HM1508,MOTORCYCLE,,42.1,ACTIVE,2026-08-17T02:39:00.000Z,2026-08-27T17:29:59.034Z,2026-08-27T13:53:07.368Z,2026-08-27T18:50:50.240Z
cmtbl1x670085k1irfw6nezhv,UP57EP5915,BUS,,35.2,ACTIVE,2026-08-16T23:01:00.000Z,2026-08-27T15:05:19.436Z,2026-08-27T13:53:07.368Z,2026-08-27T18:50:50.240Z
cmtbl1x670086k1irjtixzest,UP42IO6886,CAR,,52.7,ACTIVE,2026-08-17T10:44:00.000Z,2026-08-28T06:21:23.610Z,2026-08-27T13:53:07.368Z,2026-08-28T05:21:11.641Z
cmtbl1x670087k1ir212sw6u7,UP33TW1404,SCOOTER,,37,ACTIVE,2026-08-17T07:33:00.000Z,2026-08-27T18:44:40.655Z,2026-08-27T13:53:07.368Z,2026-08-27T18:50:50.240Z
cmtbl1x670088k1ir2t3a440n,UP57CA3040,CAR,,41.8,ACTIVE,2026-08-16T23:44:00.000Z,2026-08-28T08:07:37.955Z,2026-08-27T13:53:07.368Z,2026-08-28T08:03:13.123Z
cmtbl1x670089k1iryuq51iha,HR11TX7960,CAR,,45.9,ACTIVE,2026-08-17T00:04:00.000Z,2026-08-28T08:11:41.587Z,2026-08-27T13:53:07.368Z,2026-08-28T08:05:16.820Z
cmtbl1x67008ak1irxozmmgtl,UP34CG2952,MOTORCYCLE,,42.4,ACTIVE,2026-08-17T00:56:00.000Z,2026-08-27T18:44:40.655Z,2026-08-27T13:53:07.368Z,2026-08-27T18:50:50.240Z
cmtbl1x67008bk1irn6biqnrq,UP54KJ8677,MOTORCYCLE,,42,ACTIVE,2026-08-17T08:12:00.000Z,2026-08-27T18:01:51.620Z,2026-08-27T13:53:07.368Z,2026-08-27T18:50:50.240Z
cmtbl1x67008ck1ircagqq7bc,DL45GM7354,SCOOTER,,34,ACTIVE,2026-08-18T06:54:00.000Z,2026-08-28T08:13:36.309Z,2026-08-27T13:53:07.368Z,2026-08-28T08:06:07.405Z
cmtbl1x67008dk1irzktajrq8,UP88SP2048,SCOOTER,,29.8,ACTIVE,2026-08-18T01:31:00.000Z,2026-08-27T18:44:40.655Z,2026-08-27T13:53:07.368Z,2026-08-27T18:50:50.240Z
cmtbl1x67008ek1irvr9suyp1,UP41UZ7198,CAR,,47.5,ACTIVE,2026-08-18T07:44:00.000Z,2026-08-28T05:33:34.412Z,2026-08-27T13:53:07.368Z,2026-08-28T05:29:05.327Z
cmtbl1x67008fk1irizmjxc9d,UP96FC5518,TRUCK,,30.7,ACTIVE,2026-08-17T23:52:00.000Z,2026-08-27T16:05:36.631Z,2026-08-27T13:53:07.368Z,2026-08-27T18:50:50.240Z
cmtbl1x67008gk1irt1738g7w,UP11GY3106,CAR,,46.7,ACTIVE,2026-08-18T04:09:00.000Z,2026-08-27T15:46:45.435Z,2026-08-27T13:53:07.368Z,2026-08-27T18:50:50.240Z
cmtbl1x67008hk1irqmh2m7c2,DL97GP2861,MOTORCYCLE,,40.8,ACTIVE,2026-08-18T06:58:00.000Z,2026-08-28T05:34:22.754Z,2026-08-27T13:53:07.368Z,2026-08-28T05:29:22.454Z
cmtbl1x67008ik1irb3bb6gqs,UP72OY1052,CAR,,55.6,ACTIVE,2026-08-18T00:13:00.000Z,2026-08-28T08:10:57.395Z,2026-08-27T13:53:07.368Z,2026-08-28T08:04:46.304Z
cmtbl1x67008jk1irmekgdagy,UP41RJ3466,CAR,,46.2,ACTIVE,2026-08-18T07:04:00.000Z,2026-08-28T06:20:41.236Z,2026-08-27T13:53:07.368Z,2026-08-28T05:20:54.023Z
cmtbl1x67008kk1irtnnmj6tb,UP94KN7771,CAR,,50.9,ACTIVE,2026-08-18T01:15:00.000Z,2026-08-27T16:05:51.653Z,2026-08-27T13:53:07.368Z,2026-08-27T18:50:50.240Z
cmtbl1x67008lk1irkysdjouu,UP09PH4723,SCOOTER,,30.7,ACTIVE,2026-08-18T00:52:00.000Z,2026-08-28T05:32:46.174Z,2026-08-27T13:53:07.368Z,2026-08-28T05:28:28.629Z
cmtbl1x67008mk1ir2jwzs4nf,UP55DX9060,AUTO,,37.6,ACTIVE,2026-08-18T02:36:00.000Z,2026-08-28T17:06:14.455Z,2026-08-27T13:53:07.368Z,2026-08-28T04:43:44.964Z
cmtbl1x67008nk1irvvjr2ih6,UP56RB8446,CAR,,48.2,ACTIVE,2026-08-18T13:42:00.000Z,2026-08-28T08:12:39.933Z,2026-08-27T13:53:07.368Z,2026-08-28T08:05:52.078Z
cmtbl1x67008ok1irnnn7qlg2,UP44TN8839,CAR,,49.1,ACTIVE,2026-08-18T01:59:00.000Z,2026-08-28T05:35:45.262Z,2026-08-27T13:53:07.368Z,2026-08-28T05:29:58.490Z
cmtbl1x67008pk1ir4idt6y47,UP60EQ0577,CAR,,50,ACTIVE,2026-08-18T01:33:00.000Z,2026-08-28T08:11:41.587Z,2026-08-27T13:53:07.368Z,2026-08-28T08:05:15.591Z
cmtbl1x67008qk1iruzck7agw,UP41BP4427,CAR,,50.5,ACTIVE,2026-08-18T00:02:00.000Z,2026-08-28T17:06:14.455Z,2026-08-27T13:53:07.368Z,2026-08-28T04:43:43.931Z
cmtbl1x67008rk1iramvymnz8,DL85MH4726,CAR,,42.6,ACTIVE,2026-08-18T02:27:00.000Z,2026-08-28T08:11:41.587Z,2026-08-27T13:53:07.368Z,2026-08-28T08:05:17.640Z
cmtbl1x67008sk1irc35kgabl,UP81GF6339,CAR,,36.1,ACTIVE,2026-08-17T22:52:00.000Z,2026-08-28T06:21:23.610Z,2026-08-27T13:53:07.368Z,2026-08-28T05:21:10.856Z
cmtbl1x67008tk1irva0v8qu5,UP46KZ1558,MOTORCYCLE,,38.4,ACTIVE,2026-08-18T08:18:00.000Z,2026-08-28T05:32:07.976Z,2026-08-27T13:53:07.368Z,2026-08-28T05:28:10.766Z
cmtbl1x67008uk1irg0yxztje,UP54ZM1573,SCOOTER,,30.1,ACTIVE,2026-08-18T05:42:51.255Z,2026-08-28T17:03:18.185Z,2026-08-27T13:53:07.368Z,2026-08-28T04:42:26.723Z
cmtbl1x67008vk1irdr23527e,UP95MS9371,TRUCK,,31.3,ACTIVE,2026-08-18T05:22:00.000Z,2026-08-28T05:33:34.412Z,2026-08-27T13:53:07.368Z,2026-08-28T05:29:01.162Z
cmtbl1x67008wk1ircz4ku4vz,BR23RW0136,CAR,,50.6,ACTIVE,2026-08-18T06:27:00.000Z,2026-08-28T08:11:41.587Z,2026-08-27T13:53:07.368Z,2026-08-28T08:05:10.473Z
cmtbl1x67008xk1ir8mpzg5c9,UP22OM6563,SCOOTER,,32.7,ACTIVE,2026-08-18T02:31:00.000Z,2026-08-28T17:04:10.269Z,2026-08-27T13:53:07.368Z,2026-08-28T04:42:43.832Z
cmtbl1x67008yk1ir5vtu16za,UP94QL7125,CAR,,48.9,ACTIVE,2026-08-17T23:43:00.000Z,2026-08-28T05:35:45.262Z,2026-08-27T13:53:07.368Z,2026-08-28T05:30:08.213Z
cmtbl1x67008zk1irug53grkh,UP50GB9155,MOTORCYCLE,,41.3,ACTIVE,2026-08-17T23:47:00.000Z,2026-08-27T18:44:40.655Z,2026-08-27T13:53:07.368Z,2026-08-27T18:50:50.240Z
cmtbl1x670090k1iriy2394q2,UP77PL4004,AUTO,,26.9,ACTIVE,2026-08-18T08:06:00.000Z,2026-08-27T18:44:40.655Z,2026-08-27T13:53:07.368Z,2026-08-27T18:50:50.240Z
cmtbl1x670091k1ird52ffh3z,UP60ML9276,AUTO,,27.9,ACTIVE,2026-08-18T06:09:00.000Z,2026-08-27T18:07:41.934Z,2026-08-27T13:53:07.368Z,2026-08-27T18:50:50.240Z
cmtbl1x670092k1irt0xfl9z2,UP97JB1999,MOTORCYCLE,,32,ACTIVE,2026-08-18T04:55:00.000Z,2026-08-28T08:10:57.395Z,2026-08-27T13:53:07.368Z,2026-08-28T08:04:57.981Z
cmtbl1x670093k1ir4rm7wi6m,UP94OJ1676,CAR,,54.9,ACTIVE,2026-08-18T01:08:00.000Z,2026-08-28T05:34:58.958Z,2026-08-27T13:53:07.368Z,2026-08-28T05:29:36.530Z
cmtbl1x670094k1ir0p5ciczj,UP93EU5221,CAR,,51.5,ACTIVE,2026-08-18T04:53:00.000Z,2026-08-28T06:22:05.836Z,2026-08-27T13:53:07.368Z,2026-08-28T05:21:38.155Z
cmtbl1x670095k1irv17vydl9,UP98UH7812,TAXI,,44.6,ACTIVE,2026-08-18T12:22:00.000Z,2026-08-27T16:06:40.709Z,2026-08-27T13:53:07.368Z,2026-08-27T18:50:50.240Z
cmtbl1x670096k1ir4rohjib0,HR92PU1129,CAR,,46.2,ACTIVE,2026-08-18T16:15:00.000Z,2026-08-28T06:21:23.610Z,2026-08-27T13:53:07.368Z,2026-08-28T05:21:10.858Z
cmtbl1x670097k1irp3lonse5,UP98XU9022,TRUCK,,29.5,ACTIVE,2026-08-18T00:39:00.000Z,2026-08-28T08:12:39.933Z,2026-08-27T13:53:07.368Z,2026-08-28T08:05:48.472Z
cmtbl1x670098k1ir35nhphdt,UP38NF8044,CAR,,42.7,ACTIVE,2026-08-18T07:41:00.000Z,2026-08-28T05:35:45.262Z,2026-08-27T13:53:07.368Z,2026-08-28T05:30:06.980Z
cmtbl1x680099k1iro6hekcwq,RJ58OQ1022,AUTO,,25.2,ACTIVE,2026-08-18T03:18:00.000Z,2026-08-27T18:44:40.655Z,2026-08-27T13:53:07.368Z,2026-08-27T18:50:50.240Z
cmtbl1x68009ak1ir64yp5e7f,DL56UO5625,SCOOTER,,33.3,ACTIVE,2026-08-18T01:38:00.000Z,2026-08-28T05:33:34.412Z,2026-08-27T13:53:07.368Z,2026-08-28T05:29:00.525Z
cmtbl1x68009bk1ir6w0yzgz2,UP28LZ5789,CAR,,46.7,ACTIVE,2026-08-18T04:14:31.693Z,2026-08-27T18:44:40.655Z,2026-08-27T13:53:07.368Z,2026-08-27T18:50:50.240Z
cmtbl1x68009ck1irxwvaj5ql,UP16CR1056,MOTORCYCLE,,41.2,ACTIVE,2026-08-17T23:08:00.000Z,2026-08-27T18:07:07.902Z,2026-08-27T13:53:07.368Z,2026-08-27T18:50:50.240Z
cmtbl1x68009dk1ird3t2mgf5,UP94EH3312,BUS,,34.9,ACTIVE,2026-08-18T02:18:00.000Z,2026-08-28T05:31:21.708Z,2026-08-27T13:53:07.368Z,2026-08-28T05:27:52.835Z
cmtbl1x68009ek1ir5ljh7q83,UP29PN6706,CAR,,40.3,ACTIVE,2026-08-18T07:38:00.000Z,2026-08-27T17:29:59.034Z,2026-08-27T13:53:07.368Z,2026-08-27T18:50:50.240Z
cmtbl1x68009fk1irf8kxw5b8,UP90TN6864,CAR,,40.8,ACTIVE,2026-08-18T01:54:47.620Z,2026-08-28T05:34:22.754Z,2026-08-27T13:53:07.368Z,2026-08-28T05:29:23.135Z
cmtbl1x68009gk1irtvm5pmg4,DL17ET7150,MOTORCYCLE,,48.5,ACTIVE,2026-08-18T03:21:00.000Z,2026-08-28T17:01:31.981Z,2026-08-27T13:53:07.368Z,2026-08-28T04:41:33.588Z
cmtbl1x68009hk1irxb90qbam,UP21VP9983,BUS,,41.6,ACTIVE,2026-08-18T01:57:00.000Z,2026-08-28T05:33:34.412Z,2026-08-27T13:53:07.368Z,2026-08-28T05:29:06.213Z
cmtbl1x68009ik1iraray1on1,UP96CC5688,CAR,,44.6,ACTIVE,2026-08-18T02:39:00.000Z,2026-08-28T17:06:14.455Z,2026-08-27T13:53:07.368Z,2026-08-28T04:43:44.964Z
cmtbl1x68009jk1irz8nur35d,UP54GO2160,CAR,,43.5,ACTIVE,2026-08-18T02:47:00.000Z,2026-08-28T08:12:39.933Z,2026-08-27T13:53:07.368Z,2026-08-28T08:05:46.011Z
cmtbl1x68009kk1irydavbq52,BR36WV4079,AUTO,,28.7,ACTIVE,2026-08-18T07:37:00.000Z,2026-08-28T05:34:58.958Z,2026-08-27T13:53:07.368Z,2026-08-28T05:29:41.793Z
cmtbl1x68009lk1ircponmvqc,UP20MH0704,CAR,,44,ACTIVE,2026-08-18T11:46:00.000Z,2026-08-27T18:44:40.655Z,2026-08-27T13:53:07.368Z,2026-08-27T18:50:50.240Z
cmtbl1x68009mk1irhn1oc8k0,UP52ON6987,AUTO,,31.6,ACTIVE,2026-08-17T22:58:00.000Z,2026-08-27T18:04:37.770Z,2026-08-27T13:53:07.368Z,2026-08-27T18:50:50.240Z
cmtbl1x68009nk1irikmse06p,MP26PM2246,MOTORCYCLE,,44.5,ACTIVE,2026-08-18T00:42:00.000Z,2026-08-27T16:05:01.287Z,2026-08-27T13:53:07.368Z,2026-08-27T18:50:50.240Z
cmtbl1x68009ok1irufq084a5,UP34PG2075,TRUCK,,30,ACTIVE,2026-08-17T22:42:00.000Z,2026-08-28T17:06:14.455Z,2026-08-27T13:53:07.368Z,2026-08-28T04:43:43.020Z
cmtbl1x68009pk1irzlxh6sou,UP86GL4783,CAR,,52.7,ACTIVE,2026-08-17T23:25:00.000Z,2026-08-28T05:34:58.958Z,2026-08-27T13:53:07.368Z,2026-08-28T05:29:41.794Z
cmtbl1x68009qk1irl2xeudw7,UP37BU0539,CAR,,36.9,ACTIVE,2026-08-18T11:09:00.000Z,2026-08-28T06:22:05.836Z,2026-08-27T13:53:07.368Z,2026-08-28T05:21:41.327Z
cmtbl1x68009rk1irvv2c2sfg,HR01OK0494,CAR,,45,ACTIVE,2026-08-18T00:34:00.000Z,2026-08-28T06:20:41.236Z,2026-08-27T13:53:07.368Z,2026-08-28T05:20:56.484Z
cmtbl1x68009sk1irqmk1vcwy,UP20JU5291,SCOOTER,,30.1,ACTIVE,2026-08-18T01:12:00.000Z,2026-08-28T08:11:41.587Z,2026-08-27T13:53:07.368Z,2026-08-28T08:05:23.308Z
cmtbl1x68009tk1irck5dd6tt,UP54DO2483,TRUCK,,29.6,ACTIVE,2026-08-18T03:40:00.000Z,2026-08-27T18:44:40.655Z,2026-08-27T13:53:07.368Z,2026-08-27T18:50:50.240Z
cmtbl1x68009uk1ir21ugm5qi,MP29JJ6197,CAR,,49.6,ACTIVE,2026-08-19T07:46:00.000Z,2026-08-27T16:05:51.653Z,2026-08-27T13:53:07.368Z,2026-08-27T18:50:50.240Z
cmtbl1x68009vk1irpj5txepq,UP41NG1289,CAR,,51.1,ACTIVE,2026-08-19T06:34:00.000Z,2026-08-28T05:32:46.174Z,2026-08-27T13:53:07.368Z,2026-08-28T05:28:37.282Z
cmtbl1x68009wk1ir7tgh6a79,UP83BT0620,TAXI,,39.4,ACTIVE,2026-08-19T02:40:00.000Z,2026-08-27T18:44:40.655Z,2026-08-27T13:53:07.368Z,2026-08-27T18:50:50.240Z
cmtbl1x68009xk1irpdvlb3d0,UP74KS8071,CAR,,47.6,ACTIVE,2026-08-19T01:27:00.000Z,2026-08-27T18:44:40.655Z,2026-08-27T13:53:07.368Z,2026-08-27T18:50:50.240Z
cmtbl1x68009yk1irjiy048oe,MP78SY8851,CAR,,41.6,ACTIVE,2026-08-19T05:50:00.000Z,2026-08-28T08:09:42.787Z,2026-08-27T13:53:07.368Z,2026-08-28T08:04:15.534Z
cmtbl1x68009zk1irtbe192at,UP55YN8183,MOTORCYCLE,,38,ACTIVE,2026-08-19T06:40:00.000Z,2026-08-28T17:01:31.981Z,2026-08-27T13:53:07.368Z,2026-08-28T04:41:32.686Z
cmtbl1x6800a0k1ir5o4guk02,UP92PR5201,CAR,,42.7,ACTIVE,2026-08-19T06:30:00.000Z,2026-08-28T17:04:10.269Z,2026-08-27T13:53:07.368Z,2026-08-28T04:43:27.889Z
cmtbl1x6800a1k1ir6ewp9l6v,UP86LK8591,CAR,,51.5,ACTIVE,2026-08-19T05:00:00.000Z,2026-08-28T08:11:41.587Z,2026-08-27T13:53:07.368Z,2026-08-28T08:05:10.470Z
cmtbl1x6800a2k1irmab40viy,UP39DI3727,AUTO,,29.2,ACTIVE,2026-08-19T02:32:00.000Z,2026-08-28T06:17:50.098Z,2026-08-27T13:53:07.368Z,2026-08-28T05:19:34.335Z
cmtbl1x6800a3k1irbwmmprcy,UP43KU4701,MOTORCYCLE,,40.8,ACTIVE,2026-08-19T06:33:00.000Z,2026-08-27T16:05:51.653Z,2026-08-27T13:53:07.368Z,2026-08-27T18:50:50.240Z
cmtbl1x6800a4k1irmpdu7ysi,MP54FD7009,MOTORCYCLE,,37.2,ACTIVE,2026-08-19T03:02:00.000Z,2026-08-27T17:34:41.312Z,2026-08-27T13:53:07.368Z,2026-08-27T18:50:50.240Z
cmtbl1x6800a5k1irehn9i650,UP27FP2282,CAR,,44.7,ACTIVE,2026-08-19T03:51:00.000Z,2026-08-28T17:04:10.269Z,2026-08-27T13:53:07.368Z,2026-08-28T04:43:27.890Z
cmtbl1x6800a6k1irqc7bzk5n,MP34CH1630,AUTO,,,ACTIVE,2026-08-19T03:02:00.000Z,2026-08-23T04:58:55.752Z,2026-08-27T13:53:07.368Z,2026-08-27T18:50:50.240Z
cmtbl1x6800a7k1irxhmsit6l,UP80OC9908,CAR,,52.4,ACTIVE,2026-08-19T03:18:00.000Z,2026-08-28T08:08:08.115Z,2026-08-27T13:53:07.368Z,2026-08-28T08:03:23.011Z
cmtbl1x6800a8k1irykotd7h2,UP76NW9272,MOTORCYCLE,,47.8,ACTIVE,2026-08-19T07:50:00.000Z,2026-08-28T05:35:45.262Z,2026-08-27T13:53:07.368Z,2026-08-28T05:30:06.983Z
cmtbl1x6800a9k1irbnl127t4,UP66JI1896,SCOOTER,,29.5,ACTIVE,2026-08-19T15:39:04.481Z,2026-08-27T16:08:34.883Z,2026-08-27T13:53:07.368Z,2026-08-27T18:50:50.240Z
cmtbl1x6800aak1irxj249gky,UP58WZ9610,MOTORCYCLE,,43.7,ACTIVE,2026-08-19T02:34:00.000Z,2026-08-28T08:13:36.309Z,2026-08-27T13:53:07.368Z,2026-08-28T08:06:07.000Z
cmtbl1x6800abk1irby5w43nh,UP35RT6344,AUTO,,30.3,ACTIVE,2026-08-19T08:16:00.000Z,2026-08-28T08:12:39.933Z,2026-08-27T13:53:07.368Z,2026-08-28T08:05:54.092Z
cmtbl1x6800ack1irnqdp8ahn,UP07KQ2180,SCOOTER,,23.5,ACTIVE,2026-08-19T04:03:00.000Z,2026-08-28T05:35:45.262Z,2026-08-27T13:53:07.368Z,2026-08-28T05:30:07.806Z
cmtbl1x6800adk1ir85ttoxcm,UP69KZ6365,AUTO,,21.9,ACTIVE,2026-08-19T09:45:00.000Z,2026-08-27T16:06:44.093Z,2026-08-27T13:53:07.368Z,2026-08-27T18:50:50.240Z
cmtbl1x6800aek1irlpnth7ic,UP89XQ7956,TRUCK,,31.2,ACTIVE,2026-08-19T06:14:00.000Z,2026-08-28T17:04:10.269Z,2026-08-27T13:53:07.368Z,2026-08-28T04:42:49.183Z
cmtbl1x6800afk1ir33fcn0tc,MP68VA5591,CAR,,50.5,ACTIVE,2026-08-19T02:39:00.000Z,2026-08-28T08:11:41.587Z,2026-08-27T13:53:07.368Z,2026-08-28T08:05:23.306Z
cmtbl1x6800agk1irygg7zeze,UP54FE4385,MOTORCYCLE,,37.4,ACTIVE,2026-08-19T02:18:00.000Z,2026-08-28T05:35:45.262Z,2026-08-27T13:53:07.368Z,2026-08-28T05:29:58.488Z
cmtbl1x6800ahk1ir3silc0mf,MP37DR5710,CAR,,44.6,ACTIVE,2026-08-19T02:45:00.000Z,2026-08-28T17:03:18.185Z,2026-08-27T13:53:07.368Z,2026-08-28T04:42:27.451Z
cmtbl1x6800aik1ir1ids8k8u,CG50YY1789,SCOOTER,,30.6,ACTIVE,2026-08-19T07:43:00.000Z,2026-08-27T16:04:08.893Z,2026-08-27T13:53:07.368Z,2026-08-27T18:50:50.240Z
cmtbl1x6800ajk1irtxqer9o7,UP45QY0292,CAR,,44.4,ACTIVE,2026-08-19T03:56:00.000Z,2026-08-27T18:07:41.934Z,2026-08-27T13:53:07.368Z,2026-08-27T18:50:50.240Z
cmtbl1x6800akk1irnkbhq3mk,UP16OP0517,MOTORCYCLE,,40.7,ACTIVE,2026-08-19T03:51:18.844Z,2026-08-27T18:44:40.655Z,2026-08-27T13:53:07.368Z,2026-08-27T18:50:50.240Z
cmtbl1x6800alk1ir7m4f4bup,UP11UY9401,CAR,,54.2,ACTIVE,2026-08-19T00:22:00.000Z,2026-08-28T05:35:45.262Z,2026-08-27T13:53:07.368Z,2026-08-28T05:30:10.361Z
cmtbl1x6800amk1irsfcdlohb,UP02IR0601,CAR,,52,ACTIVE,2026-08-19T03:47:00.000Z,2026-08-28T05:34:22.754Z,2026-08-27T13:53:07.368Z,2026-08-28T05:29:25.739Z
cmtbl1x6800ank1ircf2651mk,MP18QB7496,MOTORCYCLE,,39.4,ACTIVE,2026-08-19T04:10:00.000Z,2026-08-28T05:34:22.754Z,2026-08-27T13:53:07.368Z,2026-08-28T05:29:21.912Z
cmtbl1x6800aok1irinn47rm0,MP55NO2851,AUTO,,18.8,ACTIVE,2026-08-19T07:51:00.000Z,2026-08-28T08:05:39.217Z,2026-08-27T13:53:07.368Z,2026-08-28T08:02:06.971Z
cmtbl1x6800apk1irym6iz7ql,UP70KE9800,SCOOTER,,33.1,ACTIVE,2026-08-19T02:19:00.000Z,2026-08-27T18:44:40.655Z,2026-08-27T13:53:07.368Z,2026-08-27T18:50:50.240Z
cmtbl1x6800aqk1ir01f79lwf,UP44US9482,SCOOTER,,26.9,ACTIVE,2026-08-19T00:49:00.000Z,2026-08-28T08:12:39.933Z,2026-08-27T13:53:07.368Z,2026-08-28T08:05:46.009Z
cmtbl1x6800ark1irn2ir6iug,UP29NI1315,CAR,,47.2,ACTIVE,2026-08-19T02:15:00.000Z,2026-08-27T18:44:40.655Z,2026-08-27T13:53:07.368Z,2026-08-27T18:50:50.240Z
cmtbl1x6800ask1ir2afxlmqo,BR27CJ2546,SCOOTER,,39.8,ACTIVE,2026-08-19T01:37:00.000Z,2026-08-28T05:28:18.540Z,2026-08-27T13:53:07.368Z,2026-08-28T05:26:21.228Z
cmtbl1x6800atk1ir4xxtutcx,UP81GC9042,MOTORCYCLE,,,ACTIVE,2026-08-19T01:57:00.000Z,2026-08-25T10:05:18.242Z,2026-08-27T13:53:07.368Z,2026-08-27T18:50:50.240Z
cmtbl1x6800auk1irwuj3a312,UP10KA5286,SCOOTER,,28.6,ACTIVE,2026-08-19T10:06:00.000Z,2026-08-28T05:28:56.718Z,2026-08-27T13:53:07.368Z,2026-08-28T05:26:40.966Z
cmtbl1x6800avk1irl7eh30im,MP47SI7894,CAR,,41.8,ACTIVE,2026-08-20T08:25:00.000Z,2026-08-27T15:40:30.411Z,2026-08-27T13:53:07.368Z,2026-08-27T18:50:50.240Z
cmtbl1x6800awk1irehtfg6h3,CG89GE7567,MOTORCYCLE,,41.7,ACTIVE,2026-08-20T09:14:00.000Z,2026-08-28T08:05:39.217Z,2026-08-27T13:53:07.368Z,2026-08-28T08:02:17.478Z
cmtbl1x6800axk1irsmentwh5,UP24ZY4038,CAR,,45.5,ACTIVE,2026-08-20T07:20:00.000Z,2026-08-27T15:38:19.873Z,2026-08-27T13:53:07.368Z,2026-08-27T18:50:50.240Z
cmtbl1x6800ayk1irjo3nop2w,UP92TI5725,MOTORCYCLE,,36.5,ACTIVE,2026-08-20T06:59:00.000Z,2026-08-27T18:03:57.726Z,2026-08-27T13:53:07.368Z,2026-08-27T18:50:50.240Z
cmtbl1x6800azk1irxmkatk48,UP95GS5450,BUS,,37.3,ACTIVE,2026-08-19T23:03:00.000Z,2026-08-28T08:09:42.787Z,2026-08-27T13:53:07.368Z,2026-08-28T08:04:14.702Z
cmtbl1x6800b0k1irsgvgorcf,MP44TV8246,MOTORCYCLE,,47.2,ACTIVE,2026-08-20T00:48:00.000Z,2026-08-28T05:33:34.412Z,2026-08-27T13:53:07.368Z,2026-08-28T05:29:06.099Z
cmtbl1x6800b1k1irwvaeqg0q,BR32VA0378,CAR,,44.4,ACTIVE,2026-08-19T23:47:00.000Z,2026-08-27T15:23:05.238Z,2026-08-27T13:53:07.368Z,2026-08-27T18:50:50.240Z
cmtbl1x6800b2k1irazyo0f85,UP11RO6973,AUTO,,24.3,ACTIVE,2026-08-20T08:42:00.000Z,2026-08-28T08:11:41.587Z,2026-08-27T13:53:07.368Z,2026-08-28T08:05:09.304Z
cmtbl1x6800b3k1irv2accc7j,MP32EQ5961,CAR,,47.9,ACTIVE,2026-08-20T07:55:00.000Z,2026-08-27T17:31:47.138Z,2026-08-27T13:53:07.368Z,2026-08-27T18:50:50.240Z
cmtbl1x6800b4k1ir7dc4fskx,BR99SM8777,TRUCK,,27.7,ACTIVE,2026-08-20T08:22:00.000Z,2026-08-28T06:14:38.950Z,2026-08-27T13:53:07.368Z,2026-08-28T05:17:50.928Z
cmtbl1x6800b5k1irv9yu3xgt,UP09NP7168,CAR,,45.4,ACTIVE,2026-08-20T02:37:00.000Z,2026-08-28T08:12:39.933Z,2026-08-27T13:53:07.368Z,2026-08-28T08:05:47.242Z
cmtbl1x6800b6k1irqw2x3dia,HR79DF4705,CAR,,48.7,ACTIVE,2026-08-20T06:41:00.000Z,2026-08-28T08:09:42.787Z,2026-08-27T13:53:07.368Z,2026-08-28T08:04:16.291Z
cmtbl1x6800b7k1ircmdr6s49,UP92EC2115,MOTORCYCLE,,44.8,ACTIVE,2026-08-20T01:50:00.000Z,2026-08-27T15:38:19.873Z,2026-08-27T13:53:07.368Z,2026-08-27T18:50:50.240Z
cmtbl1x6800b8k1ir7i18lsuj,UP17VJ5368,SCOOTER,,28.3,ACTIVE,2026-08-19T22:56:00.000Z,2026-08-28T06:17:50.098Z,2026-08-27T13:53:07.368Z,2026-08-28T05:19:34.540Z
cmtbl1x6800b9k1irdufy2omc,UP02OS2758,SCOOTER,,23.3,ACTIVE,2026-08-20T03:15:49.704Z,2026-08-27T18:05:49.828Z,2026-08-27T13:53:07.368Z,2026-08-27T18:50:50.240Z
cmtbl1x6800bak1ir3ajqzthu,UP32ZQ9414,SCOOTER,,38.3,ACTIVE,2026-08-20T05:37:00.000Z,2026-08-27T16:08:34.883Z,2026-08-27T13:53:07.368Z,2026-08-27T18:50:50.240Z
cmtbl1x6800bbk1irslps10i2,UP40PC7593,MOTORCYCLE,,41.3,ACTIVE,2026-08-20T07:21:00.000Z,2026-08-28T08:12:39.933Z,2026-08-27T13:53:07.368Z,2026-08-28T08:05:47.238Z
cmtbl1x6800bck1ir0jezg3jz,UP41JR5771,CAR,,47.8,ACTIVE,2026-08-19T23:14:00.000Z,2026-08-27T18:04:37.770Z,2026-08-27T13:53:07.368Z,2026-08-27T18:50:50.240Z
cmtbl1x6800bdk1irqvw0z960,UP51GL8612,BUS,,,ACTIVE,2026-08-20T04:28:00.000Z,2026-08-20T07:15:40.781Z,2026-08-27T13:53:07.368Z,2026-08-27T18:50:50.240Z
cmtbl1x6800bek1ir03opfjvu,CG78HZ1747,AUTO,,35.7,ACTIVE,2026-08-20T01:32:00.000Z,2026-08-28T17:03:18.185Z,2026-08-27T13:53:07.368Z,2026-08-28T04:42:26.393Z
cmtbl1x6900bfk1irl9raeowv,MP07KK2978,CAR,,48.9,ACTIVE,2026-08-19T23:51:00.000Z,2026-08-27T18:07:41.934Z,2026-08-27T13:53:07.368Z,2026-08-27T18:50:50.240Z
cmtbl1x6900bgk1iro3i3wfbu,UP78UY3865,AUTO,,30.4,ACTIVE,2026-08-20T04:28:00.000Z,2026-08-27T18:44:40.655Z,2026-08-27T13:53:07.368Z,2026-08-27T18:50:50.240Z
cmtbl1x6900bhk1ircxzmm13z,UP44GH2096,CAR,,41.9,ACTIVE,2026-08-20T03:52:00.000Z,2026-08-28T05:31:21.708Z,2026-08-27T13:53:07.368Z,2026-08-28T05:27:55.301Z
cmtbl1x6900bik1ir7z12hxj9,UP29UO0274,VAN,,35.3,ACTIVE,2026-08-20T02:36:00.000Z,2026-08-28T06:20:41.236Z,2026-08-27T13:53:07.368Z,2026-08-28T05:20:59.273Z
cmtbl1x6900bjk1irrere4n6p,UP27PF0633,MOTORCYCLE,,39.8,ACTIVE,2026-08-20T01:09:00.000Z,2026-08-27T15:12:15.767Z,2026-08-27T13:53:07.368Z,2026-08-27T18:50:50.240Z
cmtbl1x6900bkk1ir2rpqjklv,UP34ST0002,SCOOTER,,35.2,ACTIVE,2026-08-20T00:54:00.000Z,2026-08-27T17:34:41.312Z,2026-08-27T13:53:07.368Z,2026-08-27T18:50:50.240Z
cmtbl1x6900blk1ir4cn3ut6z,UP48RS9127,MOTORCYCLE,,41.1,ACTIVE,2026-08-20T00:36:00.000Z,2026-08-28T06:21:23.610Z,2026-08-27T13:53:07.368Z,2026-08-28T05:21:12.211Z
cmtbl1x6900bmk1ire6kb6st8,MP05VD4652,CAR,,44,ACTIVE,2026-08-20T03:31:00.000Z,2026-08-28T08:11:41.587Z,2026-08-27T13:53:07.368Z,2026-08-28T08:05:09.280Z
cmtbl1x6900bnk1iro4drcyoa,UP06ND7689,SCOOTER,,29.6,ACTIVE,2026-08-20T11:05:00.000Z,2026-08-28T17:03:18.185Z,2026-08-27T13:53:07.368Z,2026-08-28T04:42:26.393Z
cmtbl1x6900bok1irejm9r6d2,MP28FR4449,TRUCK,,30.2,ACTIVE,2026-08-20T00:36:00.000Z,2026-08-28T08:12:39.933Z,2026-08-27T13:53:07.368Z,2026-08-28T08:05:41.605Z
cmtbl1x6900bpk1ird8qg4104,UP94SL2799,CAR,,50.5,ACTIVE,2026-08-19T22:49:00.000Z,2026-08-27T17:34:41.312Z,2026-08-27T13:53:07.368Z,2026-08-27T18:50:50.240Z
cmtbl1x6900bqk1irg5c3w8wz,CG39GD5922,MOTORCYCLE,,46,ACTIVE,2026-08-20T08:26:00.000Z,2026-08-28T08:11:41.587Z,2026-08-27T13:53:07.368Z,2026-08-28T08:05:17.637Z
cmtbl1x6900brk1irfpwj4kdh,UP28CD0790,SCOOTER,,29.5,ACTIVE,2026-08-20T01:56:00.000Z,2026-08-28T17:00:39.889Z,2026-08-27T13:53:07.368Z,2026-08-28T04:41:03.675Z
cmtbl1x6900bsk1irxhzst99u,UP59YA2064,TRUCK,,30.1,ACTIVE,2026-08-20T02:01:00.000Z,2026-08-27T16:05:01.287Z,2026-08-27T13:53:07.368Z,2026-08-27T18:50:50.240Z
cmtbl1x6900btk1irtky487wj,UP05QN1373,AUTO,,,ACTIVE,2026-08-20T02:04:00.000Z,2026-08-20T15:35:03.308Z,2026-08-27T13:53:07.368Z,2026-08-27T18:50:50.240Z
cmtbl1x6900buk1iriuqi4gr1,UP77FJ7110,SCOOTER,,32.6,ACTIVE,2026-08-20T03:28:00.000Z,2026-08-27T18:03:57.726Z,2026-08-27T13:53:07.368Z,2026-08-27T18:50:50.240Z
cmtbl1x6900bvk1irenun9sel,UP50JK4192,TRUCK,,27.4,ACTIVE,2026-08-20T06:45:00.000Z,2026-08-28T05:32:46.174Z,2026-08-27T13:53:07.368Z,2026-08-28T05:28:36.258Z
cmtbl1x6900bwk1irhgfui2zw,MP86HC8679,BUS,,31,ACTIVE,2026-08-20T03:47:00.000Z,2026-08-28T08:11:41.587Z,2026-08-27T13:53:07.368Z,2026-08-28T08:05:16.820Z
cmtbl1x6900bxk1ir17oiglvl,UP41RF4321,MOTORCYCLE,,49.4,ACTIVE,2026-08-20T05:38:00.000Z,2026-08-27T16:04:08.893Z,2026-08-27T13:53:07.368Z,2026-08-27T18:50:50.240Z
cmtbl1x6900byk1irbqv2qno1,MP25TT2541,CAR,,47.8,ACTIVE,2026-08-20T04:50:00.000Z,2026-08-28T08:12:39.933Z,2026-08-27T13:53:07.368Z,2026-08-28T08:05:49.127Z
cmtbl1x6900bzk1irouztqf9i,UP89EP7687,AUTO,,27.5,ACTIVE,2026-08-20T23:02:00.000Z,2026-08-28T06:20:41.236Z,2026-08-27T13:53:07.368Z,2026-08-28T05:20:59.272Z
cmtbl1x6900c0k1iroxk4i4xe,UP08AZ7234,BUS,,30.3,ACTIVE,2026-08-21T13:12:00.000Z,2026-08-28T08:11:41.587Z,2026-08-27T13:53:07.368Z,2026-08-28T08:05:17.640Z
cmtbl1x6900c1k1iruw1p362b,DL94BL4691,CAR,,49.6,ACTIVE,2026-08-21T01:03:00.000Z,2026-08-28T08:11:41.587Z,2026-08-27T13:53:07.368Z,2026-08-28T08:05:23.304Z
cmtbl1x6900c2k1irfz2mst09,UP38KP1751,CAR,,46.7,ACTIVE,2026-08-21T00:25:00.000Z,2026-08-27T18:07:07.902Z,2026-08-27T13:53:07.368Z,2026-08-27T18:50:50.240Z
cmtbl1x6900c3k1irvhlha3u1,UP24SH9305,CAR,,42,ACTIVE,2026-08-21T04:04:00.000Z,2026-08-28T08:11:41.587Z,2026-08-27T13:53:07.368Z,2026-08-28T08:05:15.206Z
cmtbl1x6900c4k1ir94qg1so6,UP10RR2284,CAR,,57.5,ACTIVE,2026-08-20T22:33:00.000Z,2026-08-28T06:20:41.236Z,2026-08-27T13:53:07.368Z,2026-08-28T05:20:49.484Z
cmtbl1x6900c5k1ir4rbnxofn,UP48WJ1613,CAR,,44.9,ACTIVE,2026-08-21T08:13:00.000Z,2026-08-28T08:10:57.395Z,2026-08-27T13:53:07.368Z,2026-08-28T08:04:57.976Z
cmtbl1x6900c6k1ir7h1sasot,BR91MQ8103,CAR,,48.2,ACTIVE,2026-08-21T08:09:00.000Z,2026-08-27T15:43:48.591Z,2026-08-27T13:53:07.368Z,2026-08-27T18:50:50.240Z
cmtbl1x6900c7k1ir6f2zd7zj,BR08OS2002,CAR,,51.3,ACTIVE,2026-08-21T02:27:00.000Z,2026-08-28T05:33:34.412Z,2026-08-27T13:53:07.368Z,2026-08-28T05:28:58.382Z
cmtbl1x6900c8k1ir4x1u15cq,UP97ZW0041,MOTORCYCLE,,44.5,ACTIVE,2026-08-21T04:35:38.973Z,2026-08-27T18:07:41.934Z,2026-08-27T13:53:07.368Z,2026-08-27T18:50:50.240Z
cmtbl1x6900c9k1irb2ps1chp,UP51JS4529,CAR,,45.2,ACTIVE,2026-08-21T03:03:00.000Z,2026-08-27T15:43:48.591Z,2026-08-27T13:53:07.368Z,2026-08-27T18:50:50.240Z
cmtbl1x6900cak1irqskhvgzv,UP12VX8414,CAR,,50.8,ACTIVE,2026-08-21T01:36:00.000Z,2026-08-28T05:35:45.262Z,2026-08-27T13:53:07.368Z,2026-08-28T05:30:06.578Z
cmtbl1x6900cbk1irc6cawyc1,MP27ET2930,AUTO,,26.3,ACTIVE,2026-08-21T03:07:00.000Z,2026-08-28T08:11:41.587Z,2026-08-27T13:53:07.368Z,2026-08-28T08:05:21.426Z
cmtbl1x6900cck1ir4w1rg48x,UP16ZB3240,MOTORCYCLE,,47.3,ACTIVE,2026-08-21T04:47:00.000Z,2026-08-27T18:07:41.934Z,2026-08-27T13:53:07.368Z,2026-08-27T18:50:50.240Z
cmtbl1x6900cdk1ir3b7oyxkd,UP16PD0410,BUS,,35.6,ACTIVE,2026-08-21T00:25:00.000Z,2026-08-27T18:07:41.934Z,2026-08-27T13:53:07.368Z,2026-08-27T18:50:50.240Z
cmtbl1x6900cek1irxuegfd68,UP18FT6339,TRUCK,,35.1,ACTIVE,2026-08-21T00:40:00.000Z,2026-08-28T05:34:22.754Z,2026-08-27T13:53:07.368Z,2026-08-28T05:29:22.528Z
cmtbl1x6900cfk1irs3awblo0,UP44FE2382,CAR,,50.8,ACTIVE,2026-08-20T22:50:40.624Z,2026-08-28T05:34:22.754Z,2026-08-27T13:53:07.368Z,2026-08-28T05:29:22.411Z
cmtbl1x6900cgk1irzwe9cxbp,UP33IA7940,CAR,,49.1,ACTIVE,2026-08-21T00:56:00.000Z,2026-08-27T15:43:48.591Z,2026-08-27T13:53:07.368Z,2026-08-27T18:50:50.240Z
cmtbl1x6900chk1irz7yasiwa,UP41PM2946,CAR,,49,ACTIVE,2026-08-21T00:12:00.000Z,2026-08-28T08:09:42.787Z,2026-08-27T13:53:07.368Z,2026-08-28T08:04:14.480Z
cmtbl1x6900cik1ir5qrp03m9,RJ26UP7171,SCOOTER,,26.4,ACTIVE,2026-08-21T05:01:19.967Z,2026-08-27T17:32:31.184Z,2026-08-27T13:53:07.368Z,2026-08-27T18:50:50.240Z
cmtbl1x6900cjk1irqbdv32k2,UP10GX0746,MOTORCYCLE,,44.7,ACTIVE,2026-08-21T14:35:00.000Z,2026-08-28T08:10:57.395Z,2026-08-27T13:53:07.368Z,2026-08-28T08:04:54.292Z
cmtbl1x6900ckk1irovdg2lzf,UP88JD1058,MOTORCYCLE,,48.2,ACTIVE,2026-08-21T00:27:00.000Z,2026-08-28T08:10:57.395Z,2026-08-27T13:53:07.368Z,2026-08-28T08:04:53.172Z
cmtbl1x6900clk1ir58a4r3uq,UP30VX2852,MOTORCYCLE,,37.1,ACTIVE,2026-08-21T10:00:00.000Z,2026-08-27T18:44:40.655Z,2026-08-27T13:53:07.368Z,2026-08-27T18:50:50.240Z
cmtbl1x6900cmk1irzzo1vf3c,UP89VH6190,BUS,,34.7,ACTIVE,2026-08-21T16:14:00.000Z,2026-08-28T05:34:22.754Z,2026-08-27T13:53:07.368Z,2026-08-28T05:29:23.196Z
cmtbl1x6900cnk1ir9lbsmbeq,UP03BA9500,CAR,,42.6,ACTIVE,2026-08-21T01:59:00.000Z,2026-08-27T15:23:05.238Z,2026-08-27T13:53:07.368Z,2026-08-27T18:50:50.240Z
cmtbl1x6900cok1irlv33e6xn,UP36LB4216,CAR,,47.3,ACTIVE,2026-08-21T09:49:16.924Z,2026-08-28T08:10:57.395Z,2026-08-27T13:53:07.368Z,2026-08-28T08:04:54.298Z
cmtbl1x6900cpk1iri347geon,UP70IJ7457,CAR,,45.9,ACTIVE,2026-08-21T06:35:00.000Z,2026-08-28T08:11:41.587Z,2026-08-27T13:53:07.368Z,2026-08-28T08:05:16.414Z
cmtbl1x6900cqk1irjjx1fxx0,MP32JA5437,TRUCK,,,ACTIVE,2026-08-21T11:28:00.000Z,2026-08-23T08:46:47.461Z,2026-08-27T13:53:07.368Z,2026-08-27T18:50:50.240Z
cmtbl1x6900crk1irbfu02fme,UP71HD7453,CAR,,47.3,ACTIVE,2026-08-21T00:38:00.000Z,2026-08-28T08:10:57.395Z,2026-08-27T13:53:07.368Z,2026-08-28T08:04:48.764Z
cmtbl1x6900csk1irjb439j88,UP88HA9475,MOTORCYCLE,,42.5,ACTIVE,2026-08-21T11:16:00.000Z,2026-08-27T18:07:07.902Z,2026-08-27T13:53:07.368Z,2026-08-27T18:50:50.240Z
cmtbl1x6900ctk1irbjlo1tmt,MP96AA4488,TRUCK,,27.9,ACTIVE,2026-08-21T01:20:00.000Z,2026-08-28T08:09:42.787Z,2026-08-27T13:53:07.368Z,2026-08-28T08:04:15.544Z
cmtbl1x6900cuk1ir13obulch,RJ85NH9448,MOTORCYCLE,,49.3,ACTIVE,2026-08-21T12:52:00.000Z,2026-08-28T08:13:36.309Z,2026-08-27T13:53:07.368Z,2026-08-28T08:06:07.001Z
cmtbl1x6900cvk1irdzq4cnuk,UP64DM5046,CAR,,46,ACTIVE,2026-08-21T01:49:00.000Z,2026-08-28T08:10:57.395Z,2026-08-27T13:53:07.368Z,2026-08-28T08:04:54.290Z
cmtbl1x6900cwk1ir2nvlxeiz,UP17PM5734,CAR,,46.8,ACTIVE,2026-08-21T02:18:00.000Z,2026-08-27T16:07:42.821Z,2026-08-27T13:53:07.368Z,2026-08-27T18:50:50.240Z
cmtbl1x6900cxk1ir77dbwchr,BR08DR8822,AUTO,,35.1,ACTIVE,2026-08-22T06:29:00.000Z,2026-08-27T16:07:42.821Z,2026-08-27T13:53:07.368Z,2026-08-27T18:50:50.240Z
cmtbl1x6900cyk1ir5lziupdc,BR54HZ9465,MOTORCYCLE,,45.7,ACTIVE,2026-08-22T00:41:00.000Z,2026-08-28T08:10:57.395Z,2026-08-27T13:53:07.368Z,2026-08-28T08:04:47.944Z
cmtbl1x6900czk1irbjyw2i5d,UP30ZX9596,AUTO,,,ACTIVE,2026-08-22T09:38:00.000Z,2026-08-22T10:05:49.137Z,2026-08-27T13:53:07.368Z,2026-08-27T18:50:50.240Z
cmtbl1x6900d0k1irg8bucajd,UP78UR8500,CAR,,48,ACTIVE,2026-08-22T08:47:00.000Z,2026-08-27T15:13:38.690Z,2026-08-27T13:53:07.368Z,2026-08-27T18:50:50.240Z
cmtbl1x6900d1k1irwm5aa2w6,DL17EJ1061,CAR,,,ACTIVE,2026-08-22T07:32:00.000Z,2026-08-22T13:00:03.578Z,2026-08-27T13:53:07.368Z,2026-08-27T18:50:50.240Z
cmtbl1x6900d2k1irwbvzosyq,UP87IL9641,CAR,,44.5,ACTIVE,2026-08-21T23:15:00.000Z,2026-08-27T15:23:05.238Z,2026-08-27T13:53:07.368Z,2026-08-27T18:50:50.240Z
cmtbl1x6900d3k1irozutvr6x,UP73WY1570,AUTO,,31.8,ACTIVE,2026-08-22T02:43:00.000Z,2026-08-28T17:02:22.075Z,2026-08-27T13:53:07.368Z,2026-08-28T04:42:00.655Z
cmtbl1x6900d4k1irjv2kmzmr,UP25RJ4705,TRUCK,,,ACTIVE,2026-08-22T03:00:00.000Z,2026-08-22T03:26:28.506Z,2026-08-27T13:53:07.368Z,2026-08-27T18:50:50.240Z
cmtbl1x6900d5k1irfbx0vni5,DL81ZU6763,SCOOTER,,42.9,ACTIVE,2026-08-22T05:40:00.000Z,2026-08-28T05:35:45.262Z,2026-08-27T13:53:07.368Z,2026-08-28T05:30:11.284Z
cmtbl1x6900d6k1irk8o64rk7,BR97CX8529,MOTORCYCLE,,41,ACTIVE,2026-08-22T08:22:00.000Z,2026-08-28T08:12:39.933Z,2026-08-27T13:53:07.368Z,2026-08-28T08:05:52.063Z
cmtbl1x6900d7k1ir1htdtmrq,RJ92JO8276,CAR,,41.1,ACTIVE,2026-08-21T22:44:00.000Z,2026-08-27T18:05:17.796Z,2026-08-27T13:53:07.368Z,2026-08-27T18:50:50.240Z
cmtbl1x6900d8k1iruy95nzuh,RJ11OV7959,CAR,,44,ACTIVE,2026-08-22T03:07:00.000Z,2026-08-27T18:07:41.934Z,2026-08-27T13:53:07.368Z,2026-08-27T18:50:50.240Z
cmtbl1x6900d9k1irulz50osr,UP81RL6022,CAR,,47.1,ACTIVE,2026-08-22T05:10:00.000Z,2026-08-27T15:21:19.148Z,2026-08-27T13:53:07.368Z,2026-08-27T18:50:50.240Z
cmtbl1x6900dak1ir8m84glk8,UP43QK3276,TRUCK,,32.9,ACTIVE,2026-08-22T06:08:00.000Z,2026-08-28T08:09:42.787Z,2026-08-27T13:53:07.368Z,2026-08-28T08:04:16.518Z
cmtbl1x6900dbk1iryodyh9y5,DL19XS5403,MOTORCYCLE,,,ACTIVE,2026-08-22T11:49:00.000Z,2026-08-22T12:19:08.062Z,2026-08-27T13:53:07.368Z,2026-08-27T18:50:50.240Z
cmtbl1x6900dck1ir68gxwgfi,UP25LJ1707,CAR,,50.3,ACTIVE,2026-08-22T00:33:00.000Z,2026-08-28T06:22:05.836Z,2026-08-27T13:53:07.368Z,2026-08-28T05:21:37.742Z
cmtbl1x6900ddk1ir84auhr1b,MP47JF2673,SCOOTER,,33,ACTIVE,2026-08-22T11:18:03.296Z,2026-08-28T08:11:41.587Z,2026-08-27T13:53:07.368Z,2026-08-28T08:05:21.021Z
cmtbl1x6900dek1ir47vcaasc,UP45LO6547,MOTORCYCLE,,44,ACTIVE,2026-08-22T03:11:22.942Z,2026-08-27T15:38:19.873Z,2026-08-27T13:53:07.368Z,2026-08-27T18:50:50.240Z
cmtbl1x6900dfk1irgeqgfmct,UP95VH0387,AUTO,,32,ACTIVE,2026-08-22T00:59:43.536Z,2026-08-27T18:44:40.655Z,2026-08-27T13:53:07.368Z,2026-08-27T18:50:50.240Z
cmtbl1x6900dgk1ir5mz02hw8,UP19LA3872,BUS,,35.6,ACTIVE,2026-08-22T09:57:00.000Z,2026-08-28T08:10:21.129Z,2026-08-27T13:53:07.368Z,2026-08-28T08:04:33.197Z
cmtbl1x6900dhk1irnhdpofij,UP87TG0425,MOTORCYCLE,,42.7,ACTIVE,2026-08-22T15:01:00.000Z,2026-08-27T18:07:41.934Z,2026-08-27T13:53:07.368Z,2026-08-27T18:50:50.240Z
cmtbl1x6900dik1ira62la9am,DL93UD2130,MOTORCYCLE,,47.5,ACTIVE,2026-08-22T05:02:00.000Z,2026-08-28T06:20:41.236Z,2026-08-27T13:53:07.368Z,2026-08-28T05:20:54.023Z
cmtbl1x6900djk1irjkr0ld32,UP79ID9219,SCOOTER,,29.7,ACTIVE,2026-08-22T07:24:00.000Z,2026-08-27T15:05:19.436Z,2026-08-27T13:53:07.368Z,2026-08-27T18:50:50.240Z
cmtbl1x6900dkk1irr2g2n4ur,UP79LH6691,CAR,,45.1,ACTIVE,2026-08-21T23:27:00.000Z,2026-08-27T15:38:19.873Z,2026-08-27T13:53:07.368Z,2026-08-27T18:50:50.240Z
cmtbl1x6900dlk1irkxrgnn3o,RJ66JP1116,MOTORCYCLE,,45.8,ACTIVE,2026-08-22T03:00:00.000Z,2026-08-27T16:06:40.709Z,2026-08-27T13:53:07.368Z,2026-08-27T18:50:50.240Z
cmtbl1x6900dmk1irpgajj2fx,DL77IT7825,CAR,,46.4,ACTIVE,2026-08-22T10:01:00.000Z,2026-08-28T17:04:10.269Z,2026-08-27T13:53:07.368Z,2026-08-28T04:42:50.164Z
cmtbl1x6900dnk1irujkvvcdr,UP52GC5436,SCOOTER,,34.5,ACTIVE,2026-08-22T07:24:00.000Z,2026-08-27T15:38:19.873Z,2026-08-27T13:53:07.368Z,2026-08-27T18:50:50.240Z
cmtbl1x6900dok1irlqtnf9p7,MP16KP9946,SCOOTER,,33.5,ACTIVE,2026-08-22T13:08:00.000Z,2026-08-27T15:38:19.873Z,2026-08-27T13:53:07.368Z,2026-08-27T18:50:50.240Z
cmtbl1x6900dpk1irwzgrgrfv,UP51PF3225,CAR,,44.8,ACTIVE,2026-08-22T11:43:00.000Z,2026-08-27T15:45:29.355Z,2026-08-27T13:53:07.368Z,2026-08-27T18:50:50.240Z
cmtbl1x6900dqk1irosx0qwjx,UP25EZ0149,MOTORCYCLE,,39.8,ACTIVE,2026-08-22T09:35:00.000Z,2026-08-27T16:07:42.821Z,2026-08-27T13:53:07.368Z,2026-08-27T18:50:50.240Z
cmtbl1x6900drk1ir2n5tfq36,UP13BX1013,MOTORCYCLE,,,ACTIVE,2026-08-22T13:03:00.000Z,2026-08-22T13:14:33.611Z,2026-08-27T13:53:07.368Z,2026-08-27T18:50:50.240Z
cmtbl1x6900dsk1ir92zjou2b,BR08SA1209,MOTORCYCLE,,39.2,ACTIVE,2026-08-23T00:57:00.000Z,2026-08-27T15:38:19.873Z,2026-08-27T13:53:07.368Z,2026-08-27T18:50:50.240Z
cmtbl1x6900dtk1ird9ulrtiu,UP21WQ4515,CAR,,46.6,ACTIVE,2026-08-23T09:16:00.000Z,2026-08-27T15:38:19.873Z,2026-08-27T13:53:07.368Z,2026-08-27T18:50:50.240Z
cmtbl1x6900duk1irbccfqo02,UP61VW1183,CAR,,43.7,ACTIVE,2026-08-23T08:23:00.000Z,2026-08-27T15:38:19.873Z,2026-08-27T13:53:07.368Z,2026-08-27T18:50:50.240Z
cmtbl1x6900dvk1ir52qycn1m,UP04AR2601,CAR,,,ACTIVE,2026-08-23T01:13:00.000Z,2026-08-24T15:30:27.446Z,2026-08-27T13:53:07.368Z,2026-08-27T18:50:50.240Z
cmtbl1x6900dwk1irwz6uheqh,UP70OL1490,MOTORCYCLE,,41.6,ACTIVE,2026-08-22T22:44:00.000Z,2026-08-28T08:12:39.933Z,2026-08-27T13:53:07.368Z,2026-08-28T08:05:52.073Z
cmtbl1x6900dxk1irnc3ck67j,UP90ZJ7091,CAR,,43.3,ACTIVE,2026-08-23T08:41:00.000Z,2026-08-28T08:10:57.395Z,2026-08-27T13:53:07.368Z,2026-08-28T08:04:54.299Z
cmtbl1x6900dyk1irwcmylj9f,CG46DF3862,MOTORCYCLE,,39.6,ACTIVE,2026-08-23T01:57:00.000Z,2026-08-27T18:06:29.872Z,2026-08-27T13:53:07.368Z,2026-08-27T18:50:50.240Z
cmtbl1x6a00dzk1irf9pe7gbi,UP16HT6306,CAR,,46,ACTIVE,2026-08-23T04:06:00.000Z,2026-08-27T15:42:44.537Z,2026-08-27T13:53:07.368Z,2026-08-27T18:50:50.240Z
cmtbl1x6a00e0k1irhlesfsmo,UP55BT6411,CAR,,,ACTIVE,2026-08-23T05:53:00.000Z,2026-08-23T17:56:06.483Z,2026-08-27T13:53:07.368Z,2026-08-27T18:50:50.240Z
cmtbl1x6a00e1k1irhdc71adq,DL72RH6266,VAN,,38.1,ACTIVE,2026-08-22T22:17:00.000Z,2026-08-27T15:38:19.873Z,2026-08-27T13:53:07.368Z,2026-08-27T18:50:50.240Z
cmtbl1x6a00e2k1irhob7udlz,UP55MV4823,SCOOTER,,28.9,ACTIVE,2026-08-23T05:26:00.000Z,2026-08-27T18:06:29.872Z,2026-08-27T13:53:07.368Z,2026-08-27T18:50:50.240Z
cmtbl1x6a00e3k1ir6lcjbkx7,UP38RF9999,CAR,,54.7,ACTIVE,2026-08-23T04:14:00.000Z,2026-08-27T18:07:41.934Z,2026-08-27T13:53:07.368Z,2026-08-27T18:50:50.240Z
cmtbl1x6a00e4k1irw68hnydq,UP98AF4060,CAR,,46.8,ACTIVE,2026-08-23T07:00:00.000Z,2026-08-28T08:12:39.933Z,2026-08-27T13:53:07.368Z,2026-08-28T08:05:39.559Z
cmtbl1x6a00e5k1irllp6073h,UP09DX4240,CAR,,43.3,ACTIVE,2026-08-23T05:20:00.000Z,2026-08-27T18:05:49.828Z,2026-08-27T13:53:07.368Z,2026-08-27T18:50:50.240Z
cmtbl1x6a00e6k1irmfy4rus5,DL35YT0869,TRUCK,,,ACTIVE,2026-08-23T09:31:42.927Z,2026-08-23T09:52:06.052Z,2026-08-27T13:53:07.368Z,2026-08-27T18:50:50.240Z
cmtbl1x6a00e7k1ir6ze6h5b9,UP84NG6947,MOTORCYCLE,,45.9,ACTIVE,2026-08-23T06:00:02.804Z,2026-08-27T16:07:42.821Z,2026-08-27T13:53:07.368Z,2026-08-27T18:50:50.240Z
cmtbl1x6a00e8k1irb0dfax55,UP79QQ2265,TRUCK,,29.2,ACTIVE,2026-08-23T12:07:00.000Z,2026-08-28T05:28:56.718Z,2026-08-27T13:53:07.368Z,2026-08-28T05:26:41.211Z
cmtbl1x6a00e9k1irz6drygtv,UP79RG6025,MOTORCYCLE,,50.3,ACTIVE,2026-08-23T06:06:00.000Z,2026-08-28T08:10:21.129Z,2026-08-27T13:53:07.368Z,2026-08-28T08:04:35.050Z
cmtbl1x6a00eak1ir49m2uqmx,UP36BP0175,AUTO,,25.3,ACTIVE,2026-08-23T11:24:00.000Z,2026-08-28T08:00:29.493Z,2026-08-27T13:53:07.368Z,2026-08-28T07:59:42.792Z
cmtbl1x6a00ebk1ir0t06wrrk,RJ10GK2567,SCOOTER,,,ACTIVE,2026-08-23T09:26:00.000Z,2026-08-24T14:27:23.155Z,2026-08-27T13:53:07.368Z,2026-08-27T18:50:50.240Z
cmtbl1x6a00eck1irv05ci0ua,DL95XJ8578,CAR,,40.2,ACTIVE,2026-08-23T07:53:00.000Z,2026-08-27T15:42:44.537Z,2026-08-27T13:53:07.368Z,2026-08-27T18:50:50.240Z
cmtbl1x6a00edk1irkottiyhe,BR49BC4813,CAR,,41.3,ACTIVE,2026-08-23T06:38:00.000Z,2026-08-28T06:20:00.924Z,2026-08-27T13:53:07.368Z,2026-08-28T05:20:29.036Z
cmtbl1x6a00eek1irr6kz89ke,DL12MA6844,AUTO,,29.8,ACTIVE,2026-08-23T05:13:00.000Z,2026-08-28T05:33:34.412Z,2026-08-27T13:53:07.368Z,2026-08-28T05:28:53.806Z
cmtbl1x6a00efk1irf2si1leg,UP24OC2737,SCOOTER,,,ACTIVE,2026-08-23T04:01:00.000Z,2026-08-23T07:26:43.216Z,2026-08-27T13:53:07.368Z,2026-08-27T18:50:50.240Z
cmtbl1x6a00egk1irak9uo81g,DL26KW1504,TRUCK,,30.9,ACTIVE,2026-08-22T22:57:00.000Z,2026-08-28T05:35:45.262Z,2026-08-27T13:53:07.368Z,2026-08-28T05:30:05.751Z
cmtbl1x6a00ehk1irpufpw5ze,HR22BO3680,CAR,,50.4,ACTIVE,2026-08-23T09:26:00.000Z,2026-08-27T18:44:40.655Z,2026-08-27T13:53:07.368Z,2026-08-27T18:50:50.240Z
cmtbl1x6a00eik1irr0kysp89,UP11YV2964,CAR,,46.9,ACTIVE,2026-08-23T11:24:41.047Z,2026-08-28T08:12:39.933Z,2026-08-27T13:53:07.368Z,2026-08-28T08:05:40.374Z
cmtbl1x6a00ejk1irco0ykp8a,UP53DS3779,AUTO,,26.8,ACTIVE,2026-08-23T04:40:00.000Z,2026-08-27T15:18:12.986Z,2026-08-27T13:53:07.368Z,2026-08-27T18:50:50.240Z
cmtbl1x6a00ekk1irhm8clizp,CG31FL0084,MOTORCYCLE,,38.1,ACTIVE,2026-08-23T11:28:00.000Z,2026-08-28T08:10:57.395Z,2026-08-27T13:53:07.368Z,2026-08-28T08:04:55.525Z
cmtbl1x6a00elk1irokbapdlx,UP55CP7876,MOTORCYCLE,,44.1,ACTIVE,2026-08-23T04:33:26.608Z,2026-08-27T18:44:40.655Z,2026-08-27T13:53:07.368Z,2026-08-27T18:50:50.240Z
cmtbl1x6a00emk1iraws4p7ud,UP58CQ5038,TRUCK,,,ACTIVE,2026-08-23T13:15:00.000Z,2026-08-25T09:07:31.887Z,2026-08-27T13:53:07.368Z,2026-08-27T18:50:50.240Z
cmtbl1x6a00enk1iro0n0n17g,UP24SW3688,CAR,,43.3,ACTIVE,2026-08-22T22:37:00.000Z,2026-08-27T16:07:34.463Z,2026-08-27T13:53:07.368Z,2026-08-27T18:50:50.240Z
cmtbl1x6a00eok1ir00q2r0a2,UP58MI8284,CAR,,43.2,ACTIVE,2026-08-23T09:58:00.000Z,2026-08-28T05:35:45.262Z,2026-08-27T13:53:07.368Z,2026-08-28T05:30:00.998Z
cmtbl1x6a00epk1ircy54zurl,UP37JA7101,MOTORCYCLE,,,ACTIVE,2026-08-23T03:40:00.000Z,2026-08-23T03:48:04.056Z,2026-08-27T13:53:07.368Z,2026-08-27T18:50:50.240Z
cmtbl1x6a00eqk1irfex8zceb,UP69GG5612,CAR,,,ACTIVE,2026-08-23T01:11:00.000Z,2026-08-23T15:45:30.305Z,2026-08-27T13:53:07.368Z,2026-08-27T18:50:50.240Z
cmtbl1x6a00erk1ir5pw39rdr,UP85QB6166,SCOOTER,,33.2,ACTIVE,2026-08-23T08:14:00.000Z,2026-08-27T15:44:50.653Z,2026-08-27T13:53:07.368Z,2026-08-27T18:50:50.240Z
cmtbl1x6a00esk1irne4l18mk,CG69PB8836,CAR,,45.2,ACTIVE,2026-08-23T22:37:00.000Z,2026-08-28T08:11:41.587Z,2026-08-27T13:53:07.368Z,2026-08-28T08:05:22.250Z
cmtbl1x6a00etk1irpvw5czqo,RJ77FC6410,CAR,,,ACTIVE,2026-08-24T03:47:00.000Z,2026-08-24T11:00:48.483Z,2026-08-27T13:53:07.368Z,2026-08-27T18:50:50.240Z
cmtbl1x6a00euk1iraedhidjw,MP37EK8273,MOTORCYCLE,,45.5,ACTIVE,2026-08-24T02:34:00.000Z,2026-08-27T18:06:29.872Z,2026-08-27T13:53:07.368Z,2026-08-27T18:50:50.240Z
cmtbl1x6a00evk1ir0gq2o0iq,UP91QU0776,MOTORCYCLE,,,ACTIVE,2026-08-24T04:20:00.000Z,2026-08-24T07:14:11.545Z,2026-08-27T13:53:07.368Z,2026-08-27T18:50:50.240Z
cmtbl1x6a00ewk1irsoq5idva,UP09XH7006,CAR,,45.7,ACTIVE,2026-08-24T04:38:00.000Z,2026-08-27T18:07:41.934Z,2026-08-27T13:53:07.368Z,2026-08-27T18:50:50.240Z
cmtbl1x6a00exk1irodmwuslg,UP39QU9130,TAXI,,38.7,ACTIVE,2026-08-24T06:11:33.147Z,2026-08-27T16:08:34.883Z,2026-08-27T13:53:07.368Z,2026-08-27T18:50:50.240Z
cmtbl1x6a00eyk1iry7llnioo,UP10PE0086,CAR,,47.1,ACTIVE,2026-08-24T06:30:00.000Z,2026-08-28T05:35:45.262Z,2026-08-27T13:53:07.368Z,2026-08-28T05:29:58.483Z
cmtbl1x6a00ezk1ir17glvfpy,DL15EG9040,TRUCK,,27.6,ACTIVE,2026-08-23T23:29:00.000Z,2026-08-28T06:22:05.836Z,2026-08-27T13:53:07.368Z,2026-08-28T05:21:37.743Z
cmtbl1x6a00f0k1irdt71q0u5,UP66JW0863,VAN,,36.6,ACTIVE,2026-08-24T11:35:00.000Z,2026-08-28T06:20:00.924Z,2026-08-27T13:53:07.368Z,2026-08-28T05:20:29.689Z
cmtbl1x6a00f1k1iri3sw6w0v,UP61XN4214,BUS,,34.7,ACTIVE,2026-08-23T23:48:00.000Z,2026-08-28T06:21:23.610Z,2026-08-27T13:53:07.368Z,2026-08-28T05:21:16.244Z
cmtbl1x6a00f2k1irh2lombiy,UP59PU9552,SCOOTER,,,ACTIVE,2026-08-24T07:43:00.000Z,2026-08-24T08:13:57.271Z,2026-08-27T13:53:07.368Z,2026-08-27T18:50:50.240Z
cmtbl1x6a00f3k1irzy0n7mbz,BR53DU4604,TRUCK,,33.4,ACTIVE,2026-08-23T22:47:00.000Z,2026-08-28T05:34:22.754Z,2026-08-27T13:53:07.368Z,2026-08-28T05:29:25.058Z
cmtbl1x6a00f4k1iryka80047,UP54SF8840,TAXI,,38.3,ACTIVE,2026-08-23T22:46:00.000Z,2026-08-27T16:05:01.287Z,2026-08-27T13:53:07.368Z,2026-08-27T18:50:50.240Z
cmtbl1x6a00f5k1irrtb4whbz,UP20BO1678,AUTO,,22.9,ACTIVE,2026-08-24T01:48:00.000Z,2026-08-28T05:32:46.174Z,2026-08-27T13:53:07.368Z,2026-08-28T05:28:28.613Z
cmtbl1x6a00f6k1irbrxnbgcq,UP99HX4510,CAR,,49.7,ACTIVE,2026-08-23T23:48:00.000Z,2026-08-27T18:44:40.655Z,2026-08-27T13:53:07.368Z,2026-08-27T18:50:50.240Z
cmtbl1x6a00f7k1iriibz4wcx,UP18PA7878,CAR,,45.2,ACTIVE,2026-08-24T01:48:00.000Z,2026-08-27T15:43:48.591Z,2026-08-27T13:53:07.368Z,2026-08-27T18:50:50.240Z
cmtbl1x6a00f8k1irg3fveasb,UP98KD9095,CAR,,46.5,ACTIVE,2026-08-24T07:30:00.000Z,2026-08-27T15:44:50.653Z,2026-08-27T13:53:07.368Z,2026-08-27T18:50:50.240Z
cmtbl1x6a00f9k1irres8y5jl,UP57FN8933,MOTORCYCLE,,,ACTIVE,2026-08-24T07:38:00.000Z,2026-08-24T07:47:47.862Z,2026-08-27T13:53:07.368Z,2026-08-27T18:50:50.240Z
cmtbl1x6a00fak1ir6nn2gerj,MP31NM2718,AUTO,,,ACTIVE,2026-08-24T10:03:00.000Z,2026-08-24T11:28:24.582Z,2026-08-27T13:53:07.368Z,2026-08-27T18:50:50.240Z
cmtbl1x6a00fbk1irxodajtje,UP48LU4102,TRUCK,,25.3,ACTIVE,2026-08-24T07:20:00.000Z,2026-08-28T08:08:32.295Z,2026-08-27T13:53:07.368Z,2026-08-28T08:03:38.924Z
cmtbl1x6a00fck1irr5pc40bo,DL19AN4690,CAR,,,ACTIVE,2026-08-24T06:44:00.000Z,2026-08-24T07:19:59.140Z,2026-08-27T13:53:07.368Z,2026-08-27T18:50:50.240Z
cmtbl1x6a00fdk1irxdcwz74d,BR15PB2565,SCOOTER,,30.6,ACTIVE,2026-08-23T22:36:00.000Z,2026-08-28T06:21:23.610Z,2026-08-27T13:53:07.368Z,2026-08-28T05:21:17.096Z
cmtbl1x6a00fek1ir6itvsy12,UP23WR1835,CAR,,49.1,ACTIVE,2026-08-24T05:11:00.000Z,2026-08-27T15:44:50.653Z,2026-08-27T13:53:07.368Z,2026-08-27T18:50:50.240Z
cmtbl1x6a00ffk1irz6kys3dt,UP86CV3023,SCOOTER,,28.1,ACTIVE,2026-08-24T02:37:00.000Z,2026-08-28T17:06:14.455Z,2026-08-27T13:53:07.368Z,2026-08-28T04:43:58.216Z
cmtbl1x6a00fgk1irm08c3zzi,UP70NC9097,SCOOTER,,31.3,ACTIVE,2026-08-24T07:38:00.000Z,2026-08-27T15:19:45.062Z,2026-08-27T13:53:07.368Z,2026-08-27T18:50:50.240Z
cmtbl1x6a00fhk1irultvctzx,UP51FA4498,CAR,,55.2,ACTIVE,2026-08-24T09:53:00.000Z,2026-08-28T06:22:05.836Z,2026-08-27T13:53:07.368Z,2026-08-28T05:21:42.157Z
cmtbl1x6a00fik1irtq906n77,MP52CE8735,CAR,,,ACTIVE,2026-08-24T06:57:00.000Z,2026-08-24T07:53:33.554Z,2026-08-27T13:53:07.368Z,2026-08-27T18:50:50.240Z
cmtbl1x6a00fjk1irqndy6283,UP87II9873,MOTORCYCLE,,44.8,ACTIVE,2026-08-24T01:33:00.000Z,2026-08-28T06:22:05.836Z,2026-08-27T13:53:07.368Z,2026-08-28T05:21:32.120Z
cmtbl1x6a00fkk1irowarcdwc,DL38UE4989,AUTO,,,ACTIVE,2026-08-24T08:29:00.000Z,2026-08-24T09:18:44.491Z,2026-08-27T13:53:07.368Z,2026-08-27T18:50:50.240Z
cmtbl1x6a00flk1iro70jaxyu,BR16RJ3064,MOTORCYCLE,,44.4,ACTIVE,2026-08-24T02:12:00.000Z,2026-08-28T06:20:00.924Z,2026-08-27T13:53:07.368Z,2026-08-28T05:20:35.303Z
cmtbl1x6a00fmk1ir8sg5qxa1,UP45HX0875,MOTORCYCLE,,,ACTIVE,2026-08-23T22:50:00.000Z,2026-08-24T17:12:21.615Z,2026-08-27T13:53:07.368Z,2026-08-27T18:50:50.240Z
cmtbl1x6a00fnk1irvih2kf4l,UP13CI7434,CAR,,,ACTIVE,2026-08-24T07:25:00.000Z,2026-08-24T11:46:18.118Z,2026-08-27T13:53:07.368Z,2026-08-27T18:50:50.240Z
cmtbl1x6a00fok1irs2ngm9ua,UP13SA8000,TRUCK,,28.4,ACTIVE,2026-08-23T23:37:30.371Z,2026-08-28T05:32:46.174Z,2026-08-27T13:53:07.368Z,2026-08-28T05:28:30.464Z
cmtbl1x6a00fpk1irdms1312f,UP53JN4829,SCOOTER,,,ACTIVE,2026-08-24T12:40:00.000Z,2026-08-24T13:47:40.115Z,2026-08-27T13:53:07.368Z,2026-08-27T18:50:50.240Z
cmtbl1x6a00fqk1ircu93trso,UP07TF3409,CAR,,,ACTIVE,2026-08-24T03:27:00.000Z,2026-08-24T03:45:45.150Z,2026-08-27T13:53:07.368Z,2026-08-27T18:50:50.240Z
cmtbl1x6a00frk1irqfz7www4,UP44YG7943,CAR,,47.5,ACTIVE,2026-08-25T03:20:00.000Z,2026-08-28T05:32:46.174Z,2026-08-27T13:53:07.368Z,2026-08-28T05:28:30.441Z
cmtbl1x6a00fsk1ir8sgmsnby,UP70QP8294,TRUCK,,30,ACTIVE,2026-08-25T03:39:00.000Z,2026-08-28T08:11:41.587Z,2026-08-27T13:53:07.368Z,2026-08-28T08:05:15.592Z
cmtbl1x6a00ftk1irq9ty2hxe,UP88QW9760,SCOOTER,,31.4,ACTIVE,2026-08-25T07:06:00.000Z,2026-08-28T05:33:34.412Z,2026-08-27T13:53:07.368Z,2026-08-28T05:29:05.463Z
cmtbl1x6a00fuk1iruuvil13s,MP27JA5225,CAR,,,ACTIVE,2026-08-25T04:32:00.000Z,2026-08-25T09:11:21.103Z,2026-08-27T13:53:07.368Z,2026-08-27T18:50:50.240Z
cmtbl1x6a00fvk1ireg9cj4s2,UP87RG1361,AUTO,,29.3,ACTIVE,2026-08-24T22:33:00.000Z,2026-08-28T05:36:33.582Z,2026-08-27T13:53:07.368Z,2026-08-28T05:30:23.983Z
cmtbl1x6a00fwk1irc0bxca5h,UP03PR1878,CAR,,47.5,ACTIVE,2026-08-24T22:37:00.000Z,2026-08-28T17:02:22.075Z,2026-08-27T13:53:07.368Z,2026-08-28T04:41:56.696Z
cmtbl1x6a00fxk1ir08piec86,UP89EV1069,MOTORCYCLE,,48.2,ACTIVE,2026-08-25T10:26:00.000Z,2026-08-28T17:06:14.455Z,2026-08-27T13:53:07.368Z,2026-08-28T04:43:59.230Z
cmtbl1x6a00fyk1irval4nv0t,CG21WT5817,VAN,,32.8,ACTIVE,2026-08-25T00:06:00.000Z,2026-08-28T17:03:18.185Z,2026-08-27T13:53:07.368Z,2026-08-28T04:42:27.448Z
cmtbl1x6a00fzk1irm5ome65b,UP92SY6028,SCOOTER,,34.6,ACTIVE,2026-08-25T03:54:00.000Z,2026-08-28T08:12:39.933Z,2026-08-27T13:53:07.368Z,2026-08-28T08:05:38.326Z
cmtbl1x6a00g0k1ir1gjgvmmv,UP20AZ5434,SCOOTER,,41.6,ACTIVE,2026-08-25T02:38:00.000Z,2026-08-27T18:44:40.655Z,2026-08-27T13:53:07.368Z,2026-08-27T18:50:50.240Z
cmtbl1x6a00g1k1ir3gmz5na1,UP56IF3286,MOTORCYCLE,,42.3,ACTIVE,2026-08-24T23:30:00.000Z,2026-08-28T06:20:41.236Z,2026-08-27T13:53:07.368Z,2026-08-28T05:20:48.592Z
cmtbl1x6a00g2k1irxa0j49ax,UP85LN7008,CAR,,46.3,ACTIVE,2026-08-25T07:20:00.000Z,2026-08-28T05:33:34.412Z,2026-08-27T13:53:07.368Z,2026-08-28T05:28:58.613Z
cmtbl1x6b00g3k1irhcuv273c,DL20XE8588,CAR,,52.5,ACTIVE,2026-08-25T04:23:00.000Z,2026-08-28T08:12:39.933Z,2026-08-27T13:53:07.368Z,2026-08-28T08:05:40.374Z
cmtbl1x6b00g4k1irqky9nisj,UP99CQ3438,VAN,,39.9,ACTIVE,2026-08-25T08:18:00.000Z,2026-08-28T08:08:32.295Z,2026-08-27T13:53:07.368Z,2026-08-28T08:03:34.698Z
cmtbl1x6b00g5k1irlhtgerke,UP37NO1936,MOTORCYCLE,,45.2,ACTIVE,2026-08-25T02:54:00.000Z,2026-08-28T05:34:22.754Z,2026-08-27T13:53:07.368Z,2026-08-28T05:29:25.961Z
cmtbl1x6b00g6k1ir6stx6rtd,UP92CX3274,CAR,,,ACTIVE,2026-08-25T03:12:00.000Z,2026-08-25T12:49:05.314Z,2026-08-27T13:53:07.368Z,2026-08-27T18:50:50.240Z
cmtbl1x6b00g7k1irmenkpnls,CG96PX9738,CAR,,41.1,ACTIVE,2026-08-25T02:26:00.000Z,2026-08-28T08:10:57.395Z,2026-08-27T13:53:07.368Z,2026-08-28T08:04:53.573Z
cmtbl1x6b00g8k1ir0olkg1cs,UP67XS2497,CAR,,43.3,ACTIVE,2026-08-25T07:29:00.000Z,2026-08-28T08:10:57.395Z,2026-08-27T13:53:07.368Z,2026-08-28T08:04:54.702Z
cmtbl1x6b00g9k1irbndx68cb,UP12MA9205,VAN,,35.7,ACTIVE,2026-08-25T03:46:00.000Z,2026-08-28T05:34:22.754Z,2026-08-27T13:53:07.368Z,2026-08-28T05:29:25.059Z
cmtbl1x6b00gak1ir5gbi24k8,UP82EZ6659,MOTORCYCLE,,46.7,ACTIVE,2026-08-25T01:03:00.000Z,2026-08-28T05:35:45.262Z,2026-08-27T13:53:07.368Z,2026-08-28T05:29:59.397Z
cmtbl1x6b00gbk1ir0a7bbkmf,RJ34AD2292,CAR,,47.1,ACTIVE,2026-08-25T08:20:00.000Z,2026-08-28T05:35:45.262Z,2026-08-27T13:53:07.368Z,2026-08-28T05:29:59.389Z
cmtbl1x6b00gck1ir2cdpsp6d,UP61YX4237,TRUCK,,27.9,ACTIVE,2026-08-24T23:46:00.000Z,2026-08-28T05:34:22.754Z,2026-08-27T13:53:07.368Z,2026-08-28T05:29:21.683Z
cmtbl1x6b00gdk1irj0cybkhp,MP16CZ6125,CAR,,45,ACTIVE,2026-08-25T02:00:00.000Z,2026-08-28T06:20:41.236Z,2026-08-27T13:53:07.368Z,2026-08-28T05:20:55.514Z
cmtbl1x6b00gek1irreqm2op4,UP72BP8355,CAR,,47,ACTIVE,2026-08-24T22:31:00.000Z,2026-08-28T08:11:41.587Z,2026-08-27T13:53:07.368Z,2026-08-28T08:05:09.650Z
cmtbl1x6b00gfk1irclwydc99,UP83TS2670,CAR,,50.5,ACTIVE,2026-08-25T02:22:00.000Z,2026-08-28T05:32:46.174Z,2026-08-27T13:53:07.368Z,2026-08-28T05:28:28.408Z
cmtbl1x6b00ggk1ir9ur01a00,UP87OY9287,CAR,,50.4,ACTIVE,2026-08-25T00:39:00.000Z,2026-08-28T05:36:33.582Z,2026-08-27T13:53:07.368Z,2026-08-28T05:30:22.200Z
cmtbl1x6b00ghk1ircvb5pqiq,DL33OR0217,CAR,,43.1,ACTIVE,2026-08-25T08:32:00.000Z,2026-08-28T08:10:57.395Z,2026-08-27T13:53:07.368Z,2026-08-28T08:04:57.978Z
cmtbl1x6b00gik1ir68p9dm4p,UP68UD8252,AUTO,,,ACTIVE,2026-08-24T22:42:00.000Z,2026-08-25T14:47:44.900Z,2026-08-27T13:53:07.368Z,2026-08-27T18:50:50.240Z
cmtbl1x6b00gjk1irlj5dczga,UP34OA5995,CAR,,,ACTIVE,2026-08-25T08:54:00.000Z,2026-08-25T09:22:02.606Z,2026-08-27T13:53:07.368Z,2026-08-27T18:50:50.240Z
cmtbl1x6b00gkk1irt62856i0,UP99NS4549,MOTORCYCLE,,37.7,ACTIVE,2026-08-25T01:20:00.000Z,2026-08-28T05:35:45.262Z,2026-08-27T13:53:07.368Z,2026-08-28T05:30:05.402Z
cmtbl1x6b00glk1irxfcgpejr,UP56OA5481,AUTO,,28.8,ACTIVE,2026-08-25T01:41:00.000Z,2026-08-28T06:18:38.396Z,2026-08-27T13:53:07.368Z,2026-08-28T05:19:47.537Z
cmtbl1x6b00gmk1irkwh66rqd,CG32FS4739,MOTORCYCLE,,50.4,ACTIVE,2026-08-25T04:48:00.000Z,2026-08-28T06:22:05.836Z,2026-08-27T13:53:07.368Z,2026-08-28T05:21:32.120Z
cmtbl1x6b00gnk1irerisqy5m,UP57JC5681,CAR,,48.4,ACTIVE,2026-08-25T00:45:00.000Z,2026-08-28T06:21:23.610Z,2026-08-27T13:53:07.368Z,2026-08-28T05:21:11.540Z
cmtbl1x6b00gok1ir834kjd4k,UP56XA8645,TAXI,,,ACTIVE,2026-08-25T03:49:00.000Z,2026-08-25T13:12:12.040Z,2026-08-27T13:53:07.368Z,2026-08-27T18:50:50.240Z
cmtbl1x6b00gpk1irit0d45bd,BR19AA2050,SCOOTER,,33.8,ACTIVE,2026-08-25T08:03:00.000Z,2026-08-28T05:33:34.412Z,2026-08-27T13:53:07.368Z,2026-08-28T05:29:06.186Z