{
  "type": "FeatureCollection",
  "features": [
    {
      "type": "Feature",
      "properties": {
        "id": 23133486,
        "name": "Inner Circle",
        "highway": "tertiary",
        "oneway": true,
        "maxspeed": "50"
      },
      "geometry": {
        "type": "LineString",
        "coordinates": [
          [
            77.2206283,
            28.6335703
          ],
          [
            77.220695,
            28.6335031
          ],
          [
            77.2207554,
            28.6334314
          ],
          [
            77.2208092,
            28.6333557
          ],
          [
            77.2208941,
            28.6331974
          ],
          [
            77.22095,
            28.6330295
          ],
          [
            77.2209582,
            28.6329679
          ],
          [
            77.2209768,
            28.6328285
          ],
          [
            77.2209621,
            28.6326265
          ],
          [
            77.2209516,
            28.6325893
          ],
          [
            77.2208801,
            28.6323608
          ],
          [
            77.2207567,
            28.6321678
          ],
          [
            77.2206473,
            28.6320329
          ],
          [
            77.2205163,
            28.6319161
          ],
          [
            77.2203727,
            28.6318222
          ],
          [
            77.2202627,
            28.6317719
          ],
          [
            77.2201604,
            28.6317257
          ],
          [
            77.2199834,
            28.6316743
          ],
          [
            77.2198229,
            28.6316541
          ],
          [
            77.2197049,
            28.6316372
          ],
          [
            77.2195809,
            28.6316347
          ],
          [
            77.2193911,
            28.6316773
          ],
          [
            77.2191965,
            28.6317464
          ],
          [
            77.2189724,
            28.6318698
          ],
          [
            77.2188463,
            28.6319587
          ],
          [
            77.2186847,
            28.632107
          ],
          [
            77.2185744,
            28.6322574
          ],
          [
            77.2185397,
            28.6323119
          ],
          [
            77.2185101,
            28.6323706
          ],
          [
            77.2184612,
            28.6324954
          ],
          [
            77.2184292,
            28.6326243
          ],
          [
            77.2184138,
            28.6327868
          ],
          [
            77.2184244,
            28.6329374
          ],
          [
            77.2184253,
            28.6329495
          ],
          [
            77.2184634,
            28.6331091
          ],
          [
            77.2185004,
            28.6331973
          ],
          [
            77.2185275,
            28.6332621
          ],
          [
            77.2186161,
            28.6334054
          ],
          [
            77.2187978,
            28.6336009
          ],
          [
            77.2190004,
            28.633744
          ],
          [
            77.2190729,
            28.6337821
          ],
          [
            77.2190881,
            28.6337889
          ],
          [
            77.219146,
            28.6338151
          ],
          [
            77.2193018,
            28.6338694
          ],
          [
            77.2194307,
            28.6338979
          ],
          [
            77.2194644,
            28.6339053
          ],
          [
            77.2195654,
            28.633918
          ],
          [
            77.2195791,
            28.6339187
          ],
          [
            77.2196672,
            28.6339235
          ],
          [
            77.2197696,
            28.6339283
          ],
          [
            77.2199011,
            28.6339092
          ],
          [
            77.2200307,
            28.6338846
          ],
          [
            77.2201568,
            28.6338484
          ],
          [
            77.2202779,
            28.6338009
          ],
          [
            77.2203928,
            28.6337427
          ],
          [
            77.2205164,
            28.6336627
          ],
          [
            77.2205701,
            28.6336184
          ],
          [
            77.2206283,
            28.6335703
          ]
        ]
      }
    },
    {
      "type": "Feature",
      "properties": {
        "id": 23133600,
        "name": "Middle Circle",
        "highway": "residential",
        "oneway": true,
        "maxspeed": "50"
      },
      "geometry": {
        "type": "LineString",
        "coordinates": [
          [
            77.2195322,
            28.6306928
          ],
          [
            77.2197362,
            28.6306881
          ],
          [
            77.2197441,
            28.6306879
          ],
          [
            77.2199556,
            28.6306994
          ],
          [
            77.2200739,
            28.6307132
          ],
          [
            77.2201652,
            28.6307271
          ],
          [
            77.2203711,
            28.630771
          ],
          [
            77.2205719,
            28.6308305
          ],
          [
            77.2207434,
            28.6308967
          ],
          [
            77.2207659,
            28.6309054
          ],
          [
            77.2209517,
            28.6309949
          ],
          [
            77.2211278,
            28.6310984
          ],
          [
            77.2212929,
            28.631205
          ],
          [
            77.2214484,
            28.6313298
          ],
          [
            77.221582,
            28.6314584
          ],
          [
            77.2217092,
            28.631635
          ],
          [
            77.2218192,
            28.6317961
          ],
          [
            77.2218375,
            28.6318251
          ],
          [
            77.2219124,
            28.6319651
          ],
          [
            77.2219756,
            28.6321115
          ],
          [
            77.2219882,
            28.6321408
          ],
          [
            77.2220459,
            28.6323216
          ],
          [
            77.2220743,
            28.6324555
          ],
          [
            77.222085,
            28.6325062
          ],
          [
            77.2221005,
            28.6326494
          ],
          [
            77.2221053,
            28.6326932
          ],
          [
            77.2221065,
            28.6328501
          ],
          [
            77.2221067,
            28.632881
          ],
          [
            77.222089,
            28.6330682
          ],
          [
            77.2220524,
            28.6332532
          ],
          [
            77.2219973,
            28.6334347
          ],
          [
            77.2219474,
            28.6335548
          ],
          [
            77.221924,
            28.6336111
          ],
          [
            77.2218332,
            28.6337812
          ],
          [
            77.2217344,
            28.6339312
          ],
          [
            77.2217209,
            28.6339483
          ],
          [
            77.221622,
            28.6340736
          ],
          [
            77.2215063,
            28.6341971
          ],
          [
            77.2214967,
            28.6342074
          ],
          [
            77.2213593,
            28.6343318
          ],
          [
            77.2212215,
            28.6344376
          ],
          [
            77.2212107,
            28.6344459
          ],
          [
            77.2210037,
            28.6345795
          ],
          [
            77.2209104,
            28.6346269
          ],
          [
            77.2207766,
            28.6346899
          ],
          [
            77.2207631,
            28.6346962
          ],
          [
            77.2206106,
            28.6347563
          ],
          [
            77.2204537,
            28.6348069
          ],
          [
            77.2202932,
            28.6348479
          ],
          [
            77.2201298,
            28.634879
          ],
          [
            77.2199644,
            28.6349001
          ],
          [
            77.2198366,
            28.6349075
          ],
          [
            77.2196441,
            28.6349121
          ],
          [
            77.2195578,
            28.6349079
          ],
          [
            77.2194908,
            28.6349046
          ],
          [
            77.2193384,
            28.6348886
          ],
          [
            77.2191875,
            28.634864
          ],
          [
            77.2190386,
            28.634831
          ],
          [
            77.2188924,
            28.6347898
          ],
          [
            77.2187906,
            28.6347546
          ],
          [
            77.2187496,
            28.6347405
          ],
          [
            77.2186106,
            28.6346833
          ],
          [
            77.2184742,
            28.6346175
          ],
          [
            77.218343,
            28.6345441
          ],
          [
            77.2182175,
            28.6344634
          ],
          [
            77.2180982,
            28.6343758
          ],
          [
            77.2179855,
            28.6342816
          ],
          [
            77.2178801,
            28.6341812
          ],
          [
            77.2178323,
            28.6341288
          ],
          [
            77.2177822,
            28.634075
          ],
          [
            77.2176776,
            28.63394
          ],
          [
            77.2176204,
            28.6338616
          ],
          [
            77.2175675,
            28.6337761
          ],
          [
            77.2175552,
            28.6337563
          ],
          [
            77.2174968,
            28.6336479
          ],
          [
            77.2174456,
            28.6335367
          ],
          [
            77.2174016,
            28.6334232
          ],
          [
            77.217365,
            28.6333077
          ],
          [
            77.217336,
            28.6331905
          ],
          [
            77.2173146,
            28.6330721
          ],
          [
            77.2173009,
            28.6329528
          ],
          [
            77.2172949,
            28.632833
          ],
          [
            77.2172966,
            28.6327131
          ],
          [
            77.2173061,
            28.6325935
          ],
          [
            77.2173233,
            28.6324745
          ],
          [
            77.2173482,
            28.6323566
          ],
          [
            77.2173807,
            28.6322402
          ],
          [
            77.2174206,
            28.6321255
          ],
          [
            77.217476,
            28.6319913
          ],
          [
            77.2175224,
            28.6319031
          ],
          [
            77.2175751,
            28.6318278
          ]
        ]
      }
    },
    {
      "type": "Feature",
      "properties": {
        "id": 23133709,
        "name": "Outer Circle",
        "highway": "secondary",
        "oneway": true,
        "maxspeed": "50"
      },
      "geometry": {
        "type": "LineString",
        "coordinates": [
          [
            77.2209174,
            28.6300832
          ],
          [
            77.2208552,
            28.6300608
          ],
          [
            77.220815,
            28.6300478
          ],
          [
            77.2206518,
            28.6299952
          ],
          [
            77.2205331,
            28.6299741
          ],
          [
            77.2202029,
            28.6299163
          ],
          [
            77.2200819,
            28.6299063
          ],
          [
            77.2198676,
            28.6298886
          ],
          [
            77.2197987,
            28.6298842
          ],
          [
            77.2197655,
            28.629882
          ],
          [
            77.2194853,
            28.6298938
          ]
        ]
      }
    },
    {
      "type": "Feature",
      "properties": {
        "id": 24577096,
        "name": "Janpath",
        "highway": "secondary",
        "oneway": true,
        "maxspeed": "50"
      },
      "geometry": {
        "type": "LineString",
        "coordinates": [
          [
            77.2188628,
            28.6204246
          ],
          [
            77.2188821,
            28.6207224
          ],
          [
            77.2189177,
            28.621269
          ],
          [
            77.2189266,
            28.6214073
          ],
          [
            77.2189742,
            28.6221388
          ],
          [
            77.2189943,
            28.6224484
          ],
          [
            77.2190388,
            28.6231327
          ],
          [
            77.2190624,
            28.6234956
          ],
          [
            77.219113,
            28.6242755
          ],
          [
            77.2191231,
            28.624431
          ],
          [
            77.2191268,
            28.624488
          ],
          [
            77.2191374,
            28.6246501
          ],
          [
            77.2191539,
            28.6249036
          ],
          [
            77.2191709,
            28.6251657
          ],
          [
            77.2191835,
            28.6253602
          ],
          [
            77.219231,
            28.6260908
          ],
          [
            77.2192393,
            28.6262191
          ],
          [
            77.2192455,
            28.6263138
          ]
        ]
      }
    },
    {
      "type": "Feature",
      "properties": {
        "id": 24577478,
        "name": "Sansad Marg",
        "highway": "secondary",
        "oneway": true,
        "maxspeed": "50"
      },
      "geometry": {
        "type": "LineString",
        "coordinates": [
          [
            77.2165741,
            28.6283967
          ],
          [
            77.2164816,
            28.6282755
          ],
          [
            77.2158122,
            28.6274574
          ],
          [
            77.2155913,
            28.6271877
          ],
          [
            77.2154732,
            28.6270431
          ],
          [
            77.2154323,
            28.6269871
          ],
          [
            77.2153661,
            28.6269024
          ]
        ]
      }
    },
    {
      "type": "Feature",
      "properties": {
        "id": 24577480,
        "name": "Radial Road 1",
        "highway": "tertiary",
        "oneway": true,
        "maxspeed": "50"
      },
      "geometry": {
        "type": "LineString",
        "coordinates": [
          [
            77.2194853,
            28.6298938
          ],
          [
            77.2194961,
            28.6300779
          ],
          [
            77.2195014,
            28.6301679
          ],
          [
            77.2195053,
            28.630235
          ],
          [
            77.2195281,
            28.6306228
          ],
          [
            77.2195322,
            28.6306928
          ],
          [
            77.2195553,
            28.6311044
          ],
          [
            77.2195662,
            28.631324
          ],
          [
            77.2195719,
            28.6314124
          ],
          [
            77.2195737,
            28.6314455
          ],
          [
            77.2195814,
            28.6315893
          ],
          [
            77.2195809,
            28.6316347
          ]
        ]
      }
    },
    {
      "type": "Feature",
      "properties": {
        "id": 24577482,
        "name": "Radial Road 7",
        "highway": "tertiary",
        "oneway": true,
        "maxspeed": "50"
      },
      "geometry": {
        "type": "LineString",
        "coordinates": [
          [
            77.2207567,
            28.6321678
          ],
          [
            77.221105,
            28.6319768
          ],
          [
            77.2212982,
            28.6318649
          ],
          [
            77.2217092,
            28.631635
          ]
        ]
      }
    },
    {
      "type": "Feature",
      "properties": {
        "id": 24577483,
        "name": "Radial Road 6",
        "highway": "tertiary",
        "oneway": true,
        "maxspeed": "50"
      },
      "geometry": {
        "type": "LineString",
        "coordinates": [
          [
            77.2225404,
            28.6341977
          ],
          [
            77.222516,
            28.634119
          ],
          [
            77.2224949,
            28.6340854
          ],
          [
            77.2224685,
            28.6340597
          ],
          [
            77.2224339,
            28.6340366
          ],
          [
            77.222397,
            28.6340157
          ],
          [
            77.2223711,
            28.6340049
          ],
          [
            77.2218332,
            28.6337812
          ],
          [
            77.2211753,
            28.6335124
          ],
          [
            77.2208092,
            28.6333557
          ]
        ]
      }
    },
    {
      "type": "Feature",
      "properties": {
        "id": 24577486,
        "name": "Radial Road 4",
        "highway": "tertiary",
        "oneway": true,
        "maxspeed": "50"
      },
      "geometry": {
        "type": "LineString",
        "coordinates": [
          [
            77.2198833,
            28.6357191
          ],
          [
            77.2198719,
            28.6355209
          ],
          [
            77.2198689,
            28.6354683
          ],
          [
            77.2198418,
            28.6349975
          ],
          [
            77.2198366,
            28.6349075
          ],
          [
            77.2198021,
            28.6343002
          ],
          [
            77.2197924,
            28.6341262
          ],
          [
            77.2197696,
            28.6339283
          ]
        ]
      }
    },
    {
      "type": "Feature",
      "properties": {
        "id": 24577487,
        "name": "Radial Road 3",
        "highway": "tertiary",
        "oneway": true,
        "maxspeed": "50"
      },
      "geometry": {
        "type": "LineString",
        "coordinates": [
          [
            77.2186161,
            28.6334054
          ],
          [
            77.2182722,
            28.6336029
          ],
          [
            77.2176776,
            28.63394
          ],
          [
            77.2172568,
            28.634179
          ],
          [
            77.2172211,
            28.6341993
          ],
          [
            77.2171298,
            28.6342511
          ],
          [
            77.2170406,
            28.6343031
          ]
        ]
      }
    },
    {
      "type": "Feature",
      "properties": {
        "id": 24577488,
        "name": "Radial Road 2",
        "highway": "tertiary",
        "oneway": true,
        "maxspeed": "50"
      },
      "geometry": {
        "type": "LineString",
        "coordinates": [
          [
            77.2185744,
            28.6322574
          ],
          [
            77.2184809,
            28.6322214
          ],
          [
            77.2182548,
            28.6321267
          ],
          [
            77.2182071,
            28.6321067
          ],
          [
            77.2181956,
            28.6321017
          ],
          [
            77.2180698,
            28.6320468
          ],
          [
            77.2177412,
            28.6319034
          ],
          [
            77.2175751,
            28.6318278
          ],
          [
            77.2172822,
            28.6316826
          ],
          [
            77.2170792,
            28.6315818
          ],
          [
            77.2169733,
            28.6315337
          ],
          [
            77.2167421,
            28.6314291
          ]
        ]
      }
    },
    {
      "type": "Feature",
      "properties": {
        "id": 24582917,
        "name": "Connaught Lane",
        "highway": "unclassified",
        "oneway": true,
        "maxspeed": "50"
      },
      "geometry": {
        "type": "LineString",
        "coordinates": [
          [
            77.2228984,
            28.6334419
          ],
          [
            77.2233233,
            28.6335226
          ],
          [
            77.2238944,
            28.6336313
          ],
          [
            77.2241282,
            28.6336312
          ],
          [
            77.224329,
            28.6335973
          ],
          [
            77.2244858,
            28.6335344
          ],
          [
            77.2247762,
            28.63335
          ],
          [
            77.2249216,
            28.6332724
          ],
          [
            77.2254222,
            28.6330053
          ],
          [
            77.2254715,
            28.632949
          ],
          [
            77.2254922,
            28.6328887
          ]
        ]
      }
    },
    {
      "type": "Feature",
      "properties": {
        "id": 24582918,
        "name": "Connaught Lane",
        "highway": "residential",
        "oneway": false,
        "maxspeed": "50"
      },
      "geometry": {
        "type": "LineString",
        "coordinates": [
          [
            77.2239292,
            28.6314863
          ],
          [
            77.2238044,
            28.6313247
          ],
          [
            77.2236331,
            28.6310997
          ],
          [
            77.2234121,
            28.6308165
          ],
          [
            77.2233885,
            28.6307801
          ],
          [
            77.223352,
            28.6307237
          ]
        ]
      }
    },
    {
      "type": "Feature",
      "properties": {
        "id": 24582920,
        "name": "Unnamed Road",
        "highway": "unclassified",
        "oneway": false,
        "maxspeed": "50"
      },
      "geometry": {
        "type": "LineString",
        "coordinates": [
          [
            77.2233233,
            28.6335226
          ],
          [
            77.2233865,
            28.6330479
          ],
          [
            77.2234235,
            28.6329938
          ],
          [
            77.223467,
            28.6329302
          ],
          [
            77.2235536,
            28.6329002
          ],
          [
            77.224106,
            28.6328759
          ],
          [
            77.2244524,
            28.6328607
          ],
          [
            77.2245746,
            28.6328734
          ],
          [
            77.2246547,
            28.6329302
          ],
          [
            77.2249216,
            28.6332724
          ]
        ]
      }
    },
    {
      "type": "Feature",
      "properties": {
        "id": 24582921,
        "name": "Unnamed Road",
        "highway": "unclassified",
        "oneway": false,
        "maxspeed": "50"
      },
      "geometry": {
        "type": "LineString",
        "coordinates": [
          [
            77.226947,
            28.6297906
          ],
          [
            77.2264311,
            28.6300638
          ],
          [
            77.226371,
            28.6300956
          ],
          [
            77.2263441,
            28.6301099
          ],
          [
            77.2260286,
            28.6302913
          ],
          [
            77.2258775,
            28.6303782
          ],
          [
            77.2256338,
            28.6305183
          ],
          [
            77.2254242,
            28.6306388
          ],
          [
            77.2250531,
            28.6308522
          ],
          [
            77.2241449,
            28.6313744
          ],
          [
            77.2240419,
            28.6314336
          ],
          [
            77.2239292,
            28.6314863
          ],
          [
            77.2237254,
            28.631579
          ],
          [
            77.2234857,
            28.6316641
          ],
          [
            77.223029,
            28.6317991
          ],
          [
            77.2229101,
            28.6318342
          ],
          [
            77.2228317,
            28.6318574
          ]
        ]
      }
    },
    {
      "type": "Feature",
      "properties": {
        "id": 24583327,
        "name": "Sansad Marg",
        "highway": "secondary",
        "oneway": true,
        "maxspeed": "50"
      },
      "geometry": {
        "type": "LineString",
        "coordinates": [
          [
            77.2129097,
            28.6237991
          ],
          [
            77.2130542,
            28.6238697
          ],
          [
            77.2131117,
            28.6239194
          ],
          [
            77.2131561,
            28.6239756
          ],
          [
            77.2133154,
            28.6241953
          ],
          [
            77.2133939,
            28.6243036
          ],
          [
            77.2134541,
            28.6243867
          ],
          [
            77.213741,
            28.6247825
          ],
          [
            77.2138113,
            28.6248795
          ],
          [
            77.2139809,
            28.6251135
          ],
          [
            77.2142151,
            28.6254366
          ],
          [
            77.2142769,
            28.6255219
          ],
          [
            77.2146413,
            28.6260718
          ],
          [
            77.2149372,
            28.6265184
          ],
          [
            77.2149546,
            28.6265389
          ],
          [
            77.2150807,
            28.6266867
          ],
          [
            77.2152509,
            28.6268862
          ],
          [
            77.2152956,
            28.6269395
          ],
          [
            77.2153592,
            28.6270239
          ],
          [
            77.2154047,
            28.6270801
          ],
          [
            77.2155756,
            28.6272785
          ]
        ]
      }
    },
    {
      "type": "Feature",
      "properties": {
        "id": 24583330,
        "name": "Baba Kharak Singh Marg",
        "highway": "secondary",
        "oneway": true,
        "maxspeed": "50"
      },
      "geometry": {
        "type": "LineString",
        "coordinates": [
          [
            77.2087482,
            28.6279397
          ],
          [
            77.2088493,
            28.6279857
          ],
          [
            77.2089338,
            28.6280242
          ],
          [
            77.2094503,
            28.6282595
          ],
          [
            77.2094901,
            28.6282776
          ],
          [
            77.2102342,
            28.6286164
          ],
          [
            77.2102833,
            28.6286388
          ],
          [
            77.2104276,
            28.6287045
          ],
          [
            77.2105607,
            28.6287651
          ],
          [
            77.2118078,
            28.6293103
          ],
          [
            77.2145916,
            28.6305415
          ],
          [
            77.2159299,
            28.6311799
          ],
          [
            77.2161249,
            28.6312729
          ]
        ]
      }
    },
    {
      "type": "Feature",
      "properties": {
        "id": 24583332,
        "name": "Baba Kharak Singh Marg",
        "highway": "secondary",
        "oneway": true,
        "maxspeed": "50"
      },
      "geometry": {
        "type": "LineString",
        "coordinates": [
          [
            77.2167421,
            28.6314291
          ],
          [
            77.2165448,
            28.6313349
          ],
          [
            77.2161964,
            28.6311684
          ],
          [
            77.2161049,
            28.631128
          ],
          [
            77.2160983,
            28.6311251
          ],
          [
            77.2156806,
            28.6309426
          ],
          [
            77.2151812,
            28.6307244
          ],
          [
            77.2148855,
            28.630596
          ],
          [
            77.2141649,
            28.6302742
          ],
          [
            77.2137216,
            28.6300762
          ],
          [
            77.2126948,
            28.6296176
          ],
          [
            77.2125849,
            28.6295685
          ],
          [
            77.2123345,
            28.6294567
          ],
          [
            77.2122494,
            28.6294187
          ],
          [
            77.2120317,
            28.6293215
          ],
          [
            77.2114802,
            28.6290751
          ],
          [
            77.2110572,
            28.6288861
          ],
          [
            77.21087,
            28.6288025
          ],
          [
            77.2106225,
            28.628692
          ],
          [
            77.208997,
            28.6279508
          ],
          [
            77.2088192,
            28.6278692
          ],
          [
            77.2087948,
            28.627858
          ],
          [
            77.2087143,
            28.627821
          ],
          [
            77.2085677,
            28.6277537
          ],
          [
            77.2082794,
            28.6276215
          ],
          [
            77.2082287,
            28.6275982
          ],
          [
            77.2075964,
            28.627308
          ],
          [
            77.2075005,
            28.6272566
          ],
          [
            77.2074934,
            28.6272528
          ],
          [
            77.2073157,
            28.6271648
          ]
        ]
      }
    },
    {
      "type": "Feature",
      "properties": {
        "id": 24583487,
        "name": "Jai Singh Road",
        "highway": "tertiary",
        "oneway": false,
        "maxspeed": "50"
      },
      "geometry": {
        "type": "LineString",
        "coordinates": [
          [
            77.2147019,
            28.627188
          ],
          [
            77.2144444,
            28.6270742
          ],
          [
            77.2144069,
            28.6270576
          ],
          [
            77.2141083,
            28.6269256
          ],
          [
            77.2137483,
            28.6267696
          ],
          [
            77.2134952,
            28.6266567
          ],
          [
            77.2130518,
            28.6264589
          ],
          [
            77.2130022,
            28.6264357
          ],
          [
            77.2129492,
            28.626411
          ],
          [
            77.212613,
            28.6262669
          ],
          [
            77.2125411,
            28.6262408
          ],
          [
            77.212459,
            28.6262081
          ],
          [
            77.2122843,
            28.626142
          ],
          [
            77.2121708,
            28.6261036
          ],
          [
            77.2117344,
            28.625943
          ],
          [
            77.21156,
            28.6258548
          ],
          [
            77.2114352,
            28.6257292
          ],
          [
            77.2110542,
            28.6252681
          ],
          [
            77.2108438,
            28.6249697
          ],
          [
            77.2107998,
            28.6249073
          ],
          [
            77.2106381,
            28.6246947
          ]
        ]
      }
    },
    {
      "type": "Feature",
      "properties": {
        "id": 24583488,
        "name": "Hanuman Road",
        "highway": "residential",
        "oneway": false,
        "maxspeed": "50"
      },
      "geometry": {
        "type": "LineString",
        "coordinates": [
          [
            77.2171227,
            28.6293694
          ],
          [
            77.2169268,
            28.6295622
          ],
          [
            77.2168101,
            28.6296771
          ],
          [
            77.2165965,
            28.6298785
          ],
          [
            77.216565,
            28.6298935
          ],
          [
            77.2165342,
            28.6299017
          ],
          [
            77.216502,
            28.6299035
          ],
          [
            77.2164735,
            28.629899
          ],
          [
            77.216186,
            28.6297712
          ],
          [
            77.2161416,
            28.6297515
          ],
          [
            77.2160289,
            28.6297026
          ],
          [
            77.2158039,
            28.6296033
          ],
          [
            77.2148357,
            28.6291694
          ],
          [
            77.2129287,
            28.6283371
          ],
          [
            77.212842,
            28.6282844
          ],
          [
            77.2127844,
            28.6282337
          ],
          [
            77.2127589,
            28.6281959
          ],
          [
            77.2122322,
            28.6274881
          ],
          [
            77.2121465,
            28.6273813
          ],
          [
            77.2118507,
            28.6270127
          ],
          [
            77.2117102,
            28.6268375
          ],
          [
            77.2115964,
            28.6267638
          ],
          [
            77.2114205,
            28.6267391
          ],
          [
            77.2113018,
            28.6267448
          ],
          [
            77.2107525,
            28.626771
          ]
        ]
      }
    },
    {
      "type": "Feature",
      "properties": {
        "id": 24583489,
        "name": "Bangla Sahib Lane",
        "highway": "residential",
        "oneway": false,
        "maxspeed": "50"
      },
      "geometry": {
        "type": "LineString",
        "coordinates": [
          [
            77.2106225,
            28.628692
          ],
          [
            77.2107848,
            28.6285704
          ],
          [
            77.2108189,
            28.6285136
          ],
          [
            77.2108261,
            28.6284412
          ],
          [
            77.2108177,
            28.6282509
          ],
          [
            77.2108071,
            28.6280106
          ],
          [
            77.2107962,
            28.6277627
          ],
          [
            77.2107865,
            28.6275429
          ],
          [
            77.2107826,
            28.6274534
          ],
          [
            77.2107755,
            28.6272935
          ],
          [
            77.210765,
            28.6270557
          ],
          [
            77.2107525,
            28.626771
          ],
          [
            77.2107401,
            28.6265323
          ],
          [
            77.2107233,
            28.626211
          ],
          [
            77.2107216,
            28.6261776
          ],
          [
            77.2110586,
            28.6259608
          ],
          [
            77.2112537,
            28.6258408
          ],
          [
            77.2114352,
            28.6257292
          ]
        ]
      }
    },
    {
      "type": "Feature",
      "properties": {
        "id": 24583491,
        "name": "Janpath Lane",
        "highway": "tertiary",
        "oneway": false,
        "maxspeed": "50"
      },
      "geometry": {
        "type": "LineString",
        "coordinates": [
          [
            77.2163732,
            28.6219344
          ],
          [
            77.2168195,
            28.6221762
          ],
          [
            77.2168943,
            28.6222477
          ],
          [
            77.216947,
            28.6222981
          ],
          [
            77.2170244,
            28.6224988
          ],
          [
            77.2171137,
            28.6234248
          ],
          [
            77.2171959,
            28.6244564
          ],
          [
            77.2172108,
            28.6249851
          ],
          [
            77.2172305,
            28.625417
          ],
          [
            77.2172521,
            28.6256698
          ],
          [
            77.2172585,
            28.6257449
          ],
          [
            77.2172912,
            28.6259858
          ]
        ]
      }
    },
    {
      "type": "Feature",
      "properties": {
        "id": 24583495,
        "name": "Jantar Mantar Road",
        "highway": "residential",
        "oneway": false,
        "maxspeed": "50"
      },
      "geometry": {
        "type": "LineString",
        "coordinates": [
          [
            77.2158234,
            28.6221029
          ],
          [
            77.2158254,
            28.6221388
          ],
          [
            77.2158787,
            28.623096
          ],
          [
            77.2158815,
            28.6231459
          ],
          [
            77.2158873,
            28.6232495
          ],
          [
            77.2159011,
            28.623498
          ],
          [
            77.2159089,
            28.6236379
          ],
          [
            77.2158969,
            28.6238786
          ],
          [
            77.2158739,
            28.6240339
          ],
          [
            77.2158482,
            28.6242077
          ],
          [
            77.2157504,
            28.6247676
          ],
          [
            77.2157458,
            28.624856
          ],
          [
            77.2157378,
            28.6250077
          ],
          [
            77.215744,
            28.6251647
          ],
          [
            77.2157652,
            28.6253112
          ],
          [
            77.2158713,
            28.6260455
          ],
          [
            77.2158836,
            28.6261306
          ],
          [
            77.2159548,
            28.6261796
          ]
        ]
      }
    },
    {
      "type": "Feature",
      "properties": {
        "id": 24583586,
        "name": "Atul Grove Road",
        "highway": "residential",
        "oneway": false,
        "maxspeed": "50"
      },
      "geometry": {
        "type": "LineString",
        "coordinates": [
          [
            77.2216316,
            28.6263259
          ],
          [
            77.2216316,
            28.6261952
          ],
          [
            77.2216224,
            28.6260878
          ]
        ]
      }
    },
    {
      "type": "Feature",
      "properties": {
        "id": 24583587,
        "name": "Atul Grove Lane",
        "highway": "residential",
        "oneway": false,
        "maxspeed": "50"
      },
      "geometry": {
        "type": "LineString",
        "coordinates": [
          [
            77.2222295,
            28.6262041
          ],
          [
            77.2222467,
            28.6261725
          ],
          [
            77.2232843,
            28.6242656
          ],
          [
            77.2237555,
            28.6234051
          ],
          [
            77.2239929,
            28.6229856
          ]
        ]
      }
    },
    {
      "type": "Feature",
      "properties": {
        "id": 24583589,
        "name": "Unnamed Road",
        "highway": "residential",
        "oneway": false,
        "maxspeed": "50"
      },
      "geometry": {
        "type": "LineString",
        "coordinates": [
          [
            77.2207258,
            28.6242597
          ],
          [
            77.2207815,
            28.6262311
          ]
        ]
      }
    },
    {
      "type": "Feature",
      "properties": {
        "id": 24584374,
        "name": "Unnamed Road",
        "highway": "residential",
        "oneway": false,
        "maxspeed": "50"
      },
      "geometry": {
        "type": "LineString",
        "coordinates": [
          [
            77.2083499,
            28.6299956
          ],
          [
            77.2090837,
            28.6299083
          ],
          [
            77.2098072,
            28.6298502
          ],
          [
            77.2099131,
            28.6297946
          ],
          [
            77.2100204,
            28.629658
          ],
          [
            77.2101138,
            28.6295075
          ],
          [
            77.2101718,
            28.6294188
          ],
          [
            77.2101813,
            28.6294043
          ],
          [
            77.2104831,
            28.6288958
          ],
          [
            77.2105607,
            28.6287651
          ]
        ]
      }
    },
    {
      "type": "Feature",
      "properties": {
        "id": 31056641,
        "name": "Unnamed Road",
        "highway": "tertiary",
        "oneway": true,
        "maxspeed": "50"
      },
      "geometry": {
        "type": "LineString",
        "coordinates": [
          [
            77.2164245,
            28.6329636
          ],
          [
            77.216192,
            28.6330133
          ]
        ]
      }
    },
    {
      "type": "Feature",
      "properties": {
        "id": 44263457,
        "name": "Unnamed Road",
        "highway": "residential",
        "oneway": false,
        "maxspeed": "50"
      },
      "geometry": {
        "type": "LineString",
        "coordinates": [
          [
            77.2085003,
            28.6324712
          ],
          [
            77.209005,
            28.6324316
          ],
          [
            77.2092478,
            28.6324154
          ],
          [
            77.210326,
            28.6323433
          ],
          [
            77.2111775,
            28.632285
          ],
          [
            77.2112144,
            28.6322825
          ],
          [
            77.2116394,
            28.6322534
          ],
          [
            77.211866,
            28.6322379
          ],
          [
            77.2121318,
            28.6322273
          ],
          [
            77.2122221,
            28.6322487
          ],
          [
            77.2122909,
            28.6323324
          ],
          [
            77.2123614,
            28.6324029
          ],
          [
            77.2123913,
            28.6324366
          ],
          [
            77.2125192,
            28.6325808
          ],
          [
            77.2126325,
            28.6327235
          ],
          [
            77.2126994,
            28.6327368
          ],
          [
            77.2127179,
            28.6327399
          ],
          [
            77.2127513,
            28.6327454
          ],
          [
            77.212823,
            28.6327368
          ]
        ]
      }
    },
    {
      "type": "Feature",
      "properties": {
        "id": 44263461,
        "name": "Jain Mandir Marg",
        "highway": "residential",
        "oneway": false,
        "maxspeed": "50"
      },
      "geometry": {
        "type": "LineString",
        "coordinates": [
          [
            77.2156013,
            28.6320191
          ],
          [
            77.2154844,
            28.6320315
          ],
          [
            77.2146322,
            28.63207
          ],
          [
            77.2141041,
            28.6321031
          ],
          [
            77.2136103,
            28.6321402
          ],
          [
            77.2132927,
            28.6321715
          ],
          [
            77.2131763,
            28.6322203
          ],
          [
            77.2130758,
            28.6323071
          ],
          [
            77.2129828,
            28.6324485
          ],
          [
            77.2129494,
            28.6324993
          ],
          [
            77.212823,
            28.6327368
          ],
          [
            77.2127584,
            28.6328452
          ],
          [
            77.2127254,
            28.6329552
          ],
          [
            77.2127246,
            28.6330544
          ],
          [
            77.2127429,
            28.6331686
          ],
          [
            77.2127579,
            28.6332621
          ]
        ]
      }
    },
    {
      "type": "Feature",
      "properties": {
        "id": 74851428,
        "name": "Tolstoy Marg",
        "highway": "secondary",
        "oneway": true,
        "maxspeed": "50"
      },
      "geometry": {
        "type": "LineString",
        "coordinates": [
          [
            77.2154323,
            28.6269871
          ],
          [
            77.2155136,
            28.6269417
          ],
          [
            77.2156953,
            28.6268283
          ],
          [
            77.2158523,
            28.6266977
          ],
          [
            77.2158793,
            28.6266526
          ],
          [
            77.2158904,
            28.6266116
          ],
          [
            77.2159148,
            28.6263224
          ],
          [
            77.215924,
            28.6262714
          ],
          [
            77.2159392,
            28.6262207
          ],
          [
            77.2159548,
            28.6261796
          ],
          [
            77.2160312,
            28.6261089
          ],
          [
            77.2162119,
            28.6260333
          ],
          [
            77.2164188,
            28.6259806
          ],
          [
            77.2166035,
            28.6259539
          ],
          [
            77.2168399,
            28.6259606
          ],
          [
            77.2170628,
            28.6260002
          ],
          [
            77.2172962,
            28.6260795
          ],
          [
            77.2175777,
            28.6262047
          ],
          [
            77.2178624,
            28.6263215
          ],
          [
            77.2179814,
            28.6263703
          ],
          [
            77.2181234,
            28.6264127
          ],
          [
            77.2182065,
            28.626435
          ],
          [
            77.2182676,
            28.6264431
          ],
          [
            77.219034,
            28.6264434
          ],
          [
            77.2192551,
            28.6264435
          ]
        ]
      }
    },
    {
      "type": "Feature",
      "properties": {
        "id": 80499763,
        "name": "Unnamed Road",
        "highway": "footway",
        "oneway": false,
        "maxspeed": "50"
      },
      "geometry": {
        "type": "LineString",
        "coordinates": [
          [
            77.2196816,
            28.6322668
          ],
          [
            77.2195501,
            28.6322956
          ],
          [
            77.2194345,
            28.6323388
          ],
          [
            77.2192921,
            28.6323998
          ],
          [
            77.219207,
            28.6324544
          ],
          [
            77.2190922,
            28.6325438
          ],
          [
            77.2189862,
            28.632669
          ],
          [
            77.2189605,
            28.6327273
          ],
          [
            77.2189158,
            28.6328286
          ],
          [
            77.2189052,
            28.6328673
          ],
          [
            77.2188954,
            28.6329967
          ],
          [
            77.2189126,
            28.6331138
          ],
          [
            77.2189562,
            28.6332075
          ],
          [
            77.2190055,
            28.6332922
          ],
          [
            77.2190723,
            28.6333512
          ],
          [
            77.2191357,
            28.6333957
          ],
          [
            77.2191489,
            28.6334688
          ],
          [
            77.2192088,
            28.6335266
          ],
          [
            77.2192841,
            28.6335122
          ],
          [
            77.2193368,
            28.6334697
          ],
          [
            77.2194753,
            28.6334773
          ],
          [
            77.2195748,
            28.6334624
          ],
          [
            77.2196567,
            28.6334502
          ],
          [
            77.2198381,
            28.6333842
          ],
          [
            77.2199841,
            28.6333065
          ],
          [
            77.2200548,
            28.6332405
          ],
          [
            77.2201389,
            28.633159
          ],
          [
            77.2202107,
            28.6330679
          ],
          [
            77.2202583,
            28.6330075
          ],
          [
            77.2203291,
            28.6328872
          ],
          [
            77.2203689,
            28.6327707
          ],
          [
            77.2203867,
            28.6326446
          ],
          [
            77.2203683,
            28.6325448
          ],
          [
            77.2203457,
            28.6324872
          ],
          [
            77.2202951,
            28.6324164
          ],
          [
            77.2202883,
            28.6324099
          ],
          [
            77.220243,
            28.6323655
          ],
          [
            77.220168,
            28.6323154
          ],
          [
            77.2200329,
            28.6322728
          ],
          [
            77.2198194,
            28.6322664
          ],
          [
            77.2196816,
            28.6322668
          ]
        ]
      }
    },
    {
      "type": "Feature",
      "properties": {
        "id": 80499764,
        "name": "Unnamed Road",
        "highway": "footway",
        "oneway": false,
        "maxspeed": "50"
      },
      "geometry": {
        "type": "LineString",
        "coordinates": [
          [
            77.2196551,
            28.6319094
          ],
          [
            77.2195798,
            28.6319181
          ],
          [
            77.2194701,
            28.6319357
          ],
          [
            77.2193787,
            28.6319577
          ],
          [
            77.2192878,
            28.6319851
          ],
          [
            77.2192486,
            28.6318835
          ],
          [
            77.2192176,
            28.631792
          ]
        ]
      }
    },
    {
      "type": "Feature",
      "properties": {
        "id": 80499765,
        "name": "Unnamed Road",
        "highway": "footway",
        "oneway": false,
        "maxspeed": "50"
      },
      "geometry": {
        "type": "LineString",
        "coordinates": [
          [
            77.2197585,
            28.6331169
          ],
          [
            77.2198511,
            28.6331549
          ],
          [
            77.2200548,
            28.6332405
          ],
          [
            77.2202406,
            28.6335235
          ],
          [
            77.2203129,
            28.6336229
          ]
        ]
      }
    },
    {
      "type": "Feature",
      "properties": {
        "id": 80499772,
        "name": "Unnamed Road",
        "highway": "footway",
        "oneway": false,
        "maxspeed": "50"
      },
      "geometry": {
        "type": "LineString",
        "coordinates": [
          [
            77.2196551,
            28.6319094
          ],
          [
            77.2197635,
            28.631904
          ],
          [
            77.2198773,
            28.6319199
          ],
          [
            77.2200032,
            28.6319463
          ],
          [
            77.2200988,
            28.6319805
          ],
          [
            77.2201838,
            28.6320233
          ],
          [
            77.2204725,
            28.6321917
          ],
          [
            77.220583,
            28.6322484
          ],
          [
            77.2206441,
            28.6323236
          ],
          [
            77.2206759,
            28.6323849
          ],
          [
            77.2207456,
            28.6325514
          ],
          [
            77.2207759,
            28.6327159
          ],
          [
            77.2207825,
            28.6328587
          ],
          [
            77.2207659,
            28.6329682
          ],
          [
            77.2207291,
            28.633104
          ],
          [
            77.2206607,
            28.6332181
          ],
          [
            77.2205846,
            28.6333213
          ],
          [
            77.220482,
            28.6334004
          ],
          [
            77.2202406,
            28.6335235
          ]
        ]
      }
    },
    {
      "type": "Feature",
      "properties": {
        "id": 80499773,
        "name": "Unnamed Road",
        "highway": "footway",
        "oneway": false,
        "maxspeed": "50"
      },
      "geometry": {
        "type": "LineString",
        "coordinates": [
          [
            77.2196816,
            28.6322668
          ],
          [
            77.2196551,
            28.6319094
          ]
        ]
      }
    },
    {
      "type": "Feature",
      "properties": {
        "id": 80499778,
        "name": "Barakhamba Road",
        "highway": "secondary",
        "oneway": true,
        "maxspeed": "50"
      },
      "geometry": {
        "type": "LineString",
        "coordinates": [
          [
            77.2264166,
            28.6288475
          ],
          [
            77.2263068,
            28.6289171
          ],
          [
            77.2261345,
            28.6290186
          ],
          [
            77.2257948,
            28.6292208
          ],
          [
            77.2251378,
            28.6295894
          ],
          [
            77.2240555,
            28.6302257
          ],
          [
            77.2238678,
            28.6303372
          ],
          [
            77.2237855,
            28.6303821
          ],
          [
            77.2236052,
            28.630485
          ],
          [
            77.2232549,
            28.6306849
          ],
          [
            77.2227,
            28.63101
          ],
          [
            77.2226401,
            28.6310426
          ],
          [
            77.2226098,
            28.6310541
          ],
          [
            77.2225727,
            28.6310647
          ],
          [
            77.2225349,
            28.6310656
          ],
          [
            77.2223791,
            28.6310419
          ],
          [
            77.222269,
            28.6310064
          ]
        ]
      }
    },
    {
      "type": "Feature",
      "properties": {
        "id": 80499780,
        "name": "Unnamed Road",
        "highway": "footway",
        "oneway": false,
        "maxspeed": "50"
      },
      "geometry": {
        "type": "LineString",
        "coordinates": [
          [
            77.2189158,
            28.6328286
          ],
          [
            77.2189147,
            28.6328143
          ],
          [
            77.2188866,
            28.6327603
          ],
          [
            77.2186139,
            28.6326932
          ]
        ]
      }
    },
    {
      "type": "Feature",
      "properties": {
        "id": 80499787,
        "name": "Unnamed Road",
        "highway": "footway",
        "oneway": false,
        "maxspeed": "50"
      },
      "geometry": {
        "type": "LineString",
        "coordinates": [
          [
            77.2192088,
            28.6335266
          ],
          [
            77.2190729,
            28.6337821
          ]
        ]
      }
    },
    {
      "type": "Feature",
      "properties": {
        "id": 80926759,
        "name": "Panchkuian Road",
        "highway": "secondary",
        "oneway": true,
        "maxspeed": "50"
      },
      "geometry": {
        "type": "LineString",
        "coordinates": [
          [
            77.2088992,
            28.639169
          ],
          [
            77.2098386,
            28.638627
          ],
          [
            77.2109513,
            28.6379895
          ],
          [
            77.2114376,
            28.6377108
          ],
          [
            77.2115246,
            28.637661
          ],
          [
            77.2116232,
            28.6376045
          ],
          [
            77.2117214,
            28.6375484
          ],
          [
            77.2137395,
            28.6363948
          ],
          [
            77.2138972,
            28.6363046
          ],
          [
            77.2142417,
            28.636105
          ],
          [
            77.2170018,
            28.6345059
          ],
          [
            77.2170779,
            28.6344607
          ],
          [
            77.2171312,
            28.6344291
          ]
        ]
      }
    },
    {
      "type": "Feature",
      "properties": {
        "id": 103176782,
        "name": "India Connaught Lane;Tolstoy Lane",
        "highway": "service",
        "oneway": false,
        "maxspeed": "50"
      },
      "geometry": {
        "type": "LineString",
        "coordinates": [
          [
            77.2205492,
            28.6289518
          ],
          [
            77.220524,
            28.6284433
          ],
          [
            77.2205489,
            28.6282892
          ],
          [
            77.2205806,
            28.6281399
          ],
          [
            77.2205815,
            28.6281249
          ],
          [
            77.2205883,
            28.6280124
          ],
          [
            77.2205256,
            28.6272671
          ],
          [
            77.2205177,
            28.6271298
          ],
          [
            77.2205162,
            28.6271035
          ],
          [
            77.2204992,
            28.6267895
          ],
          [
            77.2204718,
            28.6263822
          ]
        ]
      }
    },
    {
      "type": "Feature",
      "properties": {
        "id": 103176785,
        "name": "Unnamed Road",
        "highway": "residential",
        "oneway": false,
        "maxspeed": "50"
      },
      "geometry": {
        "type": "LineString",
        "coordinates": [
          [
            77.2174125,
            28.6284041
          ],
          [
            77.2177507,
            28.6283909
          ],
          [
            77.2178041,
            28.6284221
          ],
          [
            77.2178224,
            28.628476
          ],
          [
            77.2178119,
            28.6289197
          ],
          [
            77.2178088,
            28.6289602
          ],
          [
            77.2177866,
            28.6290006
          ],
          [
            77.2177243,
            28.6290735
          ],
          [
            77.2172711,
            28.6293363
          ]
        ]
      }
    },
    {
      "type": "Feature",
      "properties": {
        "id": 103176793,
        "name": "Arya School Lane",
        "highway": "residential",
        "oneway": false,
        "maxspeed": "50"
      },
      "geometry": {
        "type": "LineString",
        "coordinates": [
          [
            77.2129482,
            28.6305163
          ],
          [
            77.2124424,
            28.6302867
          ],
          [
            77.2114963,
            28.6298604
          ]
        ]
      }
    },
    {
      "type": "Feature",
      "properties": {
        "id": 116046167,
        "name": "Kasturba Gandhi Marg",
        "highway": "secondary",
        "oneway": true,
        "maxspeed": "50"
      },
      "geometry": {
        "type": "LineString",
        "coordinates": [
          [
            77.225325,
            28.6228308
          ],
          [
            77.2252997,
            28.6228786
          ],
          [
            77.2252255,
            28.6230189
          ],
          [
            77.2250182,
            28.6234111
          ],
          [
            77.2249301,
            28.6235643
          ],
          [
            77.2247278,
            28.6239163
          ],
          [
            77.2245624,
            28.6242039
          ],
          [
            77.2245079,
            28.6242987
          ],
          [
            77.2243633,
            28.6245505
          ],
          [
            77.2242619,
            28.6247267
          ],
          [
            77.2241937,
            28.6248477
          ],
          [
            77.2235514,
            28.6259878
          ],
          [
            77.2233409,
            28.6263783
          ]
        ]
      }
    },
    {
      "type": "Feature",
      "properties": {
        "id": 125439714,
        "name": "Unnamed Road",
        "highway": "service",
        "oneway": true,
        "maxspeed": "50"
      },
      "geometry": {
        "type": "LineString",
        "coordinates": [
          [
            77.2190881,
            28.6337889
          ],
          [
            77.219009,
            28.6339238
          ],
          [
            77.2189827,
            28.6339686
          ]
        ]
      }
    },
    {
      "type": "Feature",
      "properties": {
        "id": 125439717,
        "name": "Unnamed Road",
        "highway": "service",
        "oneway": false,
        "maxspeed": "50"
      },
      "geometry": {
        "type": "LineString",
        "coordinates": [
          [
            77.2117089,
            28.634337
          ],
          [
            77.2111216,
            28.634362
          ],
          [
            77.2106244,
            28.6344605
          ]
        ]
      }
    },
    {
      "type": "Feature",
      "properties": {
        "id": 125439720,
        "name": "Unnamed Road",
        "highway": "service",
        "oneway": false,
        "maxspeed": "50"
      },
      "geometry": {
        "type": "LineString",
        "coordinates": [
          [
            77.2093151,
            28.6344946
          ],
          [
            77.2093782,
            28.6344598
          ],
          [
            77.2095549,
            28.6345044
          ],
          [
            77.2106244,
            28.6344605
          ]
        ]
      }
    },
    {
      "type": "Feature",
      "properties": {
        "id": 125439728,
        "name": "Unnamed Road",
        "highway": "service",
        "oneway": false,
        "maxspeed": "50"
      },
      "geometry": {
        "type": "LineString",
        "coordinates": [
          [
            77.2160683,
            28.6337707
          ],
          [
            77.2154907,
            28.6337952
          ],
          [
            77.2153795,
            28.6337756
          ],
          [
            77.2153151,
            28.6337497
          ],
          [
            77.2152346,
            28.6337309
          ],
          [
            77.215141,
            28.6337282
          ],
          [
            77.2149262,
            28.6337473
          ],
          [
            77.214556,
            28.6337732
          ],
          [
            77.2139665,
            28.6338164
          ],
          [
            77.2135321,
            28.6338482
          ],
          [
            77.2129985,
            28.6338741
          ],
          [
            77.2125935,
            28.6340373
          ],
          [
            77.2117664,
            28.6340994
          ],
          [
            77.2117195,
            28.634122
          ],
          [
            77.2117123,
            28.6341683
          ]
        ]
      }
    },
    {
      "type": "Feature",
      "properties": {
        "id": 125439733,
        "name": "Unnamed Road",
        "highway": "service",
        "oneway": false,
        "maxspeed": "50"
      },
      "geometry": {
        "type": "LineString",
        "coordinates": [
          [
            77.2130738,
            28.6349788
          ],
          [
            77.2129985,
            28.6338741
          ]
        ]
      }
    },
    {
      "type": "Feature",
      "properties": {
        "id": 125439736,
        "name": "Unnamed Road",
        "highway": "service",
        "oneway": false,
        "maxspeed": "50"
      },
      "geometry": {
        "type": "LineString",
        "coordinates": [
          [
            77.2106244,
            28.6344605
          ],
          [
            77.2106563,
            28.6349205
          ],
          [
            77.2117547,
            28.634852
          ]
        ]
      }
    },
    {
      "type": "Feature",
      "properties": {
        "id": 125439745,
        "name": "Unnamed Road",
        "highway": "service",
        "oneway": false,
        "maxspeed": "50"
      },
      "geometry": {
        "type": "LineString",
        "coordinates": [
          [
            77.2135934,
            28.6345925
          ],
          [
            77.2135321,
            28.6338482
          ]
        ]
      }
    },
    {
      "type": "Feature",
      "properties": {
        "id": 125439751,
        "name": "Unnamed Road",
        "highway": "service",
        "oneway": false,
        "maxspeed": "50"
      },
      "geometry": {
        "type": "LineString",
        "coordinates": [
          [
            77.2106563,
            28.6349205
          ],
          [
            77.2105681,
            28.6352417
          ],
          [
            77.2104693,
            28.6353674
          ],
          [
            77.2105512,
            28.6355576
          ],
          [
            77.2105909,
            28.6357896
          ],
          [
            77.210647,
            28.6359708
          ],
          [
            77.2105999,
            28.6360786
          ]
        ]
      }
    },
    {
      "type": "Feature",
      "properties": {
        "id": 125439752,
        "name": "Unnamed Road",
        "highway": "service",
        "oneway": false,
        "maxspeed": "50"
      },
      "geometry": {
        "type": "LineString",
        "coordinates": [
          [
            77.2119233,
            28.6350689
          ],
          [
            77.2130738,
            28.6349788
          ],
          [
            77.2143976,
            28.6348836
          ]
        ]
      }
    },
    {
      "type": "Feature",
      "properties": {
        "id": 125442273,
        "name": "Unnamed Road",
        "highway": "service",
        "oneway": true,
        "maxspeed": "50"
      },
      "geometry": {
        "type": "LineString",
        "coordinates": [
          [
            77.2189827,
            28.6339686
          ],
          [
            77.2190891,
            28.6340151
          ],
          [
            77.219102,
            28.6340197
          ],
          [
            77.219196,
            28.6340533
          ],
          [
            77.2192701,
            28.6340753
          ],
          [
            77.2193425,
            28.6340932
          ],
          [
            77.2193829,
            28.6341022
          ],
          [
            77.219438,
            28.634114
          ],
          [
            77.2195519,
            28.6341216
          ]
        ]
      }
    },
    {
      "type": "Feature",
      "properties": {
        "id": 125453679,
        "name": "Panchkuian Road",
        "highway": "secondary",
        "oneway": true,
        "maxspeed": "50"
      },
      "geometry": {
        "type": "LineString",
        "coordinates": [
          [
            77.2170406,
            28.6343031
          ],
          [
            77.2168596,
            28.634322
          ],
          [
            77.2158058,
            28.6349454
          ],
          [
            77.2145241,
            28.6356958
          ],
          [
            77.2144632,
            28.6357313
          ],
          [
            77.2116287,
            28.6373829
          ],
          [
            77.2116086,
            28.6373946
          ],
          [
            77.2115075,
            28.6374535
          ],
          [
            77.2113219,
            28.6375602
          ],
          [
            77.2086072,
            28.6391215
          ],
          [
            77.2082904,
            28.6393037
          ],
          [
            77.2079346,
            28.6395114
          ],
          [
            77.20782,
            28.6395687
          ],
          [
            77.2076279,
            28.6397089
          ]
        ]
      }
    },
    {
      "type": "Feature",
      "properties": {
        "id": 142216383,
        "name": "Unnamed Road",
        "highway": "residential",
        "oneway": false,
        "maxspeed": "50"
      },
      "geometry": {
        "type": "LineString",
        "coordinates": [
          [
            77.2250985,
            28.6250952
          ],
          [
            77.224816,
            28.6256594
          ],
          [
            77.2247973,
            28.6257394
          ],
          [
            77.2248021,
            28.6258135
          ],
          [
            77.2248266,
            28.625887
          ],
          [
            77.224859,
            28.6259842
          ],
          [
            77.2248879,
            28.6261407
          ],
          [
            77.2249019,
            28.6263138
          ],
          [
            77.2249124,
            28.6264295
          ],
          [
            77.2249437,
            28.6264709
          ],
          [
            77.2250065,
            28.6264905
          ],
          [
            77.225266,
            28.6264847
          ],
          [
            77.2253264,
            28.6264715
          ],
          [
            77.2253651,
            28.6264394
          ]
        ]
      }
    },
    {
      "type": "Feature",
      "properties": {
        "id": 164675806,
        "name": "Unnamed Road",
        "highway": "steps",
        "oneway": false,
        "maxspeed": "50"
      },
      "geometry": {
        "type": "LineString",
        "coordinates": [
          [
            77.2194242,
            28.6315345
          ],
          [
            77.2192365,
            28.6315921
          ]
        ]
      }
    },
    {
      "type": "Feature",
      "properties": {
        "id": 164675807,
        "name": "Unnamed Road",
        "highway": "footway",
        "oneway": false,
        "maxspeed": "50"
      },
      "geometry": {
        "type": "LineString",
        "coordinates": [
          [
            77.2188866,
            28.6327603
          ],
          [
            77.2189418,
            28.6327311
          ],
          [
            77.2189605,
            28.6327273
          ]
        ]
      }
    },
    {
      "type": "Feature",
      "properties": {
        "id": 164675808,
        "name": "Unnamed Road",
        "highway": "footway",
        "oneway": false,
        "maxspeed": "50"
      },
      "geometry": {
        "type": "LineString",
        "coordinates": [
          [
            77.2192242,
            28.633218
          ],
          [
            77.2191987,
            28.633185
          ],
          [
            77.2191756,
            28.6331462
          ],
          [
            77.2191551,
            28.6331038
          ],
          [
            77.2191427,
            28.6330585
          ],
          [
            77.2191396,
            28.6330029
          ],
          [
            77.2191404,
            28.6329459
          ],
          [
            77.2191428,
            28.6329308
          ],
          [
            77.2191466,
            28.6329064
          ],
          [
            77.2191557,
            28.6328715
          ],
          [
            77.21917,
            28.6328329
          ],
          [
            77.2191871,
            28.6327979
          ],
          [
            77.2192093,
            28.6327608
          ],
          [
            77.2192351,
            28.6327282
          ],
          [
            77.2192642,
            28.632697
          ],
          [
            77.2192997,
            28.6326675
          ],
          [
            77.2193426,
            28.6326394
          ],
          [
            77.2193878,
            28.6326137
          ],
          [
            77.2194336,
            28.6325958
          ],
          [
            77.2194732,
            28.6325841
          ],
          [
            77.2195097,
            28.632576
          ],
          [
            77.2195498,
            28.6325726
          ],
          [
            77.2195923,
            28.6325751
          ],
          [
            77.2196309,
            28.6325829
          ],
          [
            77.2196675,
            28.6325959
          ],
          [
            77.2196997,
            28.632611
          ],
          [
            77.2197137,
            28.6326215
          ],
          [
            77.2197281,
            28.6326324
          ],
          [
            77.2197521,
            28.6326542
          ],
          [
            77.219778,
            28.6326863
          ],
          [
            77.2197999,
            28.63272
          ],
          [
            77.2198195,
            28.6327648
          ],
          [
            77.2198291,
            28.6328117
          ],
          [
            77.2198358,
            28.6328659
          ],
          [
            77.2198313,
            28.6329236
          ],
          [
            77.219827,
            28.6329524
          ],
          [
            77.2198246,
            28.6329685
          ],
          [
            77.2198094,
            28.6330217
          ],
          [
            77.2197943,
            28.6330574
          ],
          [
            77.2197745,
            28.6330937
          ],
          [
            77.2197585,
            28.6331169
          ],
          [
            77.2197481,
            28.633132
          ],
          [
            77.2197234,
            28.6331611
          ],
          [
            77.2196693,
            28.633211
          ],
          [
            77.2196097,
            28.6332478
          ],
          [
            77.2195432,
            28.6332803
          ],
          [
            77.2195056,
            28.6332942
          ],
          [
            77.219471,
            28.633302
          ],
          [
            77.219447,
            28.6333048
          ],
          [
            77.2194058,
            28.6333048
          ],
          [
            77.2193548,
            28.6332967
          ],
          [
            77.2193119,
            28.6332821
          ],
          [
            77.2192768,
            28.6332637
          ],
          [
            77.2192634,
            28.6332541
          ],
          [
            77.2192488,
            28.6332436
          ],
          [
            77.2192242,
            28.633218
          ]
        ]
      }
    },
    {
      "type": "Feature",
      "properties": {
        "id": 164675810,
        "name": "Unnamed Road",
        "highway": "footway",
        "oneway": false,
        "maxspeed": "50"
      },
      "geometry": {
        "type": "LineString",
        "coordinates": [
          [
            77.2194368,
            28.633359
          ],
          [
            77.2194863,
            28.633362
          ],
          [
            77.2195453,
            28.6333526
          ],
          [
            77.2196151,
            28.6333291
          ],
          [
            77.2196821,
            28.6332937
          ],
          [
            77.2197385,
            28.6332584
          ],
          [
            77.2197975,
            28.6332066
          ],
          [
            77.219827,
            28.633176
          ],
          [
            77.2198511,
            28.6331549
          ]
        ]
      }
    },
    {
      "type": "Feature",
      "properties": {
        "id": 164675811,
        "name": "Unnamed Road",
        "highway": "footway",
        "oneway": false,
        "maxspeed": "50"
      },
      "geometry": {
        "type": "LineString",
        "coordinates": [
          [
            77.2202107,
            28.6330679
          ],
          [
            77.2198909,
            28.6329525
          ],
          [
            77.219827,
            28.6329524
          ]
        ]
      }
    },
    {
      "type": "Feature",
      "properties": {
        "id": 164675812,
        "name": "Unnamed Road",
        "highway": "footway",
        "oneway": false,
        "maxspeed": "50"
      },
      "geometry": {
        "type": "LineString",
        "coordinates": [
          [
            77.2195501,
            28.6322956
          ],
          [
            77.2194908,
            28.6324663
          ],
          [
            77.2195266,
            28.6325098
          ],
          [
            77.2195097,
            28.632576
          ]
        ]
      }
    },
    {
      "type": "Feature",
      "properties": {
        "id": 164675813,
        "name": "Unnamed Road",
        "highway": "footway",
        "oneway": false,
        "maxspeed": "50"
      },
      "geometry": {
        "type": "LineString",
        "coordinates": [
          [
            77.2191722,
            28.6316925
          ],
          [
            77.2191801,
            28.6316121
          ]
        ]
      }
    },
    {
      "type": "Feature",
      "properties": {
        "id": 164675814,
        "name": "Unnamed Road",
        "highway": "footway",
        "oneway": false,
        "maxspeed": "50"
      },
      "geometry": {
        "type": "LineString",
        "coordinates": [
          [
            77.2198194,
            28.6322664
          ],
          [
            77.2197304,
            28.6324698
          ],
          [
            77.2197492,
            28.6325875
          ],
          [
            77.2197137,
            28.6326215
          ]
        ]
      }
    },
    {
      "type": "Feature",
      "properties": {
        "id": 164675816,
        "name": "Unnamed Road",
        "highway": "footway",
        "oneway": false,
        "maxspeed": "50"
      },
      "geometry": {
        "type": "LineString",
        "coordinates": [
          [
            77.2189052,
            28.6328673
          ],
          [
            77.2190438,
            28.63291
          ],
          [
            77.2191428,
            28.6329308
          ]
        ]
      }
    },
    {
      "type": "Feature",
      "properties": {
        "id": 164675817,
        "name": "Unnamed Road",
        "highway": "footway",
        "oneway": false,
        "maxspeed": "50"
      },
      "geometry": {
        "type": "LineString",
        "coordinates": [
          [
            77.2194908,
            28.6324663
          ],
          [
            77.2194239,
            28.6324794
          ],
          [
            77.2193601,
            28.6325074
          ],
          [
            77.2192717,
            28.6325592
          ],
          [
            77.2191686,
            28.6326421
          ],
          [
            77.2190947,
            28.6327264
          ]
        ]
      }
    },
    {
      "type": "Feature",
      "properties": {
        "id": 164675818,
        "name": "Unnamed Road",
        "highway": "footway",
        "oneway": false,
        "maxspeed": "50"
      },
      "geometry": {
        "type": "LineString",
        "coordinates": [
          [
            77.2192634,
            28.6332541
          ],
          [
            77.2192261,
            28.6332985
          ],
          [
            77.2191357,
            28.6333957
          ]
        ]
      }
    },
    {
      "type": "Feature",
      "properties": {
        "id": 164675819,
        "name": "Unnamed Road",
        "highway": "footway",
        "oneway": false,
        "maxspeed": "50"
      },
      "geometry": {
        "type": "LineString",
        "coordinates": [
          [
            77.219447,
            28.6333048
          ],
          [
            77.2194368,
            28.633359
          ],
          [
            77.2194327,
            28.6333809
          ],
          [
            77.2193368,
            28.6334697
          ]
        ]
      }
    },
    {
      "type": "Feature",
      "properties": {
        "id": 164675820,
        "name": "Unnamed Road",
        "highway": "footway",
        "oneway": false,
        "maxspeed": "50"
      },
      "geometry": {
        "type": "LineString",
        "coordinates": [
          [
            77.2197304,
            28.6324698
          ],
          [
            77.2197679,
            28.6324839
          ],
          [
            77.2198189,
            28.632524
          ],
          [
            77.2198672,
            28.6325852
          ],
          [
            77.2198838,
            28.6326247
          ],
          [
            77.219915,
            28.6327172
          ],
          [
            77.2199208,
            28.6327853
          ],
          [
            77.2199128,
            28.6328724
          ],
          [
            77.2198909,
            28.6329525
          ]
        ]
      }
    },
    {
      "type": "Feature",
      "properties": {
        "id": 164675821,
        "name": "Unnamed Road",
        "highway": "footway",
        "oneway": false,
        "maxspeed": "50"
      },
      "geometry": {
        "type": "LineString",
        "coordinates": [
          [
            77.2194242,
            28.6315345
          ],
          [
            77.2197916,
            28.63154
          ],
          [
            77.2199903,
            28.6315552
          ]
        ]
      }
    },
    {
      "type": "Feature",
      "properties": {
        "id": 164675822,
        "name": "Unnamed Road",
        "highway": "footway",
        "oneway": false,
        "maxspeed": "50"
      },
      "geometry": {
        "type": "LineString",
        "coordinates": [
          [
            77.220583,
            28.6322484
          ],
          [
            77.2202883,
            28.6324099
          ],
          [
            77.2198838,
            28.6326247
          ]
        ]
      }
    },
    {
      "type": "Feature",
      "properties": {
        "id": 164675823,
        "name": "Unnamed Road",
        "highway": "footway",
        "oneway": false,
        "maxspeed": "50"
      },
      "geometry": {
        "type": "LineString",
        "coordinates": [
          [
            77.2207506,
            28.6336414
          ],
          [
            77.2206283,
            28.6335703
          ],
          [
            77.2205798,
            28.6335262
          ]
        ]
      }
    },
    {
      "type": "Feature",
      "properties": {
        "id": 164675824,
        "name": "Unnamed Road",
        "highway": "steps",
        "oneway": false,
        "maxspeed": "50"
      },
      "geometry": {
        "type": "LineString",
        "coordinates": [
          [
            77.2208954,
            28.6334896
          ],
          [
            77.2207506,
            28.6336414
          ]
        ]
      }
    },
    {
      "type": "Feature",
      "properties": {
        "id": 164675826,
        "name": "Unnamed Road",
        "highway": "footway",
        "oneway": false,
        "maxspeed": "50"
      },
      "geometry": {
        "type": "LineString",
        "coordinates": [
          [
            77.2189862,
            28.632669
          ],
          [
            77.2190947,
            28.6327264
          ],
          [
            77.2192093,
            28.6327608
          ]
        ]
      }
    },
    {
      "type": "Feature",
      "properties": {
        "id": 164675827,
        "name": "Connaught Lane",
        "highway": "residential",
        "oneway": false,
        "maxspeed": "50"
      },
      "geometry": {
        "type": "LineString",
        "coordinates": [
          [
            77.2217071,
            28.6293982
          ],
          [
            77.2217646,
            28.6294249
          ],
          [
            77.2224536,
            28.6297455
          ],
          [
            77.2226204,
            28.6298231
          ],
          [
            77.2227138,
            28.6298827
          ],
          [
            77.2227876,
            28.6299523
          ],
          [
            77.2228522,
            28.6300671
          ],
          [
            77.2231208,
            28.6304823
          ],
          [
            77.2232032,
            28.6306096
          ],
          [
            77.2232248,
            28.6306411
          ],
          [
            77.2232549,
            28.6306849
          ]
        ]
      }
    },
    {
      "type": "Feature",
      "properties": {
        "id": 164675828,
        "name": "Unnamed Road",
        "highway": "footway",
        "oneway": false,
        "maxspeed": "50"
      },
      "geometry": {
        "type": "LineString",
        "coordinates": [
          [
            77.2206441,
            28.6323236
          ],
          [
            77.2203457,
            28.6324872
          ],
          [
            77.219915,
            28.6327172
          ]
        ]
      }
    },
    {
      "type": "Feature",
      "properties": {
        "id": 164683604,
        "name": "Unnamed Road",
        "highway": "steps",
        "oneway": false,
        "maxspeed": "50"
      },
      "geometry": {
        "type": "LineString",
        "coordinates": [
          [
            77.2191573,
            28.6339698
          ],
          [
            77.2193402,
            28.6340158
          ]
        ]
      }
    },
    {
      "type": "Feature",
      "properties": {
        "id": 164683605,
        "name": "Unnamed Road",
        "highway": "footway",
        "oneway": false,
        "maxspeed": "50"
      },
      "geometry": {
        "type": "LineString",
        "coordinates": [
          [
            77.2187479,
            28.6336531
          ],
          [
            77.2186944,
            28.6336928
          ],
          [
            77.2186416,
            28.6337462
          ],
          [
            77.2185067,
            28.63388
          ]
        ]
      }
    },
    {
      "type": "Feature",
      "properties": {
        "id": 164683606,
        "name": "Unnamed Road",
        "highway": "steps",
        "oneway": false,
        "maxspeed": "50"
      },
      "geometry": {
        "type": "LineString",
        "coordinates": [
          [
            77.2210361,
            28.6332282
          ],
          [
            77.2210877,
            28.6330365
          ]
        ]
      }
    },
    {
      "type": "Feature",
      "properties": {
        "id": 164683607,
        "name": "Unnamed Road",
        "highway": "footway",
        "oneway": false,
        "maxspeed": "50"
      },
      "geometry": {
        "type": "LineString",
        "coordinates": [
          [
            77.2210361,
            28.6332282
          ],
          [
            77.2209731,
            28.633398
          ],
          [
            77.2208954,
            28.6334896
          ]
        ]
      }
    },
    {
      "type": "Feature",
      "properties": {
        "id": 164683609,
        "name": "Unnamed Road",
        "highway": "footway",
        "oneway": false,
        "maxspeed": "50"
      },
      "geometry": {
        "type": "LineString",
        "coordinates": [
          [
            77.2210877,
            28.6330365
          ],
          [
            77.22095,
            28.6330295
          ]
        ]
      }
    },
    {
      "type": "Feature",
      "properties": {
        "id": 164683610,
        "name": "Unnamed Road",
        "highway": "footway",
        "oneway": false,
        "maxspeed": "50"
      },
      "geometry": {
        "type": "LineString",
        "coordinates": [
          [
            77.2188724,
            28.6338402
          ],
          [
            77.2189974,
            28.6339004
          ],
          [
            77.2191573,
            28.6339698
          ]
        ]
      }
    },
    {
      "type": "Feature",
      "properties": {
        "id": 164683611,
        "name": "Unnamed Road",
        "highway": "service",
        "oneway": false,
        "maxspeed": "50"
      },
      "geometry": {
        "type": "LineString",
        "coordinates": [
          [
            77.2197924,
            28.6341262
          ],
          [
            77.2198917,
            28.6341211
          ],
          [
            77.2199476,
            28.6341137
          ],
          [
            77.2200328,
            28.6340998
          ],
          [
            77.22012,
            28.6340811
          ],
          [
            77.2201942,
            28.6340611
          ],
          [
            77.2202733,
            28.6340357
          ],
          [
            77.2203577,
            28.634004
          ],
          [
            77.2204121,
            28.6339809
          ],
          [
            77.2204562,
            28.6339593
          ]
        ]
      }
    },
    {
      "type": "Feature",
      "properties": {
        "id": 164683612,
        "name": "Unnamed Road",
        "highway": "steps",
        "oneway": false,
        "maxspeed": "50"
      },
      "geometry": {
        "type": "LineString",
        "coordinates": [
          [
            77.2188724,
            28.6338402
          ],
          [
            77.2187521,
            28.6337363
          ]
        ]
      }
    },
    {
      "type": "Feature",
      "properties": {
        "id": 174274680,
        "name": "Radial Road 5",
        "highway": "tertiary",
        "oneway": true,
        "maxspeed": "50"
      },
      "geometry": {
        "type": "LineString",
        "coordinates": [
          [
            77.2203928,
            28.6337427
          ],
          [
            77.2206138,
            28.634046
          ],
          [
            77.2207802,
            28.6342737
          ],
          [
            77.2210037,
            28.6345795
          ],
          [
            77.2213324,
            28.6350104
          ],
          [
            77.2213471,
            28.6350297
          ],
          [
            77.2213842,
            28.6350783
          ],
          [
            77.2214219,
            28.6351136
          ],
          [
            77.2214718,
            28.6351402
          ],
          [
            77.2215809,
            28.6351806
          ]
        ]
      }
    },
    {
      "type": "Feature",
      "properties": {
        "id": 223456543,
        "name": "Unnamed Road",
        "highway": "footway",
        "oneway": false,
        "maxspeed": "50"
      },
      "geometry": {
        "type": "LineString",
        "coordinates": [
          [
            77.2168497,
            28.6268809
          ],
          [
            77.2168024,
            28.626883
          ],
          [
            77.2168025,
            28.6266755
          ],
          [
            77.2165982,
            28.6266763
          ],
          [
            77.2164368,
            28.6266784
          ],
          [
            77.2164361,
            28.6268236
          ],
          [
            77.2163686,
            28.6268241
          ],
          [
            77.2163782,
            28.6272573
          ]
        ]
      }
    },
    {
      "type": "Feature",
      "properties": {
        "id": 223456545,
        "name": "Unnamed Road",
        "highway": "footway",
        "oneway": false,
        "maxspeed": "50"
      },
      "geometry": {
        "type": "LineString",
        "coordinates": [
          [
            77.2166497,
            28.6277195
          ],
          [
            77.2169864,
            28.6277166
          ],
          [
            77.2169894,
            28.6272956
          ],
          [
            77.2168941,
            28.6273013
          ]
        ]
      }
    },
    {
      "type": "Feature",
      "properties": {
        "id": 223456547,
        "name": "Unnamed Road",
        "highway": "footway",
        "oneway": false,
        "maxspeed": "50"
      },
      "geometry": {
        "type": "LineString",
        "coordinates": [
          [
            77.2167949,
            28.6272976
          ],
          [
            77.2166463,
            28.6272968
          ],
          [
            77.2165546,
            28.6272971
          ],
          [
            77.216431,
            28.6272972
          ]
        ]
      }
    },
    {
      "type": "Feature",
      "properties": {
        "id": 223456550,
        "name": "Unnamed Road",
        "highway": "footway",
        "oneway": false,
        "maxspeed": "50"
      },
      "geometry": {
        "type": "LineString",
        "coordinates": [
          [
            77.2162291,
            28.6273026
          ],
          [
            77.2163126,
            28.6273006
          ]
        ]
      }
    },
    {
      "type": "Feature",
      "properties": {
        "id": 223456551,
        "name": "Unnamed Road",
        "highway": "footway",
        "oneway": false,
        "maxspeed": "50"
      },
      "geometry": {
        "type": "LineString",
        "coordinates": [
          [
            77.2168464,
            28.6272579
          ],
          [
            77.2168497,
            28.6268809
          ],
          [
            77.2169807,
            28.6268797
          ]
        ]
      }
    },
    {
      "type": "Feature",
      "properties": {
        "id": 223456553,
        "name": "Unnamed Road",
        "highway": "footway",
        "oneway": false,
        "maxspeed": "50"
      },
      "geometry": {
        "type": "LineString",
        "coordinates": [
          [
            77.2162085,
            28.6265614
          ],
          [
            77.216427,
            28.6265578
          ]
        ]
      }
    },
    {
      "type": "Feature",
      "properties": {
        "id": 223456555,
        "name": "Unnamed Road",
        "highway": "footway",
        "oneway": false,
        "maxspeed": "50"
      },
      "geometry": {
        "type": "LineString",
        "coordinates": [
          [
            77.2156978,
            28.6270289
          ],
          [
            77.2157055,
            28.6271822
          ],
          [
            77.2160813,
            28.6276413
          ],
          [
            77.2161014,
            28.6277425
          ],
          [
            77.2164502,
            28.628201
          ],
          [
            77.2166052,
            28.6282016
          ],
          [
            77.2166062,
            28.6281807
          ]
        ]
      }
    },
    {
      "type": "Feature",
      "properties": {
        "id": 223456557,
        "name": "Unnamed Road",
        "highway": "footway",
        "oneway": false,
        "maxspeed": "50"
      },
      "geometry": {
        "type": "LineString",
        "coordinates": [
          [
            77.2166062,
            28.6281807
          ],
          [
            77.2166087,
            28.6278647
          ],
          [
            77.2165609,
            28.6278312
          ],
          [
            77.2165588,
            28.6277296
          ],
          [
            77.216558,
            28.627642
          ],
          [
            77.2165568,
            28.6275186
          ],
          [
            77.2165546,
            28.6272971
          ]
        ]
      }
    },
    {
      "type": "Feature",
      "properties": {
        "id": 223906999,
        "name": "Unnamed Road",
        "highway": "residential",
        "oneway": false,
        "maxspeed": "50"
      },
      "geometry": {
        "type": "LineString",
        "coordinates": [
          [
            77.2177243,
            28.6290735
          ],
          [
            77.2180543,
            28.6290069
          ],
          [
            77.2185187,
            28.6289842
          ],
          [
            77.2191234,
            28.6289902
          ]
        ]
      }
    },
    {
      "type": "Feature",
      "properties": {
        "id": 235103439,
        "name": "Unnamed Road",
        "highway": "service",
        "oneway": true,
        "maxspeed": "50"
      },
      "geometry": {
        "type": "LineString",
        "coordinates": [
          [
            77.2142769,
            28.6255219
          ],
          [
            77.2135706,
            28.6259267
          ],
          [
            77.2133818,
            28.6260489
          ],
          [
            77.2132447,
            28.6261804
          ],
          [
            77.2130518,
            28.6264589
          ]
        ]
      }
    },
    {
      "type": "Feature",
      "properties": {
        "id": 235103610,
        "name": "Janpath Lane",
        "highway": "residential",
        "oneway": false,
        "maxspeed": "50"
      },
      "geometry": {
        "type": "LineString",
        "coordinates": [
          [
            77.2171881,
            28.6271708
          ],
          [
            77.217497,
            28.6271785
          ],
          [
            77.2175566,
            28.627177
          ],
          [
            77.2184035,
            28.6271546
          ],
          [
            77.2192695,
            28.6271449
          ],
          [
            77.2193008,
            28.6271445
          ]
        ]
      }
    },
    {
      "type": "Feature",
      "properties": {
        "id": 253307767,
        "name": "Connaught Lane",
        "highway": "residential",
        "oneway": false,
        "maxspeed": "50"
      },
      "geometry": {
        "type": "LineString",
        "coordinates": [
          [
            77.2195265,
            28.6289849
          ],
          [
            77.2196387,
            28.628983
          ],
          [
            77.2197649,
            28.6289808
          ],
          [
            77.2200133,
            28.6289765
          ],
          [
            77.2202722,
            28.6289646
          ],
          [
            77.2205492,
            28.6289518
          ],
          [
            77.2205559,
            28.6289521
          ],
          [
            77.2206897,
            28.6289586
          ],
          [
            77.2208378,
            28.6289946
          ],
          [
            77.2209547,
            28.629037
          ],
          [
            77.2211879,
            28.6291214
          ],
          [
            77.221429,
            28.6292263
          ],
          [
            77.2216652,
            28.6293291
          ]
        ]
      }
    },
    {
      "type": "Feature",
      "properties": {
        "id": 316690588,
        "name": "Unnamed Road",
        "highway": "service",
        "oneway": false,
        "maxspeed": "50"
      },
      "geometry": {
        "type": "LineString",
        "coordinates": [
          [
            77.2200133,
            28.6289765
          ],
          [
            77.2200493,
            28.6294014
          ],
          [
            77.2200792,
            28.6294603
          ],
          [
            77.2201553,
            28.6295091
          ],
          [
            77.2203545,
            28.6295449
          ],
          [
            77.2207883,
            28.6296295
          ],
          [
            77.2208897,
            28.629627
          ],
          [
            77.2209607,
            28.6295829
          ],
          [
            77.2211879,
            28.6291214
          ]
        ]
      }
    },
    {
      "type": "Feature",
      "properties": {
        "id": 343654534,
        "name": "Unnamed Road",
        "highway": "residential",
        "oneway": false,
        "maxspeed": "50"
      },
      "geometry": {
        "type": "LineString",
        "coordinates": [
          [
            77.2228478,
            28.6274252
          ],
          [
            77.2236953,
            28.6277839
          ],
          [
            77.2238029,
            28.6278294
          ],
          [
            77.2242838,
            28.6270258
          ],
          [
            77.2243353,
            28.6269423
          ]
        ]
      }
    },
    {
      "type": "Feature",
      "properties": {
        "id": 370761286,
        "name": "Unnamed Road",
        "highway": "residential",
        "oneway": true,
        "maxspeed": "50"
      },
      "geometry": {
        "type": "LineString",
        "coordinates": [
          [
            77.2257256,
            28.6291398
          ],
          [
            77.2255911,
            28.6292134
          ],
          [
            77.2255257,
            28.629228
          ],
          [
            77.2253296,
            28.6293254
          ],
          [
            77.225271,
            28.6293603
          ],
          [
            77.2252554,
            28.629372
          ],
          [
            77.2251673,
            28.629468
          ],
          [
            77.2249584,
            28.6295854
          ],
          [
            77.2248743,
            28.6296306
          ],
          [
            77.2245038,
            28.6298255
          ],
          [
            77.224443,
            28.6298632
          ],
          [
            77.2242504,
            28.6299982
          ]
        ]
      }
    },
    {
      "type": "Feature",
      "properties": {
        "id": 371342950,
        "name": "Unnamed Road",
        "highway": "service",
        "oneway": false,
        "maxspeed": "50"
      },
      "geometry": {
        "type": "LineString",
        "coordinates": [
          [
            77.2142058,
            28.6252021
          ],
          [
            77.2142997,
            28.6251568
          ],
          [
            77.2148523,
            28.6248904
          ],
          [
            77.2149142,
            28.6248606
          ],
          [
            77.214877,
            28.6247504
          ],
          [
            77.2147913,
            28.6245066
          ],
          [
            77.2147945,
            28.6244356
          ],
          [
            77.2148213,
            28.6243925
          ],
          [
            77.2149616,
            28.6242576
          ],
          [
            77.2149819,
            28.624221
          ],
          [
            77.2149879,
            28.6241795
          ],
          [
            77.2149849,
            28.6241263
          ],
          [
            77.214975,
            28.6239526
          ]
        ]
      }
    },
    {
      "type": "Feature",
      "properties": {
        "id": 391534135,
        "name": "Unnamed Road",
        "highway": "tertiary",
        "oneway": false,
        "maxspeed": "50"
      },
      "geometry": {
        "type": "LineString",
        "coordinates": [
          [
            77.2179008,
            28.6303392
          ],
          [
            77.218028,
            28.6305031
          ],
          [
            77.2181438,
            28.6306523
          ],
          [
            77.2182679,
            28.6308122
          ],
          [
            77.2186158,
            28.6312879
          ],
          [
            77.218698,
            28.63142
          ],
          [
            77.2187588,
            28.6315202
          ],
          [
            77.2187982,
            28.6315839
          ],
          [
            77.2189724,
            28.6318698
          ]
        ]
      }
    },
    {
      "type": "Feature",
      "properties": {
        "id": 391534136,
        "name": "Unnamed Road",
        "highway": "service",
        "oneway": false,
        "maxspeed": "50"
      },
      "geometry": {
        "type": "LineString",
        "coordinates": [
          [
            77.2157846,
            28.6330477
          ],
          [
            77.2157762,
            28.6329223
          ],
          [
            77.2157409,
            28.6323936
          ],
          [
            77.2157151,
            28.6319419
          ]
        ]
      }
    },
    {
      "type": "Feature",
      "properties": {
        "id": 391534137,
        "name": "Unnamed Road",
        "highway": "service",
        "oneway": false,
        "maxspeed": "50"
      },
      "geometry": {
        "type": "LineString",
        "coordinates": [
          [
            77.2156013,
            28.6320191
          ],
          [
            77.2156041,
            28.6321381
          ],
          [
            77.215682,
            28.6330539
          ]
        ]
      }
    },
    {
      "type": "Feature",
      "properties": {
        "id": 406245961,
        "name": "Unnamed Road",
        "highway": "service",
        "oneway": false,
        "maxspeed": "50"
      },
      "geometry": {
        "type": "LineString",
        "coordinates": [
          [
            77.2151463,
            28.6283453
          ],
          [
            77.2153058,
            28.6280903
          ],
          [
            77.2153371,
            28.6280617
          ],
          [
            77.2153809,
            28.6280547
          ],
          [
            77.2154744,
            28.6280783
          ],
          [
            77.2157208,
            28.6281986
          ],
          [
            77.2157449,
            28.6282132
          ],
          [
            77.2158687,
            28.6282878
          ],
          [
            77.2160018,
            28.6284092
          ],
          [
            77.2160473,
            28.6284619
          ],
          [
            77.2162119,
            28.6286525
          ],
          [
            77.2164866,
            28.6289783
          ]
        ]
      }
    },
    {
      "type": "Feature",
      "properties": {
        "id": 406245962,
        "name": "Unnamed Road",
        "highway": "service",
        "oneway": false,
        "maxspeed": "50"
      },
      "geometry": {
        "type": "LineString",
        "coordinates": [
          [
            77.2154744,
            28.6280783
          ],
          [
            77.2156318,
            28.627745
          ],
          [
            77.2156346,
            28.6276888
          ],
          [
            77.2156126,
            28.6276457
          ],
          [
            77.2155556,
            28.6275862
          ],
          [
            77.2154655,
            28.6275284
          ],
          [
            77.2149843,
            28.6273565
          ]
        ]
      }
    },
    {
      "type": "Feature",
      "properties": {
        "id": 406245963,
        "name": "Unnamed Road",
        "highway": "service",
        "oneway": false,
        "maxspeed": "50"
      },
      "geometry": {
        "type": "LineString",
        "coordinates": [
          [
            77.2150032,
            28.6272154
          ],
          [
            77.2149963,
            28.6272728
          ],
          [
            77.2149843,
            28.6273565
          ],
          [
            77.2149264,
            28.627479
          ],
          [
            77.2148693,
            28.6275858
          ],
          [
            77.2146849,
            28.6279305
          ],
          [
            77.2144731,
            28.6283265
          ]
        ]
      }
    },
    {
      "type": "Feature",
      "properties": {
        "id": 423553702,
        "name": "Unnamed Road",
        "highway": "residential",
        "oneway": false,
        "maxspeed": "50"
      },
      "geometry": {
        "type": "LineString",
        "coordinates": [
          [
            77.2184035,
            28.6271546
          ],
          [
            77.2184091,
            28.6283893
          ],
          [
            77.2190857,
            28.6283535
          ],
          [
            77.2191234,
            28.6289902
          ]
        ]
      }
    },
    {
      "type": "Feature",
      "properties": {
        "id": 423563749,
        "name": "Unnamed Road",
        "highway": "residential",
        "oneway": false,
        "maxspeed": "50"
      },
      "geometry": {
        "type": "LineString",
        "coordinates": [
          [
            77.2257931,
            28.6310199
          ],
          [
            77.2257118,
            28.631065
          ],
          [
            77.2256651,
            28.6310909
          ],
          [
            77.2251662,
            28.6313676
          ],
          [
            77.2247024,
            28.6316249
          ]
        ]
      }
    },
    {
      "type": "Feature",
      "properties": {
        "id": 437256651,
        "name": "Unnamed Road",
        "highway": "service",
        "oneway": false,
        "maxspeed": "50"
      },
      "geometry": {
        "type": "LineString",
        "coordinates": [
          [
            77.2183899,
            28.6350897
          ],
          [
            77.2185977,
            28.6347078
          ],
          [
            77.2186106,
            28.6346833
          ]
        ]
      }
    },
    {
      "type": "Feature",
      "properties": {
        "id": 442157833,
        "name": "Unnamed Road",
        "highway": "service",
        "oneway": false,
        "maxspeed": "50"
      },
      "geometry": {
        "type": "LineString",
        "coordinates": [
          [
            77.2180871,
            28.6285969
          ],
          [
            77.2180966,
            28.6288426
          ]
        ]
      }
    },
    {
      "type": "Feature",
      "properties": {
        "id": 442157834,
        "name": "Unnamed Road",
        "highway": "residential",
        "oneway": false,
        "maxspeed": "50"
      },
      "geometry": {
        "type": "LineString",
        "coordinates": [
          [
            77.2171943,
            28.6276126
          ],
          [
            77.2171881,
            28.6271708
          ]
        ]
      }
    },
    {
      "type": "Feature",
      "properties": {
        "id": 442157835,
        "name": "Unnamed Road",
        "highway": "service",
        "oneway": false,
        "maxspeed": "50"
      },
      "geometry": {
        "type": "LineString",
        "coordinates": [
          [
            77.218232,
            28.6285929
          ],
          [
            77.2182307,
            28.6287802
          ]
        ]
      }
    },
    {
      "type": "Feature",
      "properties": {
        "id": 442157836,
        "name": "Unnamed Road",
        "highway": "residential",
        "oneway": false,
        "maxspeed": "50"
      },
      "geometry": {
        "type": "LineString",
        "coordinates": [
          [
            77.2175777,
            28.6262047
          ],
          [
            77.2175623,
            28.6268052
          ],
          [
            77.2175566,
            28.627177
          ]
        ]
      }
    },
    {
      "type": "Feature",
      "properties": {
        "id": 442157837,
        "name": "Unnamed Road",
        "highway": "service",
        "oneway": false,
        "maxspeed": "50"
      },
      "geometry": {
        "type": "LineString",
        "coordinates": [
          [
            77.2184091,
            28.6283893
          ],
          [
            77.2184024,
            28.6284742
          ],
          [
            77.218397,
            28.6285884
          ]
        ]
      }
    },
    {
      "type": "Feature",
      "properties": {
        "id": 442157838,
        "name": "Unnamed Road",
        "highway": "service",
        "oneway": false,
        "maxspeed": "50"
      },
      "geometry": {
        "type": "LineString",
        "coordinates": [
          [
            77.2179384,
            28.6288791
          ],
          [
            77.2179263,
            28.6286013
          ],
          [
            77.2180871,
            28.6285969
          ],
          [
            77.218232,
            28.6285929
          ],
          [
            77.218397,
            28.6285884
          ],
          [
            77.2185378,
            28.6285836
          ]
        ]
      }
    },
    {
      "type": "Feature",
      "properties": {
        "id": 446922591,
        "name": "Outer Circle",
        "highway": "secondary",
        "oneway": true,
        "maxspeed": "50"
      },
      "geometry": {
        "type": "LineString",
        "coordinates": [
          [
            77.2225605,
            28.631405
          ],
          [
            77.2224344,
            28.631252
          ]
        ]
      }
    },
    {
      "type": "Feature",
      "properties": {
        "id": 485053608,
        "name": "Unnamed Road",
        "highway": "service",
        "oneway": false,
        "maxspeed": "50"
      },
      "geometry": {
        "type": "LineString",
        "coordinates": [
          [
            77.2186158,
            28.6312879
          ],
          [
            77.2185297,
            28.6312948
          ],
          [
            77.2183864,
            28.631306
          ],
          [
            77.2183131,
            28.6313122
          ],
          [
            77.218269,
            28.631354
          ]
        ]
      }
    },
    {
      "type": "Feature",
      "properties": {
        "id": 488537316,
        "name": "Unnamed Road",
        "highway": "footway",
        "oneway": false,
        "maxspeed": "50"
      },
      "geometry": {
        "type": "LineString",
        "coordinates": [
          [
            77.2191538,
            28.6313652
          ],
          [
            77.219167,
            28.6314051
          ],
          [
            77.219184,
            28.6314507
          ]
        ]
      }
    },
    {
      "type": "Feature",
      "properties": {
        "id": 488544864,
        "name": "Bangla Sahib Lane",
        "highway": "residential",
        "oneway": false,
        "maxspeed": "50"
      },
      "geometry": {
        "type": "LineString",
        "coordinates": [
          [
            77.210326,
            28.6323433
          ],
          [
            77.2102943,
            28.6319777
          ],
          [
            77.2102047,
            28.6309433
          ],
          [
            77.2101355,
            28.6300373
          ],
          [
            77.2101135,
            28.6299795
          ],
          [
            77.2100687,
            28.6299488
          ],
          [
            77.2098072,
            28.6298502
          ]
        ]
      }
    },
    {
      "type": "Feature",
      "properties": {
        "id": 496437036,
        "name": "Unnamed Road",
        "highway": "footway",
        "oneway": false,
        "maxspeed": "50"
      },
      "geometry": {
        "type": "LineString",
        "coordinates": [
          [
            77.2107216,
            28.6261776
          ],
          [
            77.2106185,
            28.6262364
          ],
          [
            77.2097864,
            28.6267036
          ],
          [
            77.2082287,
            28.6275982
          ]
        ]
      }
    },
    {
      "type": "Feature",
      "properties": {
        "id": 500413799,
        "name": "Unnamed Road",
        "highway": "footway",
        "oneway": false,
        "maxspeed": "50"
      },
      "geometry": {
        "type": "LineString",
        "coordinates": [
          [
            77.2166463,
            28.6272968
          ],
          [
            77.2166497,
            28.6277195
          ],
          [
            77.2166484,
            28.6278329
          ],
          [
            77.2166087,
            28.6278647
          ]
        ]
      }
    },
    {
      "type": "Feature",
      "properties": {
        "id": 542802211,
        "name": "Unnamed Road",
        "highway": "service",
        "oneway": false,
        "maxspeed": "50"
      },
      "geometry": {
        "type": "LineString",
        "coordinates": [
          [
            77.2205256,
            28.6272671
          ],
          [
            77.2201085,
            28.6272915
          ]
        ]
      }
    },
    {
      "type": "Feature",
      "properties": {
        "id": 554665389,
        "name": "Outer Circle",
        "highway": "secondary",
        "oneway": true,
        "maxspeed": "50"
      },
      "geometry": {
        "type": "LineString",
        "coordinates": [
          [
            77.2164245,
            28.6329636
          ],
          [
            77.2164376,
            28.6330471
          ],
          [
            77.2164752,
            28.633187
          ],
          [
            77.2165136,
            28.6332886
          ],
          [
            77.2165784,
            28.6334225
          ],
          [
            77.2166735,
            28.6336388
          ],
          [
            77.2168133,
            28.6339187
          ],
          [
            77.2169271,
            28.6341025
          ],
          [
            77.2169647,
            28.6341784
          ],
          [
            77.2170406,
            28.6343031
          ]
        ]
      }
    },
    {
      "type": "Feature",
      "properties": {
        "id": 562340241,
        "name": "Outer Circle",
        "highway": "secondary",
        "oneway": true,
        "maxspeed": "50"
      },
      "geometry": {
        "type": "LineString",
        "coordinates": [
          [
            77.2194853,
            28.6298938
          ],
          [
            77.2193141,
            28.6299109
          ],
          [
            77.2192426,
            28.6299181
          ],
          [
            77.2189581,
            28.6299672
          ],
          [
            77.2186797,
            28.6300383
          ],
          [
            77.2184123,
            28.6301347
          ],
          [
            77.2182836,
            28.630181
          ],
          [
            77.2181923,
            28.6302174
          ]
        ]
      }
    },
    {
      "type": "Feature",
      "properties": {
        "id": 562340243,
        "name": "Kasturba Gandhi Marg",
        "highway": "secondary",
        "oneway": true,
        "maxspeed": "50"
      },
      "geometry": {
        "type": "LineString",
        "coordinates": [
          [
            77.221405,
            28.630292
          ],
          [
            77.2213818,
            28.630257
          ],
          [
            77.2213639,
            28.6302198
          ],
          [
            77.2213513,
            28.6301809
          ],
          [
            77.2213444,
            28.6301409
          ],
          [
            77.2213433,
            28.6301005
          ],
          [
            77.2213479,
            28.6300603
          ],
          [
            77.2213555,
            28.6300312
          ],
          [
            77.2213582,
            28.6300209
          ],
          [
            77.221374,
            28.6299829
          ]
        ]
      }
    },
    {
      "type": "Feature",
      "properties": {
        "id": 562340245,
        "name": "Outer Circle",
        "highway": "secondary",
        "oneway": true,
        "maxspeed": "50"
      },
      "geometry": {
        "type": "LineString",
        "coordinates": [
          [
            77.221405,
            28.630292
          ],
          [
            77.221227,
            28.6302052
          ],
          [
            77.2210434,
            28.6301283
          ],
          [
            77.2209174,
            28.6300832
          ]
        ]
      }
    },
    {
      "type": "Feature",
      "properties": {
        "id": 562340247,
        "name": "Outer Circle",
        "highway": "secondary",
        "oneway": true,
        "maxspeed": "50"
      },
      "geometry": {
        "type": "LineString",
        "coordinates": [
          [
            77.222269,
            28.6310064
          ],
          [
            77.2221276,
            28.630872
          ],
          [
            77.2220729,
            28.6308199
          ],
          [
            77.2218948,
            28.6306564
          ],
          [
            77.2218249,
            28.6306137
          ],
          [
            77.221746,
            28.6305485
          ],
          [
            77.22162,
            28.6304581
          ],
          [
            77.2215938,
            28.6304378
          ],
          [
            77.2215698,
            28.6304193
          ],
          [
            77.221405,
            28.630292
          ]
        ]
      }
    },
    {
      "type": "Feature",
      "properties": {
        "id": 562340248,
        "name": "Outer Circle",
        "highway": "secondary",
        "oneway": true,
        "maxspeed": "50"
      },
      "geometry": {
        "type": "LineString",
        "coordinates": [
          [
            77.2181923,
            28.6302174
          ],
          [
            77.2180411,
            28.6302682
          ],
          [
            77.2179008,
            28.6303392
          ],
          [
            77.2178158,
            28.6303962
          ],
          [
            77.217738,
            28.6304606
          ],
          [
            77.2176681,
            28.6305317
          ]
        ]
      }
    },
    {
      "type": "Feature",
      "properties": {
        "id": 562499724,
        "name": "Hailey Road",
        "highway": "residential",
        "oneway": false,
        "maxspeed": "50"
      },
      "geometry": {
        "type": "LineString",
        "coordinates": [
          [
            77.2243583,
            28.6247704
          ],
          [
            77.2244342,
            28.624806
          ],
          [
            77.2244786,
            28.6248232
          ],
          [
            77.2246085,
            28.6248802
          ],
          [
            77.2248127,
            28.6249698
          ],
          [
            77.2250985,
            28.6250952
          ],
          [
            77.2252988,
            28.6251831
          ],
          [
            77.2255001,
            28.6252715
          ],
          [
            77.2257262,
            28.6253707
          ],
          [
            77.225866,
            28.6254321
          ],
          [
            77.2259084,
            28.62545
          ],
          [
            77.2262644,
            28.6256007
          ],
          [
            77.2263238,
            28.6256258
          ],
          [
            77.2266905,
            28.625781
          ],
          [
            77.2267725,
            28.6258157
          ],
          [
            77.2268085,
            28.6258309
          ],
          [
            77.2271708,
            28.6259842
          ],
          [
            77.2272527,
            28.6260189
          ],
          [
            77.2276552,
            28.6261893
          ],
          [
            77.2276778,
            28.6261989
          ],
          [
            77.2277417,
            28.6262259
          ],
          [
            77.2279804,
            28.6263269
          ],
          [
            77.2280952,
            28.6263823
          ],
          [
            77.228184,
            28.6264643
          ],
          [
            77.2282685,
            28.6265677
          ],
          [
            77.228621,
            28.6270364
          ],
          [
            77.2287609,
            28.6272225
          ],
          [
            77.2288652,
            28.6273612
          ]
        ]
      }
    },
    {
      "type": "Feature",
      "properties": {
        "id": 563679820,
        "name": "Tolstoy Marg",
        "highway": "secondary",
        "oneway": true,
        "maxspeed": "50"
      },
      "geometry": {
        "type": "LineString",
        "coordinates": [
          [
            77.223376,
            28.6264956
          ],
          [
            77.2236782,
            28.6266137
          ],
          [
            77.2237861,
            28.6266559
          ],
          [
            77.2238231,
            28.6266704
          ],
          [
            77.2242587,
            28.6268975
          ],
          [
            77.2243353,
            28.6269423
          ],
          [
            77.2246894,
            28.6271625
          ],
          [
            77.2248194,
            28.6272564
          ],
          [
            77.2250795,
            28.6274467
          ],
          [
            77.2251845,
            28.62753
          ],
          [
            77.2253325,
            28.6276554
          ],
          [
            77.2254214,
            28.6277329
          ],
          [
            77.225528,
            28.6278328
          ],
          [
            77.2255812,
            28.6278852
          ],
          [
            77.2257135,
            28.6280186
          ],
          [
            77.225744,
            28.6280493
          ],
          [
            77.2258415,
            28.6281645
          ],
          [
            77.2260529,
            28.6284168
          ],
          [
            77.2261894,
            28.62858
          ],
          [
            77.2263626,
            28.6287792
          ],
          [
            77.2263939,
            28.6288153
          ],
          [
            77.2264166,
            28.6288475
          ]
        ]
      }
    },
    {
      "type": "Feature",
      "properties": {
        "id": 563679821,
        "name": "Janpath",
        "highway": "secondary",
        "oneway": true,
        "maxspeed": "50"
      },
      "geometry": {
        "type": "LineString",
        "coordinates": [
          [
            77.219272,
            28.6265854
          ],
          [
            77.219285,
            28.6269079
          ],
          [
            77.2193008,
            28.6271445
          ],
          [
            77.2193459,
            28.6278168
          ],
          [
            77.2193779,
            28.6282883
          ],
          [
            77.2193823,
            28.6283589
          ],
          [
            77.2194243,
            28.6289846
          ],
          [
            77.2194654,
            28.629595
          ],
          [
            77.2194853,
            28.6298938
          ]
        ]
      }
    },
    {
      "type": "Feature",
      "properties": {
        "id": 563679836,
        "name": "Kasturba Gandhi Marg",
        "highway": "secondary",
        "oneway": true,
        "maxspeed": "50"
      },
      "geometry": {
        "type": "LineString",
        "coordinates": [
          [
            77.223418,
            28.6264024
          ],
          [
            77.2235974,
            28.626091
          ],
          [
            77.2236427,
            28.6260125
          ],
          [
            77.223828,
            28.6256909
          ],
          [
            77.2239001,
            28.6255656
          ],
          [
            77.2240636,
            28.625282
          ],
          [
            77.2241429,
            28.6251442
          ],
          [
            77.2242162,
            28.6250171
          ],
          [
            77.2242894,
            28.6248901
          ],
          [
            77.2243583,
            28.6247704
          ],
          [
            77.2244561,
            28.6245917
          ],
          [
            77.2246447,
            28.6242473
          ],
          [
            77.2247783,
            28.6240033
          ],
          [
            77.224809,
            28.6239476
          ],
          [
            77.2249109,
            28.6237706
          ],
          [
            77.2250342,
            28.623557
          ],
          [
            77.2250972,
            28.6234479
          ],
          [
            77.2252223,
            28.6232273
          ],
          [
            77.2253182,
            28.6230583
          ],
          [
            77.2254223,
            28.6228747
          ]
        ]
      }
    },
    {
      "type": "Feature",
      "properties": {
        "id": 563791811,
        "name": "Tolstoy Marg",
        "highway": "secondary",
        "oneway": true,
        "maxspeed": "50"
      },
      "geometry": {
        "type": "LineString",
        "coordinates": [
          [
            77.2192551,
            28.6264435
          ],
          [
            77.2193638,
            28.6264348
          ],
          [
            77.2194795,
            28.6264311
          ],
          [
            77.2196132,
            28.6264269
          ],
          [
            77.2197735,
            28.6264218
          ],
          [
            77.2204718,
            28.6263822
          ],
          [
            77.2205942,
            28.6263763
          ],
          [
            77.2210576,
            28.6263538
          ],
          [
            77.2213565,
            28.6263393
          ],
          [
            77.2216316,
            28.6263259
          ],
          [
            77.2217907,
            28.6263174
          ],
          [
            77.2218811,
            28.6263126
          ],
          [
            77.2221119,
            28.626326
          ],
          [
            77.2222177,
            28.6263321
          ],
          [
            77.2225473,
            28.6263235
          ],
          [
            77.2227555,
            28.6263208
          ],
          [
            77.2229084,
            28.6263267
          ],
          [
            77.222984,
            28.6263473
          ],
          [
            77.2230516,
            28.6263658
          ],
          [
            77.2231364,
            28.6264032
          ],
          [
            77.2232972,
            28.626468
          ],
          [
            77.223376,
            28.6264956
          ]
        ]
      }
    },
    {
      "type": "Feature",
      "properties": {
        "id": 563791813,
        "name": "Unnamed Road",
        "highway": "secondary_link",
        "oneway": true,
        "maxspeed": "50"
      },
      "geometry": {
        "type": "LineString",
        "coordinates": [
          [
            77.2196953,
            28.6262918
          ],
          [
            77.2196276,
            28.6262698
          ],
          [
            77.2195634,
            28.6262409
          ],
          [
            77.2195035,
            28.6262055
          ],
          [
            77.2194489,
            28.6261641
          ],
          [
            77.2194003,
            28.6261172
          ],
          [
            77.2193584,
            28.6260657
          ],
          [
            77.2193238,
            28.6260101
          ]
        ]
      }
    },
    {
      "type": "Feature",
      "properties": {
        "id": 563974730,
        "name": "Tolstoy Marg",
        "highway": "secondary",
        "oneway": true,
        "maxspeed": "50"
      },
      "geometry": {
        "type": "LineString",
        "coordinates": [
          [
            77.2192455,
            28.6263138
          ],
          [
            77.2191257,
            28.6263181
          ],
          [
            77.2191226,
            28.6263183
          ],
          [
            77.21892,
            28.6263256
          ],
          [
            77.2182626,
            28.6263494
          ],
          [
            77.2182015,
            28.6263413
          ],
          [
            77.2181184,
            28.6263189
          ],
          [
            77.2179764,
            28.6262766
          ],
          [
            77.2179285,
            28.6262569
          ],
          [
            77.2175727,
            28.6261109
          ],
          [
            77.2172912,
            28.6259858
          ],
          [
            77.2170578,
            28.6259065
          ],
          [
            77.2168349,
            28.6258669
          ],
          [
            77.2167112,
            28.6258582
          ],
          [
            77.2165985,
            28.6258602
          ],
          [
            77.216502,
            28.62587
          ],
          [
            77.2164138,
            28.6258869
          ],
          [
            77.2163008,
            28.6259123
          ],
          [
            77.2162069,
            28.6259396
          ],
          [
            77.2160996,
            28.6259806
          ],
          [
            77.2160262,
            28.6260152
          ],
          [
            77.2159468,
            28.6260595
          ],
          [
            77.2159061,
            28.6260917
          ],
          [
            77.2158836,
            28.6261306
          ],
          [
            77.2158602,
            28.6261922
          ],
          [
            77.2158059,
            28.6264459
          ],
          [
            77.2157843,
            28.6265581
          ],
          [
            77.215759,
            28.6266257
          ],
          [
            77.2157201,
            28.6266857
          ],
          [
            77.2156713,
            28.6267223
          ],
          [
            77.2154528,
            28.6268539
          ],
          [
            77.2153661,
            28.6269024
          ]
        ]
      }
    },
    {
      "type": "Feature",
      "properties": {
        "id": 563974733,
        "name": "Tolstoy Marg",
        "highway": "secondary",
        "oneway": true,
        "maxspeed": "50"
      },
      "geometry": {
        "type": "LineString",
        "coordinates": [
          [
            77.223418,
            28.6264024
          ],
          [
            77.2233409,
            28.6263783
          ],
          [
            77.2232344,
            28.6263382
          ],
          [
            77.2230983,
            28.6263002
          ],
          [
            77.2229167,
            28.6262589
          ],
          [
            77.2227919,
            28.6262448
          ],
          [
            77.2225564,
            28.6262226
          ],
          [
            77.2223841,
            28.6262102
          ]
        ]
      }
    },
    {
      "type": "Feature",
      "properties": {
        "id": 563974735,
        "name": "Tolstoy Marg",
        "highway": "secondary",
        "oneway": true,
        "maxspeed": "50"
      },
      "geometry": {
        "type": "LineString",
        "coordinates": [
          [
            77.2262699,
            28.6285376
          ],
          [
            77.226159,
            28.6284051
          ],
          [
            77.2258234,
            28.6280039
          ],
          [
            77.2257891,
            28.627969
          ],
          [
            77.2255064,
            28.6276877
          ],
          [
            77.2254494,
            28.6276355
          ],
          [
            77.2251988,
            28.6274303
          ],
          [
            77.2251228,
            28.627368
          ],
          [
            77.2250883,
            28.6273438
          ],
          [
            77.2248937,
            28.6272074
          ],
          [
            77.2248794,
            28.6271974
          ],
          [
            77.2247323,
            28.6270942
          ],
          [
            77.2243078,
            28.626835
          ],
          [
            77.2241988,
            28.6267777
          ],
          [
            77.2239679,
            28.6266563
          ],
          [
            77.2238129,
            28.6265847
          ],
          [
            77.223418,
            28.6264024
          ]
        ]
      }
    },
    {
      "type": "Feature",
      "properties": {
        "id": 563975284,
        "name": "Tolstoy Marg",
        "highway": "secondary",
        "oneway": true,
        "maxspeed": "50"
      },
      "geometry": {
        "type": "LineString",
        "coordinates": [
          [
            77.2196953,
            28.6262918
          ],
          [
            77.219467,
            28.6263012
          ],
          [
            77.2193396,
            28.6263065
          ],
          [
            77.2192455,
            28.6263138
          ]
        ]
      }
    },
    {
      "type": "Feature",
      "properties": {
        "id": 563975285,
        "name": "Kasturba Gandhi Marg",
        "highway": "secondary",
        "oneway": true,
        "maxspeed": "50"
      },
      "geometry": {
        "type": "LineString",
        "coordinates": [
          [
            77.223376,
            28.6264956
          ],
          [
            77.223418,
            28.6264024
          ]
        ]
      }
    },
    {
      "type": "Feature",
      "properties": {
        "id": 564223494,
        "name": "Outer Circle",
        "highway": "secondary",
        "oneway": true,
        "maxspeed": "50"
      },
      "geometry": {
        "type": "LineString",
        "coordinates": [
          [
            77.2166601,
            28.6316729
          ],
          [
            77.2165819,
            28.6319608
          ],
          [
            77.2164923,
            28.6323795
          ],
          [
            77.2164715,
            28.6325014
          ],
          [
            77.2164221,
            28.6327899
          ],
          [
            77.2164245,
            28.6329636
          ]
        ]
      }
    },
    {
      "type": "Feature",
      "properties": {
        "id": 564223496,
        "name": "Outer Circle",
        "highway": "secondary",
        "oneway": true,
        "maxspeed": "50"
      },
      "geometry": {
        "type": "LineString",
        "coordinates": [
          [
            77.2176681,
            28.6305317
          ],
          [
            77.2173364,
            28.6308523
          ],
          [
            77.217031,
            28.6311388
          ],
          [
            77.2168729,
            28.6312977
          ],
          [
            77.2167421,
            28.6314291
          ]
        ]
      }
    },
    {
      "type": "Feature",
      "properties": {
        "id": 570616026,
        "name": "Kasturba Gandhi Marg",
        "highway": "secondary",
        "oneway": true,
        "maxspeed": "50"
      },
      "geometry": {
        "type": "LineString",
        "coordinates": [
          [
            77.221374,
            28.6299829
          ],
          [
            77.2214174,
            28.6299066
          ],
          [
            77.2215207,
            28.6297253
          ],
          [
            77.2217071,
            28.6293982
          ],
          [
            77.2217266,
            28.6293617
          ],
          [
            77.2219121,
            28.6290312
          ],
          [
            77.2219373,
            28.6289882
          ],
          [
            77.2221341,
            28.6286515
          ],
          [
            77.2227392,
            28.6276116
          ],
          [
            77.2228478,
            28.6274252
          ],
          [
            77.2230553,
            28.6270601
          ],
          [
            77.2232575,
            28.6267042
          ],
          [
            77.223376,
            28.6264956
          ]
        ]
      }
    },
    {
      "type": "Feature",
      "properties": {
        "id": 570616027,
        "name": "Kasturba Gandhi Marg",
        "highway": "secondary",
        "oneway": true,
        "maxspeed": "50"
      },
      "geometry": {
        "type": "LineString",
        "coordinates": [
          [
            77.2212686,
            28.6299754
          ],
          [
            77.2212607,
            28.6299818
          ],
          [
            77.2212246,
            28.6300107
          ],
          [
            77.2211742,
            28.6300497
          ],
          [
            77.2211151,
            28.6300775
          ],
          [
            77.2210495,
            28.6300946
          ],
          [
            77.2209832,
            28.6300947
          ],
          [
            77.2209174,
            28.6300832
          ]
        ]
      }
    },
    {
      "type": "Feature",
      "properties": {
        "id": 570616028,
        "name": "Sansad Marg",
        "highway": "secondary",
        "oneway": true,
        "maxspeed": "50"
      },
      "geometry": {
        "type": "LineString",
        "coordinates": [
          [
            77.2181923,
            28.6302174
          ],
          [
            77.2181247,
            28.6302198
          ],
          [
            77.218057,
            28.6302159
          ],
          [
            77.2179911,
            28.6302022
          ],
          [
            77.2179285,
            28.6301792
          ],
          [
            77.2178711,
            28.6301476
          ],
          [
            77.2178204,
            28.6301081
          ],
          [
            77.2177886,
            28.6300736
          ],
          [
            77.2177778,
            28.6300619
          ],
          [
            77.2177443,
            28.6300101
          ]
        ]
      }
    },
    {
      "type": "Feature",
      "properties": {
        "id": 570616029,
        "name": "Sansad Marg",
        "highway": "secondary",
        "oneway": true,
        "maxspeed": "50"
      },
      "geometry": {
        "type": "LineString",
        "coordinates": [
          [
            77.2176728,
            28.6300813
          ],
          [
            77.2176977,
            28.6301219
          ],
          [
            77.2177049,
            28.6301337
          ],
          [
            77.2177282,
            28.6301897
          ],
          [
            77.2177421,
            28.6302479
          ],
          [
            77.2177465,
            28.6303074
          ],
          [
            77.2177413,
            28.6303667
          ],
          [
            77.2177264,
            28.6304249
          ],
          [
            77.2177023,
            28.6304805
          ],
          [
            77.2176681,
            28.6305317
          ]
        ]
      }
    },
    {
      "type": "Feature",
      "properties": {
        "id": 572511732,
        "name": "Outer Circle",
        "highway": "secondary",
        "oneway": true,
        "maxspeed": "50"
      },
      "geometry": {
        "type": "LineString",
        "coordinates": [
          [
            77.2215437,
            28.6352119
          ],
          [
            77.2215809,
            28.6351806
          ],
          [
            77.2218034,
            28.6349934
          ],
          [
            77.2220831,
            28.6347379
          ],
          [
            77.2221191,
            28.634705
          ],
          [
            77.2223826,
            28.6344225
          ],
          [
            77.2224071,
            28.6343881
          ],
          [
            77.2224848,
            28.634279
          ],
          [
            77.2225404,
            28.6341977
          ],
          [
            77.2227221,
            28.6338984
          ],
          [
            77.2228204,
            28.6336759
          ],
          [
            77.2228973,
            28.633447
          ],
          [
            77.2228984,
            28.6334419
          ],
          [
            77.2229662,
            28.6331305
          ],
          [
            77.222974,
            28.6330403
          ],
          [
            77.2229795,
            28.632977
          ],
          [
            77.2229941,
            28.6328092
          ],
          [
            77.222985,
            28.6325867
          ],
          [
            77.2229809,
            28.6324873
          ],
          [
            77.2229265,
            28.6321686
          ],
          [
            77.2228317,
            28.6318574
          ],
          [
            77.2226226,
            28.6315087
          ],
          [
            77.2225605,
            28.631405
          ]
        ]
      }
    },
    {
      "type": "Feature",
      "properties": {
        "id": 578543603,
        "name": "Barakhamba Road",
        "highway": "secondary",
        "oneway": true,
        "maxspeed": "50"
      },
      "geometry": {
        "type": "LineString",
        "coordinates": [
          [
            77.2225605,
            28.631405
          ],
          [
            77.2225942,
            28.6312649
          ],
          [
            77.2226091,
            28.6312208
          ],
          [
            77.222632,
            28.6311723
          ],
          [
            77.222658,
            28.6311245
          ],
          [
            77.2227449,
            28.6310743
          ],
          [
            77.223352,
            28.6307237
          ],
          [
            77.2235256,
            28.6306258
          ],
          [
            77.2235899,
            28.6305895
          ],
          [
            77.2236585,
            28.6305508
          ],
          [
            77.2238139,
            28.6304632
          ],
          [
            77.2238821,
            28.6304248
          ],
          [
            77.2239182,
            28.6304042
          ],
          [
            77.2251209,
            28.6297162
          ],
          [
            77.2258554,
            28.6292961
          ],
          [
            77.2260813,
            28.6291518
          ],
          [
            77.2263538,
            28.628979
          ],
          [
            77.2263907,
            28.6289525
          ],
          [
            77.2264549,
            28.6289144
          ]
        ]
      }
    },
    {
      "type": "Feature",
      "properties": {
        "id": 578543604,
        "name": "Outer Circle",
        "highway": "secondary",
        "oneway": true,
        "maxspeed": "50"
      },
      "geometry": {
        "type": "LineString",
        "coordinates": [
          [
            77.2170406,
            28.6343031
          ],
          [
            77.2171312,
            28.6344291
          ]
        ]
      }
    },
    {
      "type": "Feature",
      "properties": {
        "id": 578543605,
        "name": "Outer Circle",
        "highway": "secondary",
        "oneway": true,
        "maxspeed": "50"
      },
      "geometry": {
        "type": "LineString",
        "coordinates": [
          [
            77.2167421,
            28.6314291
          ],
          [
            77.2166601,
            28.6316729
          ]
        ]
      }
    },
    {
      "type": "Feature",
      "properties": {
        "id": 578543606,
        "name": "Outer Circle",
        "highway": "secondary",
        "oneway": true,
        "maxspeed": "50"
      },
      "geometry": {
        "type": "LineString",
        "coordinates": [
          [
            77.2171312,
            28.6344291
          ],
          [
            77.2175564,
            28.6348446
          ],
          [
            77.2180055,
            28.6352571
          ]
        ]
      }
    },
    {
      "type": "Feature",
      "properties": {
        "id": 579151950,
        "name": "Tolstoy Marg",
        "highway": "secondary",
        "oneway": true,
        "maxspeed": "50"
      },
      "geometry": {
        "type": "LineString",
        "coordinates": [
          [
            77.2153661,
            28.6269024
          ],
          [
            77.2152956,
            28.6269395
          ]
        ]
      }
    },
    {
      "type": "Feature",
      "properties": {
        "id": 579781481,
        "name": "Kasturba Gandhi Marg",
        "highway": "secondary",
        "oneway": true,
        "maxspeed": "50"
      },
      "geometry": {
        "type": "LineString",
        "coordinates": [
          [
            77.2233409,
            28.6263783
          ],
          [
            77.2232972,
            28.626468
          ],
          [
            77.2231705,
            28.6266901
          ],
          [
            77.2230097,
            28.6269721
          ],
          [
            77.2229649,
            28.6270506
          ],
          [
            77.2229373,
            28.6270989
          ],
          [
            77.2227747,
            28.627384
          ],
          [
            77.2227547,
            28.6274191
          ],
          [
            77.2225438,
            28.6277888
          ],
          [
            77.2225051,
            28.6278566
          ],
          [
            77.2223311,
            28.6281616
          ],
          [
            77.2221173,
            28.6285365
          ],
          [
            77.2220725,
            28.628615
          ],
          [
            77.2218713,
            28.6289678
          ],
          [
            77.2216652,
            28.6293291
          ],
          [
            77.2213212,
            28.6299216
          ],
          [
            77.2212686,
            28.6299754
          ]
        ]
      }
    },
    {
      "type": "Feature",
      "properties": {
        "id": 582349040,
        "name": "Unnamed Road",
        "highway": "steps",
        "oneway": false,
        "maxspeed": "50"
      },
      "geometry": {
        "type": "LineString",
        "coordinates": [
          [
            77.2182249,
            28.6327249
          ],
          [
            77.2182419,
            28.6329347
          ]
        ]
      }
    },
    {
      "type": "Feature",
      "properties": {
        "id": 582349041,
        "name": "Unnamed Road",
        "highway": "footway",
        "oneway": false,
        "maxspeed": "50"
      },
      "geometry": {
        "type": "LineString",
        "coordinates": [
          [
            77.2182842,
            28.632468
          ],
          [
            77.2182213,
            28.6326038
          ],
          [
            77.2182249,
            28.6327249
          ]
        ]
      }
    },
    {
      "type": "Feature",
      "properties": {
        "id": 582349042,
        "name": "Unnamed Road",
        "highway": "steps",
        "oneway": false,
        "maxspeed": "50"
      },
      "geometry": {
        "type": "LineString",
        "coordinates": [
          [
            77.2182842,
            28.632468
          ],
          [
            77.2183526,
            28.6323385
          ]
        ]
      }
    },
    {
      "type": "Feature",
      "properties": {
        "id": 582355768,
        "name": "Unnamed Road",
        "highway": "footway",
        "oneway": false,
        "maxspeed": "50"
      },
      "geometry": {
        "type": "LineString",
        "coordinates": [
          [
            77.2193695,
            28.6328504
          ],
          [
            77.2194459,
            28.6330526
          ]
        ]
      }
    },
    {
      "type": "Feature",
      "properties": {
        "id": 582355769,
        "name": "Unnamed Road",
        "highway": "footway",
        "oneway": false,
        "maxspeed": "50"
      },
      "geometry": {
        "type": "LineString",
        "coordinates": [
          [
            77.218902,
            28.6340376
          ],
          [
            77.2189974,
            28.6339004
          ],
          [
            77.219097,
            28.6336894
          ],
          [
            77.2191158,
            28.6336496
          ]
        ]
      }
    },
    {
      "type": "Feature",
      "properties": {
        "id": 582355770,
        "name": "Unnamed Road",
        "highway": "footway",
        "oneway": false,
        "maxspeed": "50"
      },
      "geometry": {
        "type": "LineString",
        "coordinates": [
          [
            77.2209731,
            28.633398
          ],
          [
            77.2206473,
            28.6332683
          ],
          [
            77.2201643,
            28.6331887
          ]
        ]
      }
    },
    {
      "type": "Feature",
      "properties": {
        "id": 582355771,
        "name": "Unnamed Road",
        "highway": "footway",
        "oneway": false,
        "maxspeed": "50"
      },
      "geometry": {
        "type": "LineString",
        "coordinates": [
          [
            77.2198494,
            28.6331011
          ],
          [
            77.2197327,
            28.6330988
          ],
          [
            77.2196338,
            28.6330353
          ]
        ]
      }
    },
    {
      "type": "Feature",
      "properties": {
        "id": 582355772,
        "name": "Unnamed Road",
        "highway": "footway",
        "oneway": false,
        "maxspeed": "50"
      },
      "geometry": {
        "type": "LineString",
        "coordinates": [
          [
            77.2196338,
            28.6330353
          ],
          [
            77.2195651,
            28.6330081
          ]
        ]
      }
    },
    {
      "type": "Feature",
      "properties": {
        "id": 582355773,
        "name": "Unnamed Road",
        "highway": "footway",
        "oneway": false,
        "maxspeed": "50"
      },
      "geometry": {
        "type": "LineString",
        "coordinates": [
          [
            77.2194804,
            28.6330343
          ],
          [
            77.2194459,
            28.6330526
          ],
          [
            77.2194014,
            28.6330835
          ]
        ]
      }
    },
    {
      "type": "Feature",
      "properties": {
        "id": 582355774,
        "name": "Unnamed Road",
        "highway": "footway",
        "oneway": false,
        "maxspeed": "50"
      },
      "geometry": {
        "type": "LineString",
        "coordinates": [
          [
            77.2192743,
            28.6332706
          ],
          [
            77.219215,
            28.6333189
          ],
          [
            77.2192251,
            28.6334252
          ]
        ]
      }
    },
    {
      "type": "Feature",
      "properties": {
        "id": 582355775,
        "name": "Unnamed Road",
        "highway": "footway",
        "oneway": false,
        "maxspeed": "50"
      },
      "geometry": {
        "type": "LineString",
        "coordinates": [
          [
            77.2193035,
            28.6328775
          ],
          [
            77.2193331,
            28.6328669
          ],
          [
            77.2193695,
            28.6328504
          ],
          [
            77.2194028,
            28.6328245
          ]
        ]
      }
    },
    {
      "type": "Feature",
      "properties": {
        "id": 582355776,
        "name": "Unnamed Road",
        "highway": "steps",
        "oneway": false,
        "maxspeed": "50"
      },
      "geometry": {
        "type": "LineString",
        "coordinates": [
          [
            77.2192392,
            28.6328916
          ],
          [
            77.219272,
            28.6328863
          ],
          [
            77.2193035,
            28.6328775
          ]
        ]
      }
    },
    {
      "type": "Feature",
      "properties": {
        "id": 582355779,
        "name": "Unnamed Road",
        "highway": "footway",
        "oneway": false,
        "maxspeed": "50"
      },
      "geometry": {
        "type": "LineString",
        "coordinates": [
          [
            77.2180901,
            28.6325837
          ],
          [
            77.2182213,
            28.6326038
          ],
          [
            77.2187863,
            28.6327513
          ]
        ]
      }
    },
    {
      "type": "Feature",
      "properties": {
        "id": 582355780,
        "name": "Unnamed Road",
        "highway": "footway",
        "oneway": false,
        "maxspeed": "50"
      },
      "geometry": {
        "type": "LineString",
        "coordinates": [
          [
            77.2197916,
            28.63154
          ],
          [
            77.219741,
            28.6318932
          ],
          [
            77.2196925,
            28.6322818
          ]
        ]
      }
    },
    {
      "type": "Feature",
      "properties": {
        "id": 582355781,
        "name": "Unnamed Road",
        "highway": "steps",
        "oneway": false,
        "maxspeed": "50"
      },
      "geometry": {
        "type": "LineString",
        "coordinates": [
          [
            77.2199903,
            28.6315552
          ],
          [
            77.2202119,
            28.6316211
          ]
        ]
      }
    },
    {
      "type": "Feature",
      "properties": {
        "id": 582929431,
        "name": "Unnamed Road",
        "highway": "footway",
        "oneway": false,
        "maxspeed": "50"
      },
      "geometry": {
        "type": "LineString",
        "coordinates": [
          [
            77.2235594,
            28.6302692
          ],
          [
            77.2236894,
            28.6301939
          ],
          [
            77.2237385,
            28.6301654
          ]
        ]
      }
    },
    {
      "type": "Feature",
      "properties": {
        "id": 582929433,
        "name": "Unnamed Road",
        "highway": "steps",
        "oneway": false,
        "maxspeed": "50"
      },
      "geometry": {
        "type": "LineString",
        "coordinates": [
          [
            77.2233419,
            28.6303952
          ],
          [
            77.2235594,
            28.6302692
          ]
        ]
      }
    },
    {
      "type": "Feature",
      "properties": {
        "id": 582929434,
        "name": "Unnamed Road",
        "highway": "steps",
        "oneway": false,
        "maxspeed": "50"
      },
      "geometry": {
        "type": "LineString",
        "coordinates": [
          [
            77.2236541,
            28.6307933
          ],
          [
            77.2238716,
            28.6306673
          ]
        ]
      }
    },
    {
      "type": "Feature",
      "properties": {
        "id": 583491820,
        "name": "Unnamed Road",
        "highway": "footway",
        "oneway": false,
        "maxspeed": "50"
      },
      "geometry": {
        "type": "LineString",
        "coordinates": [
          [
            77.2189678,
            28.6328058
          ],
          [
            77.2190517,
            28.6328618
          ],
          [
            77.2191544,
            28.6328619
          ]
        ]
      }
    },
    {
      "type": "Feature",
      "properties": {
        "id": 583501521,
        "name": "Unnamed Road",
        "highway": "steps",
        "oneway": false,
        "maxspeed": "50"
      },
      "geometry": {
        "type": "LineString",
        "coordinates": [
          [
            77.2211355,
            28.6302819
          ],
          [
            77.2209343,
            28.6302113
          ]
        ]
      }
    },
    {
      "type": "Feature",
      "properties": {
        "id": 583501522,
        "name": "Unnamed Road",
        "highway": "footway",
        "oneway": false,
        "maxspeed": "50"
      },
      "geometry": {
        "type": "LineString",
        "coordinates": [
          [
            77.2211561,
            28.6299793
          ],
          [
            77.2211279,
            28.6299934
          ],
          [
            77.2212562,
            28.6301713
          ],
          [
            77.2211355,
            28.6302819
          ]
        ]
      }
    },
    {
      "type": "Feature",
      "properties": {
        "id": 583501524,
        "name": "Unnamed Road",
        "highway": "footway",
        "oneway": false,
        "maxspeed": "50"
      },
      "geometry": {
        "type": "LineString",
        "coordinates": [
          [
            77.2213073,
            28.6297552
          ],
          [
            77.2212453,
            28.6298874
          ],
          [
            77.2212023,
            28.6299471
          ],
          [
            77.2211561,
            28.6299793
          ]
        ]
      }
    },
    {
      "type": "Feature",
      "properties": {
        "id": 583501526,
        "name": "Unnamed Road",
        "highway": "steps",
        "oneway": false,
        "maxspeed": "50"
      },
      "geometry": {
        "type": "LineString",
        "coordinates": [
          [
            77.2212535,
            28.6303314
          ],
          [
            77.2214042,
            28.6304242
          ]
        ]
      }
    },
    {
      "type": "Feature",
      "properties": {
        "id": 583501528,
        "name": "Unnamed Road",
        "highway": "footway",
        "oneway": false,
        "maxspeed": "50"
      },
      "geometry": {
        "type": "LineString",
        "coordinates": [
          [
            77.2213875,
            28.6300536
          ],
          [
            77.2213774,
            28.6300882
          ],
          [
            77.2214062,
            28.6300633
          ]
        ]
      }
    },
    {
      "type": "Feature",
      "properties": {
        "id": 583501530,
        "name": "Unnamed Road",
        "highway": "steps",
        "oneway": false,
        "maxspeed": "50"
      },
      "geometry": {
        "type": "LineString",
        "coordinates": [
          [
            77.2214264,
            28.6299573
          ],
          [
            77.2213875,
            28.6300536
          ]
        ]
      }
    },
    {
      "type": "Feature",
      "properties": {
        "id": 596373332,
        "name": "Janpath",
        "highway": "secondary",
        "oneway": true,
        "maxspeed": "50"
      },
      "geometry": {
        "type": "LineString",
        "coordinates": [
          [
            77.2195711,
            28.6296845
          ],
          [
            77.2195503,
            28.6295917
          ],
          [
            77.2195265,
            28.6289849
          ],
          [
            77.2195038,
            28.6286294
          ],
          [
            77.219487,
            28.6283662
          ],
          [
            77.2194854,
            28.6283415
          ],
          [
            77.2194826,
            28.6282868
          ],
          [
            77.2194767,
            28.628173
          ],
          [
            77.2194221,
            28.627349
          ],
          [
            77.2194214,
            28.6273383
          ],
          [
            77.2194099,
            28.6271569
          ],
          [
            77.2194064,
            28.6271021
          ],
          [
            77.2193689,
            28.6266548
          ],
          [
            77.2193691,
            28.6265855
          ]
        ]
      }
    },
    {
      "type": "Feature",
      "properties": {
        "id": 596373338,
        "name": "Janpath",
        "highway": "secondary",
        "oneway": true,
        "maxspeed": "50"
      },
      "geometry": {
        "type": "LineString",
        "coordinates": [
          [
            77.2193238,
            28.6260101
          ],
          [
            77.2192956,
            28.6255439
          ],
          [
            77.2192866,
            28.6253964
          ],
          [
            77.2192428,
            28.6246726
          ],
          [
            77.2192391,
            28.6246127
          ],
          [
            77.2192308,
            28.6244744
          ],
          [
            77.2192225,
            28.6243377
          ],
          [
            77.219218,
            28.6242638
          ],
          [
            77.2192082,
            28.6241016
          ],
          [
            77.2191484,
            28.6231148
          ],
          [
            77.2191089,
            28.6224638
          ],
          [
            77.2190844,
            28.6220582
          ],
          [
            77.2190533,
            28.621546
          ],
          [
            77.2190376,
            28.6212854
          ],
          [
            77.2190065,
            28.6207192
          ],
          [
            77.2189845,
            28.620411
          ]
        ]
      }
    },
    {
      "type": "Feature",
      "properties": {
        "id": 596373342,
        "name": "Janpath",
        "highway": "secondary",
        "oneway": true,
        "maxspeed": "50"
      },
      "geometry": {
        "type": "LineString",
        "coordinates": [
          [
            77.2193638,
            28.6264348
          ],
          [
            77.2193396,
            28.6263065
          ]
        ]
      }
    },
    {
      "type": "Feature",
      "properties": {
        "id": 596373346,
        "name": "Janpath",
        "highway": "secondary",
        "oneway": true,
        "maxspeed": "50"
      },
      "geometry": {
        "type": "LineString",
        "coordinates": [
          [
            77.2197655,
            28.629882
          ],
          [
            77.2197184,
            28.6298631
          ],
          [
            77.2196757,
            28.6298375
          ],
          [
            77.2196386,
            28.6298058
          ],
          [
            77.2196083,
            28.629769
          ],
          [
            77.2195855,
            28.6297281
          ],
          [
            77.2195711,
            28.6296845
          ]
        ]
      }
    },
    {
      "type": "Feature",
      "properties": {
        "id": 611101892,
        "name": "Unnamed Road",
        "highway": "service",
        "oneway": false,
        "maxspeed": "50"
      },
      "geometry": {
        "type": "LineString",
        "coordinates": [
          [
            77.2166063,
            28.6330055
          ],
          [
            77.2166483,
            28.6330032
          ],
          [
            77.2166711,
            28.6330021
          ]
        ]
      }
    },
    {
      "type": "Feature",
      "properties": {
        "id": 611101893,
        "name": "Unnamed Road",
        "highway": "corridor",
        "oneway": false,
        "maxspeed": "50"
      },
      "geometry": {
        "type": "LineString",
        "coordinates": [
          [
            77.2166548,
            28.6330679
          ],
          [
            77.216673,
            28.6332894
          ],
          [
            77.2168399,
            28.6332794
          ],
          [
            77.2168533,
            28.6333648
          ],
          [
            77.2168634,
            28.6334395
          ],
          [
            77.2168782,
            28.633506
          ],
          [
            77.2168969,
            28.6335708
          ],
          [
            77.2169244,
            28.633642
          ],
          [
            77.2169459,
            28.6337002
          ],
          [
            77.2169774,
            28.6337668
          ],
          [
            77.2170049,
            28.6338238
          ],
          [
            77.2170378,
            28.6338821
          ],
          [
            77.2170847,
            28.6339627
          ],
          [
            77.217109,
            28.6339955
          ],
          [
            77.2171283,
            28.6340216
          ],
          [
            77.217476,
            28.6338226
          ]
        ]
      }
    },
    {
      "type": "Feature",
      "properties": {
        "id": 611102335,
        "name": "Unnamed Road",
        "highway": "corridor",
        "oneway": false,
        "maxspeed": "50"
      },
      "geometry": {
        "type": "LineString",
        "coordinates": [
          [
            77.2179101,
            28.633578
          ],
          [
            77.2178854,
            28.6335373
          ],
          [
            77.2178762,
            28.6335239
          ]
        ]
      }
    },
    {
      "type": "Feature",
      "properties": {
        "id": 611102336,
        "name": "Unnamed Road",
        "highway": "footway",
        "oneway": false,
        "maxspeed": "50"
      },
      "geometry": {
        "type": "LineString",
        "coordinates": [
          [
            77.217356,
            28.632876
          ],
          [
            77.217473,
            28.6328725
          ]
        ]
      }
    },
    {
      "type": "Feature",
      "properties": {
        "id": 611102337,
        "name": "Unnamed Road",
        "highway": "footway",
        "oneway": false,
        "maxspeed": "50"
      },
      "geometry": {
        "type": "LineString",
        "coordinates": [
          [
            77.2173517,
            28.6326212
          ],
          [
            77.2175935,
            28.6326385
          ]
        ]
      }
    },
    {
      "type": "Feature",
      "properties": {
        "id": 611102338,
        "name": "Unnamed Road",
        "highway": "corridor",
        "oneway": false,
        "maxspeed": "50"
      },
      "geometry": {
        "type": "LineString",
        "coordinates": [
          [
            77.2170589,
            28.6330167
          ],
          [
            77.21706,
            28.633043
          ]
        ]
      }
    },
    {
      "type": "Feature",
      "properties": {
        "id": 611219960,
        "name": "Unnamed Road",
        "highway": "corridor",
        "oneway": false,
        "maxspeed": "50"
      },
      "geometry": {
        "type": "LineString",
        "coordinates": [
          [
            77.2175119,
            28.6320018
          ],
          [
            77.2175256,
            28.6320062
          ],
          [
            77.2176101,
            28.6320441
          ],
          [
            77.2175923,
            28.6320856
          ],
          [
            77.2178739,
            28.6322067
          ],
          [
            77.2178926,
            28.6321685
          ],
          [
            77.2180747,
            28.6322405
          ],
          [
            77.2180527,
            28.6322818
          ],
          [
            77.2180343,
            28.6323286
          ],
          [
            77.2180082,
            28.6324049
          ],
          [
            77.2179878,
            28.6324826
          ],
          [
            77.2179734,
            28.6325612
          ],
          [
            77.2179648,
            28.6326406
          ],
          [
            77.2179637,
            28.6326639
          ],
          [
            77.2179088,
            28.6326621
          ],
          [
            77.217906,
            28.6326993
          ],
          [
            77.2179022,
            28.6327778
          ],
          [
            77.2179047,
            28.6328563
          ],
          [
            77.2179135,
            28.6329345
          ],
          [
            77.2179299,
            28.633016
          ],
          [
            77.2179854,
            28.6330072
          ],
          [
            77.2179882,
            28.6330306
          ],
          [
            77.2180003,
            28.6330859
          ],
          [
            77.2180153,
            28.6331407
          ],
          [
            77.2180333,
            28.6331949
          ],
          [
            77.2180541,
            28.6332481
          ],
          [
            77.2180778,
            28.6333005
          ],
          [
            77.2181044,
            28.6333518
          ],
          [
            77.2181336,
            28.633402
          ],
          [
            77.218147,
            28.6334233
          ],
          [
            77.2179478,
            28.6335399
          ],
          [
            77.2179301,
            28.6335117
          ],
          [
            77.2178854,
            28.6335373
          ],
          [
            77.2176163,
            28.6337022
          ]
        ]
      }
    },
    {
      "type": "Feature",
      "properties": {
        "id": 611866605,
        "name": "Unnamed Road",
        "highway": "secondary_link",
        "oneway": true,
        "maxspeed": "50"
      },
      "geometry": {
        "type": "LineString",
        "coordinates": [
          [
            77.219034,
            28.6264434
          ],
          [
            77.219272,
            28.6265854
          ]
        ]
      }
    },
    {
      "type": "Feature",
      "properties": {
        "id": 611866606,
        "name": "Unnamed Road",
        "highway": "secondary_link",
        "oneway": true,
        "maxspeed": "50"
      },
      "geometry": {
        "type": "LineString",
        "coordinates": [
          [
            77.219231,
            28.6260908
          ],
          [
            77.219107,
            28.6261803
          ],
          [
            77.21892,
            28.6263256
          ]
        ]
      }
    },
    {
      "type": "Feature",
      "properties": {
        "id": 612734121,
        "name": "Unnamed Road",
        "highway": "residential",
        "oneway": false,
        "maxspeed": "50"
      },
      "geometry": {
        "type": "LineString",
        "coordinates": [
          [
            77.2148357,
            28.6291694
          ],
          [
            77.2146565,
            28.629467
          ],
          [
            77.2144904,
            28.6297429
          ],
          [
            77.2144827,
            28.6297556
          ],
          [
            77.2142771,
            28.6300841
          ],
          [
            77.2141649,
            28.6302742
          ]
        ]
      }
    },
    {
      "type": "Feature",
      "properties": {
        "id": 612734122,
        "name": "Unnamed Road",
        "highway": "residential",
        "oneway": false,
        "maxspeed": "50"
      },
      "geometry": {
        "type": "LineString",
        "coordinates": [
          [
            77.2127589,
            28.6281959
          ],
          [
            77.2129548,
            28.6278123
          ]
        ]
      }
    },
    {
      "type": "Feature",
      "properties": {
        "id": 612734123,
        "name": "Unnamed Road",
        "highway": "residential",
        "oneway": false,
        "maxspeed": "50"
      },
      "geometry": {
        "type": "LineString",
        "coordinates": [
          [
            77.2170525,
            28.6299309
          ],
          [
            77.2167228,
            28.6302235
          ],
          [
            77.2164988,
            28.6304222
          ],
          [
            77.2164754,
            28.630457
          ],
          [
            77.2164683,
            28.6304981
          ],
          [
            77.2164907,
            28.6305382
          ],
          [
            77.2166062,
            28.6306315
          ],
          [
            77.2166253,
            28.6306546
          ],
          [
            77.216632,
            28.6306841
          ],
          [
            77.2166259,
            28.6307098
          ],
          [
            77.2165764,
            28.6307529
          ]
        ]
      }
    },
    {
      "type": "Feature",
      "properties": {
        "id": 612734124,
        "name": "Unnamed Road",
        "highway": "residential",
        "oneway": false,
        "maxspeed": "50"
      },
      "geometry": {
        "type": "LineString",
        "coordinates": [
          [
            77.2168101,
            28.6296771
          ],
          [
            77.2170525,
            28.6299309
          ],
          [
            77.2172108,
            28.6301408
          ],
          [
            77.2172466,
            28.6301883
          ]
        ]
      }
    },
    {
      "type": "Feature",
      "properties": {
        "id": 612734125,
        "name": "Hanuman Lane",
        "highway": "residential",
        "oneway": false,
        "maxspeed": "50"
      },
      "geometry": {
        "type": "LineString",
        "coordinates": [
          [
            77.2144904,
            28.6297429
          ],
          [
            77.2129992,
            28.6290829
          ],
          [
            77.212442,
            28.6288448
          ],
          [
            77.2124259,
            28.6288368
          ],
          [
            77.212415,
            28.628826
          ],
          [
            77.2124081,
            28.6288111
          ],
          [
            77.2124072,
            28.6287963
          ],
          [
            77.2124128,
            28.6287798
          ],
          [
            77.2127589,
            28.6281959
          ]
        ]
      }
    },
    {
      "type": "Feature",
      "properties": {
        "id": 612734126,
        "name": "Unnamed Road",
        "highway": "residential",
        "oneway": false,
        "maxspeed": "50"
      },
      "geometry": {
        "type": "LineString",
        "coordinates": [
          [
            77.2161416,
            28.6297515
          ],
          [
            77.2163268,
            28.6293757
          ],
          [
            77.2163295,
            28.6293585
          ],
          [
            77.2163269,
            28.6293433
          ],
          [
            77.2163173,
            28.6293259
          ],
          [
            77.2162988,
            28.6293105
          ],
          [
            77.2137095,
            28.6281504
          ],
          [
            77.2129548,
            28.6278123
          ],
          [
            77.212884,
            28.6277595
          ],
          [
            77.2128099,
            28.6276781
          ],
          [
            77.2125057,
            28.6272405
          ]
        ]
      }
    },
    {
      "type": "Feature",
      "properties": {
        "id": 612750030,
        "name": "Unnamed Road",
        "highway": "secondary_link",
        "oneway": true,
        "maxspeed": "50"
      },
      "geometry": {
        "type": "LineString",
        "coordinates": [
          [
            77.216396,
            28.6283808
          ],
          [
            77.2163799,
            28.6284897
          ],
          [
            77.2163799,
            28.628503
          ],
          [
            77.216384,
            28.6285162
          ],
          [
            77.2163947,
            28.6285312
          ],
          [
            77.216569,
            28.6287764
          ],
          [
            77.2165845,
            28.6287911
          ],
          [
            77.2166039,
            28.6287981
          ],
          [
            77.2167229,
            28.6288256
          ]
        ]
      }
    },
    {
      "type": "Feature",
      "properties": {
        "id": 612750032,
        "name": "Unnamed Road",
        "highway": "secondary_link",
        "oneway": true,
        "maxspeed": "50"
      },
      "geometry": {
        "type": "LineString",
        "coordinates": [
          [
            77.2169405,
            28.6288764
          ],
          [
            77.2169185,
            28.6287318
          ],
          [
            77.2166664,
            28.6283922
          ],
          [
            77.2165741,
            28.6283967
          ]
        ]
      }
    },
    {
      "type": "Feature",
      "properties": {
        "id": 614071995,
        "name": "Janpath",
        "highway": "secondary",
        "oneway": true,
        "maxspeed": "50"
      },
      "geometry": {
        "type": "LineString",
        "coordinates": [
          [
            77.2193396,
            28.6263065
          ],
          [
            77.2193304,
            28.6262125
          ],
          [
            77.2193238,
            28.6260101
          ]
        ]
      }
    },
    {
      "type": "Feature",
      "properties": {
        "id": 614071999,
        "name": "Janpath",
        "highway": "secondary",
        "oneway": true,
        "maxspeed": "50"
      },
      "geometry": {
        "type": "LineString",
        "coordinates": [
          [
            77.2193691,
            28.6265855
          ],
          [
            77.2193638,
            28.6264348
          ]
        ]
      }
    },
    {
      "type": "Feature",
      "properties": {
        "id": 614072000,
        "name": "Janpath",
        "highway": "secondary",
        "oneway": true,
        "maxspeed": "50"
      },
      "geometry": {
        "type": "LineString",
        "coordinates": [
          [
            77.2192551,
            28.6264435
          ],
          [
            77.219272,
            28.6265854
          ]
        ]
      }
    },
    {
      "type": "Feature",
      "properties": {
        "id": 614072001,
        "name": "Unnamed Road",
        "highway": "secondary_link",
        "oneway": true,
        "maxspeed": "50"
      },
      "geometry": {
        "type": "LineString",
        "coordinates": [
          [
            77.2193689,
            28.6266548
          ],
          [
            77.2194495,
            28.6265762
          ],
          [
            77.2195313,
            28.6265015
          ],
          [
            77.2196132,
            28.6264269
          ]
        ]
      }
    },
    {
      "type": "Feature",
      "properties": {
        "id": 615556515,
        "name": "Baba Kharak Singh Marg",
        "highway": "secondary",
        "oneway": true,
        "maxspeed": "50"
      },
      "geometry": {
        "type": "LineString",
        "coordinates": [
          [
            77.2161249,
            28.6312729
          ],
          [
            77.2164747,
            28.6314483
          ],
          [
            77.2165478,
            28.6315
          ],
          [
            77.2165816,
            28.6315384
          ],
          [
            77.2165999,
            28.6315591
          ],
          [
            77.2166601,
            28.6316729
          ]
        ]
      }
    },
    {
      "type": "Feature",
      "properties": {
        "id": 615556516,
        "name": "Unnamed Road",
        "highway": "residential",
        "oneway": false,
        "maxspeed": "50"
      },
      "geometry": {
        "type": "LineString",
        "coordinates": [
          [
            77.2161249,
            28.6312729
          ],
          [
            77.2160337,
            28.631437
          ],
          [
            77.2159983,
            28.6315006
          ]
        ]
      }
    },
    {
      "type": "Feature",
      "properties": {
        "id": 615556519,
        "name": "Shaheed Bhagat Singh Marg",
        "highway": "tertiary",
        "oneway": true,
        "maxspeed": "50"
      },
      "geometry": {
        "type": "LineString",
        "coordinates": [
          [
            77.215682,
            28.6330539
          ],
          [
            77.2153832,
            28.6330752
          ],
          [
            77.2147323,
            28.6331222
          ],
          [
            77.2145354,
            28.6331356
          ],
          [
            77.2140507,
            28.6331701
          ],
          [
            77.2127579,
            28.6332621
          ],
          [
            77.2106486,
            28.633376
          ],
          [
            77.2098818,
            28.6334156
          ],
          [
            77.2096031,
            28.6334335
          ],
          [
            77.2090799,
            28.6334518
          ],
          [
            77.2086517,
            28.6335117
          ],
          [
            77.2085801,
            28.6335138
          ]
        ]
      }
    },
    {
      "type": "Feature",
      "properties": {
        "id": 660097250,
        "name": "Unnamed Road",
        "highway": "footway",
        "oneway": false,
        "maxspeed": "50"
      },
      "geometry": {
        "type": "LineString",
        "coordinates": [
          [
            77.2196098,
            28.6324927
          ],
          [
            77.219527,
            28.6325673
          ],
          [
            77.2194972,
            28.6327053
          ]
        ]
      }
    },
    {
      "type": "Feature",
      "properties": {
        "id": 660097251,
        "name": "Unnamed Road",
        "highway": "footway",
        "oneway": false,
        "maxspeed": "50"
      },
      "geometry": {
        "type": "LineString",
        "coordinates": [
          [
            77.2194972,
            28.6327053
          ],
          [
            77.219537,
            28.6328011
          ]
        ]
      }
    },
    {
      "type": "Feature",
      "properties": {
        "id": 660097252,
        "name": "Unnamed Road",
        "highway": "steps",
        "oneway": false,
        "maxspeed": "50"
      },
      "geometry": {
        "type": "LineString",
        "coordinates": [
          [
            77.2195651,
            28.6330081
          ],
          [
            77.2195188,
            28.6330181
          ],
          [
            77.2194804,
            28.6330343
          ]
        ]
      }
    },
    {
      "type": "Feature",
      "properties": {
        "id": 660097253,
        "name": "Unnamed Road",
        "highway": "steps",
        "oneway": false,
        "maxspeed": "50"
      },
      "geometry": {
        "type": "LineString",
        "coordinates": [
          [
            77.2194028,
            28.6328245
          ],
          [
            77.2194343,
            28.6327956
          ],
          [
            77.2194618,
            28.6327597
          ]
        ]
      }
    },
    {
      "type": "Feature",
      "properties": {
        "id": 660097254,
        "name": "Unnamed Road",
        "highway": "footway",
        "oneway": false,
        "maxspeed": "50"
      },
      "geometry": {
        "type": "LineString",
        "coordinates": [
          [
            77.2194618,
            28.6327597
          ],
          [
            77.2194972,
            28.6327053
          ]
        ]
      }
    },
    {
      "type": "Feature",
      "properties": {
        "id": 660097255,
        "name": "Unnamed Road",
        "highway": "steps",
        "oneway": false,
        "maxspeed": "50"
      },
      "geometry": {
        "type": "LineString",
        "coordinates": [
          [
            77.2194014,
            28.6330835
          ],
          [
            77.2193746,
            28.6331141
          ],
          [
            77.2193545,
            28.6331447
          ]
        ]
      }
    },
    {
      "type": "Feature",
      "properties": {
        "id": 660097256,
        "name": "Unnamed Road",
        "highway": "footway",
        "oneway": false,
        "maxspeed": "50"
      },
      "geometry": {
        "type": "LineString",
        "coordinates": [
          [
            77.2194987,
            28.6333568
          ],
          [
            77.2194445,
            28.6331804
          ],
          [
            77.2194867,
            28.6331704
          ],
          [
            77.2195314,
            28.6331598
          ],
          [
            77.2195856,
            28.6333363
          ]
        ]
      }
    },
    {
      "type": "Feature",
      "properties": {
        "id": 660097257,
        "name": "Unnamed Road",
        "highway": "footway",
        "oneway": false,
        "maxspeed": "50"
      },
      "geometry": {
        "type": "LineString",
        "coordinates": [
          [
            77.2191544,
            28.6328619
          ],
          [
            77.2192392,
            28.6328916
          ]
        ]
      }
    },
    {
      "type": "Feature",
      "properties": {
        "id": 660372862,
        "name": "Unnamed Road",
        "highway": "footway",
        "oneway": false,
        "maxspeed": "50"
      },
      "geometry": {
        "type": "LineString",
        "coordinates": [
          [
            77.2196777,
            28.632323
          ],
          [
            77.2196098,
            28.6324927
          ]
        ]
      }
    },
    {
      "type": "Feature",
      "properties": {
        "id": 660372864,
        "name": "Unnamed Road",
        "highway": "footway",
        "oneway": false,
        "maxspeed": "50"
      },
      "geometry": {
        "type": "LineString",
        "coordinates": [
          [
            77.2192799,
            28.632738
          ],
          [
            77.2191544,
            28.6328619
          ]
        ]
      }
    },
    {
      "type": "Feature",
      "properties": {
        "id": 660372866,
        "name": "Unnamed Road",
        "highway": "footway",
        "oneway": false,
        "maxspeed": "50"
      },
      "geometry": {
        "type": "LineString",
        "coordinates": [
          [
            77.2194972,
            28.6327053
          ],
          [
            77.2193602,
            28.6327105
          ]
        ]
      }
    },
    {
      "type": "Feature",
      "properties": {
        "id": 660372868,
        "name": "Unnamed Road",
        "highway": "footway",
        "oneway": false,
        "maxspeed": "50"
      },
      "geometry": {
        "type": "LineString",
        "coordinates": [
          [
            77.2195314,
            28.6331598
          ],
          [
            77.2196338,
            28.6330353
          ]
        ]
      }
    },
    {
      "type": "Feature",
      "properties": {
        "id": 660372870,
        "name": "Unnamed Road",
        "highway": "footway",
        "oneway": false,
        "maxspeed": "50"
      },
      "geometry": {
        "type": "LineString",
        "coordinates": [
          [
            77.2193216,
            28.6331974
          ],
          [
            77.2194445,
            28.6331804
          ]
        ]
      }
    },
    {
      "type": "Feature",
      "properties": {
        "id": 660372872,
        "name": "Unnamed Road",
        "highway": "footway",
        "oneway": false,
        "maxspeed": "50"
      },
      "geometry": {
        "type": "LineString",
        "coordinates": [
          [
            77.219608,
            28.6335595
          ],
          [
            77.2196138,
            28.6335782
          ]
        ]
      }
    },
    {
      "type": "Feature",
      "properties": {
        "id": 660372874,
        "name": "Unnamed Road",
        "highway": "footway",
        "oneway": false,
        "maxspeed": "50"
      },
      "geometry": {
        "type": "LineString",
        "coordinates": [
          [
            77.2195337,
            28.6333107
          ],
          [
            77.2195445,
            28.633346
          ]
        ]
      }
    },
    {
      "type": "Feature",
      "properties": {
        "id": 660372876,
        "name": "Unnamed Road",
        "highway": "footway",
        "oneway": false,
        "maxspeed": "50"
      },
      "geometry": {
        "type": "LineString",
        "coordinates": [
          [
            77.2194987,
            28.6333568
          ],
          [
            77.2195171,
            28.6334167
          ],
          [
            77.2195641,
            28.6335699
          ],
          [
            77.219608,
            28.6335595
          ],
          [
            77.219651,
            28.6335493
          ],
          [
            77.219604,
            28.6333962
          ],
          [
            77.2195856,
            28.6333363
          ]
        ]
      }
    },
    {
      "type": "Feature",
      "properties": {
        "id": 660372878,
        "name": "Unnamed Road",
        "highway": "footway",
        "oneway": false,
        "maxspeed": "50"
      },
      "geometry": {
        "type": "LineString",
        "coordinates": [
          [
            77.2191627,
            28.6323641
          ],
          [
            77.2191531,
            28.6323418
          ]
        ]
      }
    },
    {
      "type": "Feature",
      "properties": {
        "id": 660372880,
        "name": "Unnamed Road",
        "highway": "footway",
        "oneway": false,
        "maxspeed": "50"
      },
      "geometry": {
        "type": "LineString",
        "coordinates": [
          [
            77.2192943,
            28.6325586
          ],
          [
            77.2192755,
            28.6325149
          ],
          [
            77.2192041,
            28.6323503
          ],
          [
            77.2191627,
            28.6323641
          ],
          [
            77.2191222,
            28.6323776
          ],
          [
            77.2191921,
            28.6325386
          ],
          [
            77.219213,
            28.632586
          ]
        ]
      }
    },
    {
      "type": "Feature",
      "properties": {
        "id": 660372882,
        "name": "Unnamed Road",
        "highway": "footway",
        "oneway": false,
        "maxspeed": "50"
      },
      "geometry": {
        "type": "LineString",
        "coordinates": [
          [
            77.2192635,
            28.6325935
          ],
          [
            77.2192542,
            28.632572
          ]
        ]
      }
    },
    {
      "type": "Feature",
      "properties": {
        "id": 660372885,
        "name": "Unnamed Road",
        "highway": "steps",
        "oneway": false,
        "maxspeed": "50"
      },
      "geometry": {
        "type": "LineString",
        "coordinates": [
          [
            77.2196138,
            28.6335782
          ],
          [
            77.219641,
            28.6336828
          ]
        ]
      }
    },
    {
      "type": "Feature",
      "properties": {
        "id": 660372887,
        "name": "Unnamed Road",
        "highway": "steps",
        "oneway": false,
        "maxspeed": "50"
      },
      "geometry": {
        "type": "LineString",
        "coordinates": [
          [
            77.2191531,
            28.6323418
          ],
          [
            77.2191095,
            28.6322479
          ]
        ]
      }
    },
    {
      "type": "Feature",
      "properties": {
        "id": 660372890,
        "name": "Unnamed Road",
        "highway": "footway",
        "oneway": false,
        "maxspeed": "50"
      },
      "geometry": {
        "type": "LineString",
        "coordinates": [
          [
            77.2196338,
            28.6330353
          ],
          [
            77.2197568,
            28.6330399
          ],
          [
            77.2198494,
            28.6331011
          ]
        ]
      }
    },
    {
      "type": "Feature",
      "properties": {
        "id": 660372892,
        "name": "Unnamed Road",
        "highway": "footway",
        "oneway": false,
        "maxspeed": "50"
      },
      "geometry": {
        "type": "LineString",
        "coordinates": [
          [
            77.2196338,
            28.6330353
          ],
          [
            77.2195852,
            28.6329093
          ]
        ]
      }
    },
    {
      "type": "Feature",
      "properties": {
        "id": 660372894,
        "name": "Unnamed Road",
        "highway": "footway",
        "oneway": false,
        "maxspeed": "50"
      },
      "geometry": {
        "type": "LineString",
        "coordinates": [
          [
            77.220021,
            28.6331458
          ],
          [
            77.2200007,
            28.6331405
          ],
          [
            77.2198494,
            28.6331011
          ]
        ]
      }
    },
    {
      "type": "Feature",
      "properties": {
        "id": 660372896,
        "name": "Unnamed Road",
        "highway": "steps",
        "oneway": false,
        "maxspeed": "50"
      },
      "geometry": {
        "type": "LineString",
        "coordinates": [
          [
            77.220021,
            28.6331458
          ],
          [
            77.2201042,
            28.6331729
          ]
        ]
      }
    },
    {
      "type": "Feature",
      "properties": {
        "id": 660372898,
        "name": "Unnamed Road",
        "highway": "footway",
        "oneway": false,
        "maxspeed": "50"
      },
      "geometry": {
        "type": "LineString",
        "coordinates": [
          [
            77.2201643,
            28.6331887
          ],
          [
            77.2201042,
            28.6331729
          ]
        ]
      }
    },
    {
      "type": "Feature",
      "properties": {
        "id": 660372900,
        "name": "Unnamed Road",
        "highway": "steps",
        "oneway": false,
        "maxspeed": "50"
      },
      "geometry": {
        "type": "LineString",
        "coordinates": [
          [
            77.2193045,
            28.6326879
          ],
          [
            77.2192635,
            28.6325935
          ]
        ]
      }
    },
    {
      "type": "Feature",
      "properties": {
        "id": 660372902,
        "name": "Unnamed Road",
        "highway": "steps",
        "oneway": false,
        "maxspeed": "50"
      },
      "geometry": {
        "type": "LineString",
        "coordinates": [
          [
            77.2195039,
            28.6332137
          ],
          [
            77.2195337,
            28.6333107
          ]
        ]
      }
    },
    {
      "type": "Feature",
      "properties": {
        "id": 660372905,
        "name": "Unnamed Road",
        "highway": "footway",
        "oneway": false,
        "maxspeed": "50"
      },
      "geometry": {
        "type": "LineString",
        "coordinates": [
          [
            77.2192743,
            28.6332706
          ],
          [
            77.2193216,
            28.6331974
          ]
        ]
      }
    },
    {
      "type": "Feature",
      "properties": {
        "id": 660372907,
        "name": "Unnamed Road",
        "highway": "footway",
        "oneway": false,
        "maxspeed": "50"
      },
      "geometry": {
        "type": "LineString",
        "coordinates": [
          [
            77.2192251,
            28.6334252
          ],
          [
            77.2192848,
            28.6333353
          ],
          [
            77.2192743,
            28.6332706
          ]
        ]
      }
    },
    {
      "type": "Feature",
      "properties": {
        "id": 660372909,
        "name": "Unnamed Road",
        "highway": "steps",
        "oneway": false,
        "maxspeed": "50"
      },
      "geometry": {
        "type": "LineString",
        "coordinates": [
          [
            77.2191415,
            28.6335968
          ],
          [
            77.2191158,
            28.6336496
          ]
        ]
      }
    },
    {
      "type": "Feature",
      "properties": {
        "id": 660372911,
        "name": "Unnamed Road",
        "highway": "footway",
        "oneway": false,
        "maxspeed": "50"
      },
      "geometry": {
        "type": "LineString",
        "coordinates": [
          [
            77.2191415,
            28.6335968
          ],
          [
            77.2191554,
            28.6335683
          ],
          [
            77.2192251,
            28.6334252
          ]
        ]
      }
    },
    {
      "type": "Feature",
      "properties": {
        "id": 660372913,
        "name": "Unnamed Road",
        "highway": "steps",
        "oneway": false,
        "maxspeed": "50"
      },
      "geometry": {
        "type": "LineString",
        "coordinates": [
          [
            77.2196777,
            28.632323
          ],
          [
            77.2196925,
            28.6322818
          ]
        ]
      }
    },
    {
      "type": "Feature",
      "properties": {
        "id": 660372915,
        "name": "Unnamed Road",
        "highway": "footway",
        "oneway": false,
        "maxspeed": "50"
      },
      "geometry": {
        "type": "LineString",
        "coordinates": [
          [
            77.2194972,
            28.6327053
          ],
          [
            77.2195934,
            28.632589
          ],
          [
            77.2196098,
            28.6324927
          ]
        ]
      }
    },
    {
      "type": "Feature",
      "properties": {
        "id": 660372917,
        "name": "Unnamed Road",
        "highway": "footway",
        "oneway": false,
        "maxspeed": "50"
      },
      "geometry": {
        "type": "LineString",
        "coordinates": [
          [
            77.2193193,
            28.6327247
          ],
          [
            77.2193324,
            28.6327587
          ]
        ]
      }
    },
    {
      "type": "Feature",
      "properties": {
        "id": 660372919,
        "name": "Unnamed Road",
        "highway": "footway",
        "oneway": false,
        "maxspeed": "50"
      },
      "geometry": {
        "type": "LineString",
        "coordinates": [
          [
            77.2193602,
            28.6327105
          ],
          [
            77.2193193,
            28.6327247
          ],
          [
            77.2192799,
            28.632738
          ],
          [
            77.219213,
            28.632586
          ],
          [
            77.2192542,
            28.632572
          ],
          [
            77.2192943,
            28.6325586
          ],
          [
            77.2193602,
            28.6327105
          ]
        ]
      }
    },
    {
      "type": "Feature",
      "properties": {
        "id": 660372921,
        "name": "Unnamed Road",
        "highway": "footway",
        "oneway": false,
        "maxspeed": "50"
      },
      "geometry": {
        "type": "LineString",
        "coordinates": [
          [
            77.2194867,
            28.6331704
          ],
          [
            77.2194776,
            28.6331432
          ]
        ]
      }
    },
    {
      "type": "Feature",
      "properties": {
        "id": 660372923,
        "name": "Unnamed Road",
        "highway": "footway",
        "oneway": false,
        "maxspeed": "50"
      },
      "geometry": {
        "type": "LineString",
        "coordinates": [
          [
            77.2193216,
            28.6331974
          ],
          [
            77.2192682,
            28.6330802
          ]
        ]
      }
    },
    {
      "type": "Feature",
      "properties": {
        "id": 660372926,
        "name": "Unnamed Road",
        "highway": "footway",
        "oneway": false,
        "maxspeed": "50"
      },
      "geometry": {
        "type": "LineString",
        "coordinates": [
          [
            77.2193545,
            28.6331447
          ],
          [
            77.2193216,
            28.6331974
          ]
        ]
      }
    },
    {
      "type": "Feature",
      "properties": {
        "id": 660372928,
        "name": "Unnamed Road",
        "highway": "steps",
        "oneway": false,
        "maxspeed": "50"
      },
      "geometry": {
        "type": "LineString",
        "coordinates": [
          [
            77.2194541,
            28.6330727
          ],
          [
            77.2194776,
            28.6331432
          ]
        ]
      }
    },
    {
      "type": "Feature",
      "properties": {
        "id": 660372930,
        "name": "Unnamed Road",
        "highway": "steps",
        "oneway": false,
        "maxspeed": "50"
      },
      "geometry": {
        "type": "LineString",
        "coordinates": [
          [
            77.2193615,
            28.6328294
          ],
          [
            77.2193324,
            28.6327587
          ]
        ]
      }
    },
    {
      "type": "Feature",
      "properties": {
        "id": 660372932,
        "name": "Unnamed Road",
        "highway": "footway",
        "oneway": false,
        "maxspeed": "50"
      },
      "geometry": {
        "type": "LineString",
        "coordinates": [
          [
            77.2187863,
            28.6327513
          ],
          [
            77.2189678,
            28.6328058
          ]
        ]
      }
    },
    {
      "type": "Feature",
      "properties": {
        "id": 660372934,
        "name": "Unnamed Road",
        "highway": "footway",
        "oneway": false,
        "maxspeed": "50"
      },
      "geometry": {
        "type": "LineString",
        "coordinates": [
          [
            77.2191544,
            28.6328619
          ],
          [
            77.2192085,
            28.6329774
          ]
        ]
      }
    },
    {
      "type": "Feature",
      "properties": {
        "id": 660372937,
        "name": "Unnamed Road",
        "highway": "footway",
        "oneway": false,
        "maxspeed": "50"
      },
      "geometry": {
        "type": "LineString",
        "coordinates": [
          [
            77.2191544,
            28.6328619
          ],
          [
            77.2190713,
            28.6328107
          ],
          [
            77.2189678,
            28.6328058
          ]
        ]
      }
    },
    {
      "type": "Feature",
      "properties": {
        "id": 680521246,
        "name": "Unnamed Road",
        "highway": "steps",
        "oneway": false,
        "maxspeed": "50"
      },
      "geometry": {
        "type": "LineString",
        "coordinates": [
          [
            77.2230754,
            28.6331395
          ],
          [
            77.2230729,
            28.6331497
          ],
          [
            77.2230521,
            28.6332354
          ]
        ]
      }
    },
    {
      "type": "Feature",
      "properties": {
        "id": 680521247,
        "name": "Unnamed Road",
        "highway": "steps",
        "oneway": false,
        "maxspeed": "50"
      },
      "geometry": {
        "type": "LineString",
        "coordinates": [
          [
            77.2230654,
            28.6332385
          ],
          [
            77.2230852,
            28.6331569
          ],
          [
            77.2230887,
            28.6331426
          ]
        ]
      }
    },
    {
      "type": "Feature",
      "properties": {
        "id": 686657381,
        "name": "Unnamed Road",
        "highway": "residential",
        "oneway": false,
        "maxspeed": "50"
      },
      "geometry": {
        "type": "LineString",
        "coordinates": [
          [
            77.2178041,
            28.6284221
          ],
          [
            77.2184091,
            28.6283893
          ]
        ]
      }
    },
    {
      "type": "Feature",
      "properties": {
        "id": 686664590,
        "name": "Unnamed Road",
        "highway": "secondary_link",
        "oneway": true,
        "maxspeed": "50"
      },
      "geometry": {
        "type": "LineString",
        "coordinates": [
          [
            77.2155913,
            28.6271877
          ],
          [
            77.2155751,
            28.6270942
          ],
          [
            77.2155854,
            28.6270051
          ],
          [
            77.2156143,
            28.626949
          ],
          [
            77.2156503,
            28.6268926
          ],
          [
            77.2156953,
            28.6268283
          ]
        ]
      }
    },
    {
      "type": "Feature",
      "properties": {
        "id": 686673952,
        "name": "Tolstoy Lane",
        "highway": "residential",
        "oneway": false,
        "maxspeed": "50"
      },
      "geometry": {
        "type": "LineString",
        "coordinates": [
          [
            77.2205815,
            28.6281249
          ],
          [
            77.2208051,
            28.6280585
          ],
          [
            77.2208772,
            28.6277566
          ],
          [
            77.2210572,
            28.6276036
          ],
          [
            77.2213776,
            28.6273954
          ],
          [
            77.2215299,
            28.6272441
          ],
          [
            77.221629,
            28.6271122
          ],
          [
            77.2216382,
            28.6270981
          ],
          [
            77.2218381,
            28.6267903
          ],
          [
            77.2219479,
            28.6266057
          ],
          [
            77.2220229,
            28.6264769
          ],
          [
            77.2221119,
            28.626326
          ]
        ]
      }
    },
    {
      "type": "Feature",
      "properties": {
        "id": 686679598,
        "name": "Unnamed Road",
        "highway": "service",
        "oneway": false,
        "maxspeed": "50"
      },
      "geometry": {
        "type": "LineString",
        "coordinates": [
          [
            77.2192956,
            28.6255439
          ],
          [
            77.2194207,
            28.6255389
          ],
          [
            77.2203924,
            28.6254995
          ],
          [
            77.2204241,
            28.6255027
          ],
          [
            77.2204395,
            28.6255102
          ],
          [
            77.2204486,
            28.6255233
          ],
          [
            77.2204497,
            28.6255501
          ],
          [
            77.2204685,
            28.6259911
          ]
        ]
      }
    },
    {
      "type": "Feature",
      "properties": {
        "id": 686682898,
        "name": "Arya School Lane",
        "highway": "residential",
        "oneway": false,
        "maxspeed": "50"
      },
      "geometry": {
        "type": "LineString",
        "coordinates": [
          [
            77.2129482,
            28.6305163
          ],
          [
            77.2133095,
            28.630675
          ],
          [
            77.2137867,
            28.6308869
          ],
          [
            77.2140058,
            28.6309842
          ],
          [
            77.2143196,
            28.6311235
          ],
          [
            77.2158251,
            28.6317918
          ]
        ]
      }
    },
    {
      "type": "Feature",
      "properties": {
        "id": 686777694,
        "name": "Unnamed Road",
        "highway": "service",
        "oneway": false,
        "maxspeed": "50"
      },
      "geometry": {
        "type": "LineString",
        "coordinates": [
          [
            77.2146322,
            28.63207
          ],
          [
            77.2146402,
            28.6321544
          ],
          [
            77.2147204,
            28.6330015
          ],
          [
            77.2147235,
            28.6330325
          ],
          [
            77.2147323,
            28.6331222
          ]
        ]
      }
    },
    {
      "type": "Feature",
      "properties": {
        "id": 686781072,
        "name": "Unnamed Road",
        "highway": "secondary_link",
        "oneway": true,
        "maxspeed": "50"
      },
      "geometry": {
        "type": "LineString",
        "coordinates": [
          [
            77.222984,
            28.6263473
          ],
          [
            77.223056,
            28.626425
          ],
          [
            77.2230902,
            28.6264686
          ],
          [
            77.2231143,
            28.6265121
          ],
          [
            77.2231445,
            28.6266016
          ],
          [
            77.2231705,
            28.6266901
          ]
        ]
      }
    },
    {
      "type": "Feature",
      "properties": {
        "id": 691982451,
        "name": "Unnamed Road",
        "highway": "corridor",
        "oneway": false,
        "maxspeed": "50"
      },
      "geometry": {
        "type": "LineString",
        "coordinates": [
          [
            77.2179389,
            28.6340712
          ],
          [
            77.218199,
            28.6339082
          ],
          [
            77.2181787,
            28.6338825
          ],
          [
            77.2183808,
            28.6337586
          ],
          [
            77.2184241,
            28.6338034
          ],
          [
            77.2184694,
            28.6338468
          ],
          [
            77.2185067,
            28.63388
          ],
          [
            77.2185165,
            28.6338887
          ],
          [
            77.2185265,
            28.6338969
          ],
          [
            77.2185653,
            28.633929
          ],
          [
            77.2186158,
            28.6339677
          ],
          [
            77.218668,
            28.6340047
          ],
          [
            77.2187213,
            28.6340404
          ],
          [
            77.2187484,
            28.6340558
          ],
          [
            77.2187247,
            28.6340877
          ],
          [
            77.2187907,
            28.634127
          ],
          [
            77.2188592,
            28.6341628
          ],
          [
            77.2189299,
            28.634195
          ],
          [
            77.2190026,
            28.6342236
          ],
          [
            77.2190772,
            28.6342484
          ],
          [
            77.2190921,
            28.6342138
          ],
          [
            77.2191289,
            28.634225
          ],
          [
            77.2191871,
            28.6342446
          ],
          [
            77.2192463,
            28.6342614
          ],
          [
            77.2193065,
            28.6342755
          ],
          [
            77.2193442,
            28.6342825
          ],
          [
            77.2193674,
            28.6342868
          ],
          [
            77.2194289,
            28.6342953
          ],
          [
            77.2194909,
            28.6343009
          ],
          [
            77.2195531,
            28.6343037
          ],
          [
            77.2195839,
            28.6343046
          ],
          [
            77.2195914,
            28.6345341
          ],
          [
            77.2195513,
            28.6345359
          ],
          [
            77.219552,
            28.6345619
          ],
          [
            77.2195546,
            28.6348215
          ]
        ]
      }
    },
    {
      "type": "Feature",
      "properties": {
        "id": 692135031,
        "name": "Unnamed Road",
        "highway": "corridor",
        "oneway": false,
        "maxspeed": "50"
      },
      "geometry": {
        "type": "LineString",
        "coordinates": [
          [
            77.2166548,
            28.6330679
          ],
          [
            77.2166483,
            28.6330032
          ],
          [
            77.216643,
            28.6329531
          ],
          [
            77.2166274,
            28.6327429
          ],
          [
            77.2166939,
            28.6327427
          ],
          [
            77.2167044,
            28.6325415
          ],
          [
            77.2167413,
            28.6323368
          ],
          [
            77.2168067,
            28.6321004
          ],
          [
            77.2168488,
            28.6319733
          ],
          [
            77.2167253,
            28.6319228
          ],
          [
            77.2168279,
            28.6317321
          ],
          [
            77.2170572,
            28.6318275
          ],
          [
            77.2170331,
            28.631871
          ],
          [
            77.2173347,
            28.631999
          ]
        ]
      }
    },
    {
      "type": "Feature",
      "properties": {
        "id": 697766793,
        "name": "Unnamed Road",
        "highway": "residential",
        "oneway": false,
        "maxspeed": "50"
      },
      "geometry": {
        "type": "LineString",
        "coordinates": [
          [
            77.2114963,
            28.6298604
          ],
          [
            77.2114389,
            28.6299742
          ],
          [
            77.2112006,
            28.6303714
          ],
          [
            77.2111536,
            28.6304466
          ],
          [
            77.2109136,
            28.6308305
          ],
          [
            77.2108469,
            28.6308988
          ],
          [
            77.2107364,
            28.630931
          ],
          [
            77.2102047,
            28.6309433
          ]
        ]
      }
    },
    {
      "type": "Feature",
      "properties": {
        "id": 697771791,
        "name": "Unnamed Road",
        "highway": "service",
        "oneway": false,
        "maxspeed": "50"
      },
      "geometry": {
        "type": "LineString",
        "coordinates": [
          [
            77.2117547,
            28.634852
          ],
          [
            77.2117652,
            28.6349362
          ],
          [
            77.2117888,
            28.635007
          ],
          [
            77.2118348,
            28.6350497
          ],
          [
            77.2119233,
            28.6350689
          ]
        ]
      }
    },
    {
      "type": "Feature",
      "properties": {
        "id": 700297011,
        "name": "Unnamed Road",
        "highway": "footway",
        "oneway": false,
        "maxspeed": "50"
      },
      "geometry": {
        "type": "LineString",
        "coordinates": [
          [
            77.2165982,
            28.6266763
          ],
          [
            77.2165968,
            28.6266491
          ]
        ]
      }
    },
    {
      "type": "Feature",
      "properties": {
        "id": 706373643,
        "name": "Unnamed Road",
        "highway": "secondary_link",
        "oneway": true,
        "maxspeed": "50"
      },
      "geometry": {
        "type": "LineString",
        "coordinates": [
          [
            77.2232575,
            28.6267042
          ],
          [
            77.2233698,
            28.6266445
          ],
          [
            77.2234851,
            28.6266316
          ],
          [
            77.2236782,
            28.6266137
          ]
        ]
      }
    },
    {
      "type": "Feature",
      "properties": {
        "id": 706971220,
        "name": "Unnamed Road",
        "highway": "service",
        "oneway": false,
        "maxspeed": "50"
      },
      "geometry": {
        "type": "LineString",
        "coordinates": [
          [
            77.2190602,
            28.6251687
          ],
          [
            77.2191709,
            28.6251657
          ]
        ]
      }
    },
    {
      "type": "Feature",
      "properties": {
        "id": 706971221,
        "name": "Unnamed Road",
        "highway": "service",
        "oneway": false,
        "maxspeed": "50"
      },
      "geometry": {
        "type": "LineString",
        "coordinates": [
          [
            77.2190784,
            28.6253641
          ],
          [
            77.2191835,
            28.6253602
          ]
        ]
      }
    },
    {
      "type": "Feature",
      "properties": {
        "id": 706971222,
        "name": "Unnamed Road",
        "highway": "service",
        "oneway": false,
        "maxspeed": "50"
      },
      "geometry": {
        "type": "LineString",
        "coordinates": [
          [
            77.219107,
            28.6261803
          ],
          [
            77.2191011,
            28.6260114
          ],
          [
            77.2190784,
            28.6253641
          ],
          [
            77.2190602,
            28.6251687
          ],
          [
            77.2190362,
            28.6249122
          ],
          [
            77.2190113,
            28.6246554
          ],
          [
            77.2189874,
            28.6244337
          ]
        ]
      }
    },
    {
      "type": "Feature",
      "properties": {
        "id": 707245217,
        "name": "Unnamed Road",
        "highway": "secondary_link",
        "oneway": true,
        "maxspeed": "50"
      },
      "geometry": {
        "type": "LineString",
        "coordinates": [
          [
            77.2170792,
            28.6315818
          ],
          [
            77.2170049,
            28.6315838
          ],
          [
            77.2169469,
            28.6315844
          ],
          [
            77.2168909,
            28.631585
          ],
          [
            77.2168024,
            28.6315909
          ],
          [
            77.2167528,
            28.6316062
          ],
          [
            77.2166601,
            28.6316729
          ]
        ]
      }
    },
    {
      "type": "Feature",
      "properties": {
        "id": 707566694,
        "name": "Unnamed Road",
        "highway": "residential",
        "oneway": false,
        "maxspeed": "50"
      },
      "geometry": {
        "type": "LineString",
        "coordinates": [
          [
            77.2239806,
            28.6279523
          ],
          [
            77.2238029,
            28.6278294
          ]
        ]
      }
    },
    {
      "type": "Feature",
      "properties": {
        "id": 707566695,
        "name": "Unnamed Road",
        "highway": "residential",
        "oneway": false,
        "maxspeed": "50"
      },
      "geometry": {
        "type": "LineString",
        "coordinates": [
          [
            77.2233121,
            28.6291654
          ],
          [
            77.2239806,
            28.6279523
          ],
          [
            77.2246567,
            28.6284719
          ],
          [
            77.2246951,
            28.6285014
          ],
          [
            77.2248053,
            28.6285861
          ]
        ]
      }
    },
    {
      "type": "Feature",
      "properties": {
        "id": 707566696,
        "name": "Unnamed Road",
        "highway": "residential",
        "oneway": false,
        "maxspeed": "50"
      },
      "geometry": {
        "type": "LineString",
        "coordinates": [
          [
            77.225744,
            28.6280493
          ],
          [
            77.2256538,
            28.6281067
          ],
          [
            77.2253653,
            28.6282902
          ],
          [
            77.2251771,
            28.6284
          ],
          [
            77.2248053,
            28.6285861
          ],
          [
            77.2243903,
            28.6288236
          ],
          [
            77.2243117,
            28.6288686
          ],
          [
            77.2239782,
            28.6290464
          ],
          [
            77.2236434,
            28.6292249
          ],
          [
            77.2235388,
            28.6292508
          ],
          [
            77.2234288,
            28.629239
          ],
          [
            77.2233121,
            28.6291654
          ],
          [
            77.2231658,
            28.6293677
          ],
          [
            77.2230476,
            28.6294858
          ],
          [
            77.2228908,
            28.6296146
          ],
          [
            77.2226204,
            28.6298231
          ]
        ]
      }
    },
    {
      "type": "Feature",
      "properties": {
        "id": 708405195,
        "name": "Unnamed Road",
        "highway": "service",
        "oneway": false,
        "maxspeed": "50"
      },
      "geometry": {
        "type": "LineString",
        "coordinates": [
          [
            77.2199701,
            28.6297981
          ],
          [
            77.2197515,
            28.6297357
          ],
          [
            77.2197233,
            28.6297051
          ],
          [
            77.2196965,
            28.6296604
          ],
          [
            77.2196724,
            28.629618
          ],
          [
            77.2196603,
            28.629558
          ],
          [
            77.2196387,
            28.628983
          ]
        ]
      }
    },
    {
      "type": "Feature",
      "properties": {
        "id": 708405196,
        "name": "Unnamed Road",
        "highway": "service",
        "oneway": false,
        "maxspeed": "50"
      },
      "geometry": {
        "type": "LineString",
        "coordinates": [
          [
            77.2206518,
            28.6299952
          ],
          [
            77.2206618,
            28.6298996
          ]
        ]
      }
    },
    {
      "type": "Feature",
      "properties": {
        "id": 712992070,
        "name": "Janpath",
        "highway": "secondary",
        "oneway": true,
        "maxspeed": "50"
      },
      "geometry": {
        "type": "LineString",
        "coordinates": [
          [
            77.2192455,
            28.6263138
          ],
          [
            77.2192551,
            28.6264435
          ]
        ]
      }
    },
    {
      "type": "Feature",
      "properties": {
        "id": 712992085,
        "name": "Unnamed Road",
        "highway": "footway",
        "oneway": false,
        "maxspeed": "50"
      },
      "geometry": {
        "type": "LineString",
        "coordinates": [
          [
            77.224097,
            28.6248049
          ],
          [
            77.2240029,
            28.6249708
          ],
          [
            77.2236126,
            28.6257113
          ],
          [
            77.2234168,
            28.6260244
          ],
          [
            77.2232934,
            28.6261539
          ],
          [
            77.2231957,
            28.626186
          ],
          [
            77.2230859,
            28.6261912
          ],
          [
            77.2229474,
            28.6261939
          ],
          [
            77.2225715,
            28.6261651
          ],
          [
            77.2222467,
            28.6261725
          ]
        ]
      }
    },
    {
      "type": "Feature",
      "properties": {
        "id": 720112425,
        "name": "Unnamed Road",
        "highway": "secondary_link",
        "oneway": true,
        "maxspeed": "50"
      },
      "geometry": {
        "type": "LineString",
        "coordinates": [
          [
            77.2238129,
            28.6265847
          ],
          [
            77.2237104,
            28.6264762
          ],
          [
            77.2236742,
            28.6264209
          ],
          [
            77.2236434,
            28.626355
          ],
          [
            77.2236139,
            28.6262867
          ],
          [
            77.2235991,
            28.6262196
          ],
          [
            77.2235974,
            28.626091
          ]
        ]
      }
    },
    {
      "type": "Feature",
      "properties": {
        "id": 720546572,
        "name": "Unnamed Road",
        "highway": "service",
        "oneway": false,
        "maxspeed": "50"
      },
      "geometry": {
        "type": "LineString",
        "coordinates": [
          [
            77.2207414,
            28.6337837
          ],
          [
            77.2205701,
            28.6336184
          ]
        ]
      }
    },
    {
      "type": "Feature",
      "properties": {
        "id": 720546574,
        "name": "Unnamed Road",
        "highway": "footway",
        "oneway": false,
        "maxspeed": "50"
      },
      "geometry": {
        "type": "LineString",
        "coordinates": [
          [
            77.218871,
            28.6319791
          ],
          [
            77.2188027,
            28.6320517
          ],
          [
            77.2187326,
            28.6321492
          ],
          [
            77.2186057,
            28.6323323
          ],
          [
            77.2185302,
            28.6325147
          ],
          [
            77.218504,
            28.6326599
          ],
          [
            77.2185111,
            28.6329289
          ],
          [
            77.218562,
            28.633147
          ],
          [
            77.2186706,
            28.6333411
          ],
          [
            77.2188421,
            28.6335546
          ],
          [
            77.2190324,
            28.6336798
          ],
          [
            77.2192194,
            28.6337721
          ],
          [
            77.2194417,
            28.6338412
          ],
          [
            77.2196453,
            28.6338636
          ],
          [
            77.2198443,
            28.6338566
          ],
          [
            77.220101,
            28.6338047
          ],
          [
            77.2202631,
            28.6337454
          ],
          [
            77.2204178,
            28.6336603
          ],
          [
            77.2204632,
            28.6336288
          ],
          [
            77.2205038,
            28.6335966
          ],
          [
            77.2205441,
            28.6335649
          ],
          [
            77.2205798,
            28.6335262
          ],
          [
            77.2206426,
            28.6334653
          ],
          [
            77.2207501,
            28.633337
          ],
          [
            77.2208288,
            28.633181
          ],
          [
            77.2208997,
            28.6329613
          ],
          [
            77.220909,
            28.6327652
          ],
          [
            77.220887,
            28.6325701
          ],
          [
            77.2208119,
            28.6323758
          ],
          [
            77.2206846,
            28.6321746
          ],
          [
            77.2204632,
            28.6319649
          ],
          [
            77.2202327,
            28.6318246
          ],
          [
            77.2200913,
            28.6317651
          ],
          [
            77.219985,
            28.6317371
          ],
          [
            77.2198472,
            28.6317099
          ],
          [
            77.2197735,
            28.6317017
          ],
          [
            77.2196638,
            28.631696
          ],
          [
            77.2196071,
            28.6316968
          ],
          [
            77.2194912,
            28.6317095
          ],
          [
            77.2193681,
            28.6317327
          ],
          [
            77.2192176,
            28.631792
          ],
          [
            77.2189995,
            28.6318912
          ],
          [
            77.218871,
            28.6319791
          ]
        ]
      }
    },
    {
      "type": "Feature",
      "properties": {
        "id": 720546575,
        "name": "Unnamed Road",
        "highway": "footway",
        "oneway": false,
        "maxspeed": "50"
      },
      "geometry": {
        "type": "LineString",
        "coordinates": [
          [
            77.2205798,
            28.6335262
          ],
          [
            77.2205723,
            28.6335193
          ],
          [
            77.2205603,
            28.6335073
          ]
        ]
      }
    },
    {
      "type": "Feature",
      "properties": {
        "id": 720735031,
        "name": "Unnamed Road",
        "highway": "footway",
        "oneway": false,
        "maxspeed": "50"
      },
      "geometry": {
        "type": "LineString",
        "coordinates": [
          [
            77.2204935,
            28.6341233
          ],
          [
            77.2206138,
            28.634046
          ],
          [
            77.2206792,
            28.634004
          ]
        ]
      }
    },
    {
      "type": "Feature",
      "properties": {
        "id": 720735032,
        "name": "Unnamed Road",
        "highway": "footway",
        "oneway": false,
        "maxspeed": "50"
      },
      "geometry": {
        "type": "LineString",
        "coordinates": [
          [
            77.2207506,
            28.6336414
          ],
          [
            77.2208322,
            28.6336878
          ],
          [
            77.2209308,
            28.6337507
          ],
          [
            77.2209427,
            28.6337609
          ]
        ]
      }
    },
    {
      "type": "Feature",
      "properties": {
        "id": 720735033,
        "name": "Unnamed Road",
        "highway": "service",
        "oneway": false,
        "maxspeed": "50"
      },
      "geometry": {
        "type": "LineString",
        "coordinates": [
          [
            77.2209547,
            28.6335254
          ],
          [
            77.2208944,
            28.6336146
          ],
          [
            77.2208322,
            28.6336878
          ],
          [
            77.2207414,
            28.6337837
          ],
          [
            77.2206837,
            28.6338271
          ],
          [
            77.2206566,
            28.6338475
          ]
        ]
      }
    },
    {
      "type": "Feature",
      "properties": {
        "id": 720735034,
        "name": "Unnamed Road",
        "highway": "footway",
        "oneway": false,
        "maxspeed": "50"
      },
      "geometry": {
        "type": "LineString",
        "coordinates": [
          [
            77.2209427,
            28.6337609
          ],
          [
            77.2209727,
            28.6337806
          ]
        ]
      }
    },
    {
      "type": "Feature",
      "properties": {
        "id": 735071368,
        "name": "Unnamed Road",
        "highway": "footway",
        "oneway": false,
        "maxspeed": "50"
      },
      "geometry": {
        "type": "LineString",
        "coordinates": [
          [
            77.2194207,
            28.6255389
          ],
          [
            77.2194393,
            28.6257442
          ],
          [
            77.2195151,
            28.6257287
          ]
        ]
      }
    },
    {
      "type": "Feature",
      "properties": {
        "id": 758521064,
        "name": "Unnamed Road",
        "highway": "corridor",
        "oneway": false,
        "maxspeed": "50"
      },
      "geometry": {
        "type": "LineString",
        "coordinates": [
          [
            77.2177576,
            28.6341692
          ],
          [
            77.2173945,
            28.6343826
          ],
          [
            77.2173584,
            28.6344038
          ]
        ]
      }
    },
    {
      "type": "Feature",
      "properties": {
        "id": 760480736,
        "name": "Outer Circle",
        "highway": "secondary",
        "oneway": true,
        "maxspeed": "50"
      },
      "geometry": {
        "type": "LineString",
        "coordinates": [
          [
            77.2224344,
            28.631252
          ],
          [
            77.222269,
            28.6310064
          ]
        ]
      }
    },
    {
      "type": "Feature",
      "properties": {
        "id": 760480737,
        "name": "Unnamed Road",
        "highway": "secondary",
        "oneway": true,
        "maxspeed": "50"
      },
      "geometry": {
        "type": "LineString",
        "coordinates": [
          [
            77.2224344,
            28.631252
          ],
          [
            77.222658,
            28.6311245
          ]
        ]
      }
    },
    {
      "type": "Feature",
      "properties": {
        "id": 773589814,
        "name": "Unnamed Road",
        "highway": "service",
        "oneway": false,
        "maxspeed": "50"
      },
      "geometry": {
        "type": "LineString",
        "coordinates": [
          [
            77.2238048,
            28.6371557
          ],
          [
            77.2236326,
            28.6370408
          ],
          [
            77.2234435,
            28.6368807
          ],
          [
            77.2232576,
            28.636672
          ],
          [
            77.2232035,
            28.6365535
          ],
          [
            77.2232048,
            28.6364346
          ],
          [
            77.2233081,
            28.6362627
          ],
          [
            77.2234131,
            28.6361632
          ],
          [
            77.2234248,
            28.6361521
          ],
          [
            77.2235535,
            28.6360318
          ],
          [
            77.2237206,
            28.6358869
          ],
          [
            77.2238795,
            28.6357417
          ],
          [
            77.2240505,
            28.6355841
          ],
          [
            77.2242039,
            28.6354529
          ],
          [
            77.224357,
            28.6353021
          ],
          [
            77.2242985,
            28.635227
          ],
          [
            77.2242803,
            28.6351734
          ],
          [
            77.2243001,
            28.6351316
          ],
          [
            77.2245741,
            28.6349291
          ],
          [
            77.2247779,
            28.6348102
          ],
          [
            77.2251749,
            28.6345666
          ],
          [
            77.2256416,
            28.6343217
          ],
          [
            77.2263809,
            28.6339807
          ],
          [
            77.2264013,
            28.6339549
          ],
          [
            77.2263982,
            28.6339174
          ],
          [
            77.2263752,
            28.6338644
          ],
          [
            77.2263754,
            28.633814
          ],
          [
            77.2264212,
            28.633771
          ],
          [
            77.2265388,
            28.6337026
          ],
          [
            77.2268064,
            28.6335946
          ],
          [
            77.2270444,
            28.6335213
          ],
          [
            77.2271999,
            28.6334881
          ],
          [
            77.227354,
            28.633447
          ],
          [
            77.2274404,
            28.6334157
          ],
          [
            77.2275505,
            28.6333758
          ],
          [
            77.2279564,
            28.6331788
          ]
        ]
      }
    },
    {
      "type": "Feature",
      "properties": {
        "id": 773816585,
        "name": "Unnamed Road",
        "highway": "residential",
        "oneway": false,
        "maxspeed": "50"
      },
      "geometry": {
        "type": "LineString",
        "coordinates": [
          [
            77.2090213,
            28.6327294
          ],
          [
            77.2090528,
            28.6327272
          ],
          [
            77.2090929,
            28.6327244
          ],
          [
            77.209517,
            28.632695
          ],
          [
            77.2098727,
            28.6326704
          ],
          [
            77.2102645,
            28.6326432
          ]
        ]
      }
    },
    {
      "type": "Feature",
      "properties": {
        "id": 778204102,
        "name": "Unnamed Road",
        "highway": "footway",
        "oneway": false,
        "maxspeed": "50"
      },
      "geometry": {
        "type": "LineString",
        "coordinates": [
          [
            77.2180358,
            28.6301685
          ],
          [
            77.2179195,
            28.630394
          ],
          [
            77.2176484,
            28.6303643
          ]
        ]
      }
    },
    {
      "type": "Feature",
      "properties": {
        "id": 778204103,
        "name": "Unnamed Road",
        "highway": "steps",
        "oneway": false,
        "maxspeed": "50"
      },
      "geometry": {
        "type": "LineString",
        "coordinates": [
          [
            77.2193233,
            28.629736
          ],
          [
            77.2193212,
            28.6296234
          ]
        ]
      }
    },
    {
      "type": "Feature",
      "properties": {
        "id": 778204104,
        "name": "Unnamed Road",
        "highway": "footway",
        "oneway": false,
        "maxspeed": "50"
      },
      "geometry": {
        "type": "LineString",
        "coordinates": [
          [
            77.2193169,
            28.62976
          ],
          [
            77.2194863,
            28.6299474
          ],
          [
            77.2196194,
            28.6300942
          ]
        ]
      }
    },
    {
      "type": "Feature",
      "properties": {
        "id": 778204105,
        "name": "Unnamed Road",
        "highway": "steps",
        "oneway": false,
        "maxspeed": "50"
      },
      "geometry": {
        "type": "LineString",
        "coordinates": [
          [
            77.2176484,
            28.6303643
          ],
          [
            77.2175584,
            28.6304302
          ]
        ]
      }
    },
    {
      "type": "Feature",
      "properties": {
        "id": 778204106,
        "name": "Unnamed Road",
        "highway": "footway",
        "oneway": false,
        "maxspeed": "50"
      },
      "geometry": {
        "type": "LineString",
        "coordinates": [
          [
            77.2193046,
            28.6297358
          ],
          [
            77.2193169,
            28.62976
          ],
          [
            77.2193233,
            28.629736
          ]
        ]
      }
    },
    {
      "type": "Feature",
      "properties": {
        "id": 778204107,
        "name": "Unnamed Road",
        "highway": "steps",
        "oneway": false,
        "maxspeed": "50"
      },
      "geometry": {
        "type": "LineString",
        "coordinates": [
          [
            77.2193025,
            28.6296232
          ],
          [
            77.2193046,
            28.6297358
          ]
        ]
      }
    },
    {
      "type": "Feature",
      "properties": {
        "id": 778204108,
        "name": "Unnamed Road",
        "highway": "steps",
        "oneway": false,
        "maxspeed": "50"
      },
      "geometry": {
        "type": "LineString",
        "coordinates": [
          [
            77.2198539,
            28.6297774
          ],
          [
            77.2197272,
            28.6297592
          ]
        ]
      }
    },
    {
      "type": "Feature",
      "properties": {
        "id": 778204109,
        "name": "Unnamed Road",
        "highway": "steps",
        "oneway": false,
        "maxspeed": "50"
      },
      "geometry": {
        "type": "LineString",
        "coordinates": [
          [
            77.219168,
            28.6297865
          ],
          [
            77.2193169,
            28.62976
          ]
        ]
      }
    },
    {
      "type": "Feature",
      "properties": {
        "id": 778204110,
        "name": "Unnamed Road",
        "highway": "steps",
        "oneway": false,
        "maxspeed": "50"
      },
      "geometry": {
        "type": "LineString",
        "coordinates": [
          [
            77.2180358,
            28.6301685
          ],
          [
            77.2181775,
            28.6301411
          ]
        ]
      }
    },
    {
      "type": "Feature",
      "properties": {
        "id": 778204111,
        "name": "Unnamed Road",
        "highway": "footway",
        "oneway": false,
        "maxspeed": "50"
      },
      "geometry": {
        "type": "LineString",
        "coordinates": [
          [
            77.2197272,
            28.6297592
          ],
          [
            77.2196607,
            28.6297473
          ],
          [
            77.2196595,
            28.6296875
          ]
        ]
      }
    },
    {
      "type": "Feature",
      "properties": {
        "id": 778204112,
        "name": "Unnamed Road",
        "highway": "steps",
        "oneway": false,
        "maxspeed": "50"
      },
      "geometry": {
        "type": "LineString",
        "coordinates": [
          [
            77.2196574,
            28.6295749
          ],
          [
            77.2196595,
            28.6296875
          ]
        ]
      }
    },
    {
      "type": "Feature",
      "properties": {
        "id": 778207710,
        "name": "Unnamed Road",
        "highway": "footway",
        "oneway": false,
        "maxspeed": "50"
      },
      "geometry": {
        "type": "LineString",
        "coordinates": [
          [
            77.2213774,
            28.6300882
          ],
          [
            77.2212562,
            28.6301713
          ],
          [
            77.2212535,
            28.6303314
          ]
        ]
      }
    },
    {
      "type": "Feature",
      "properties": {
        "id": 778207711,
        "name": "Unnamed Road",
        "highway": "service",
        "oneway": false,
        "maxspeed": "50"
      },
      "geometry": {
        "type": "LineString",
        "coordinates": [
          [
            77.2219807,
            28.6294731
          ],
          [
            77.2221725,
            28.6291523
          ]
        ]
      }
    },
    {
      "type": "Feature",
      "properties": {
        "id": 778207712,
        "name": "Unnamed Road",
        "highway": "service",
        "oneway": false,
        "maxspeed": "50"
      },
      "geometry": {
        "type": "LineString",
        "coordinates": [
          [
            77.2219121,
            28.6290312
          ],
          [
            77.2220611,
            28.6290984
          ],
          [
            77.2221725,
            28.6291523
          ],
          [
            77.2228456,
            28.6294485
          ],
          [
            77.222853,
            28.6294572
          ],
          [
            77.2228558,
            28.6294705
          ],
          [
            77.2228512,
            28.6294863
          ],
          [
            77.2228015,
            28.6295464
          ],
          [
            77.2226188,
            28.6297677
          ]
        ]
      }
    },
    {
      "type": "Feature",
      "properties": {
        "id": 778207714,
        "name": "Unnamed Road",
        "highway": "service",
        "oneway": false,
        "maxspeed": "50"
      },
      "geometry": {
        "type": "LineString",
        "coordinates": [
          [
            77.2217266,
            28.6293617
          ],
          [
            77.2218776,
            28.629425
          ],
          [
            77.2219807,
            28.6294731
          ],
          [
            77.2226188,
            28.6297677
          ]
        ]
      }
    },
    {
      "type": "Feature",
      "properties": {
        "id": 778207715,
        "name": "Unnamed Road",
        "highway": "steps",
        "oneway": false,
        "maxspeed": "50"
      },
      "geometry": {
        "type": "LineString",
        "coordinates": [
          [
            77.2214062,
            28.6300633
          ],
          [
            77.2214451,
            28.629967
          ]
        ]
      }
    },
    {
      "type": "Feature",
      "properties": {
        "id": 915035150,
        "name": "Unnamed Road",
        "highway": "service",
        "oneway": true,
        "maxspeed": "50"
      },
      "geometry": {
        "type": "LineString",
        "coordinates": [
          [
            77.219285,
            28.6269079
          ],
          [
            77.2192537,
            28.6269061
          ],
          [
            77.2192293,
            28.6269049
          ],
          [
            77.2188252,
            28.6269345
          ],
          [
            77.2187899,
            28.6269208
          ],
          [
            77.2187764,
            28.6268973
          ],
          [
            77.2187648,
            28.6266945
          ],
          [
            77.2187463,
            28.6266737
          ],
          [
            77.2187161,
            28.6266633
          ],
          [
            77.2182249,
            28.62669
          ],
          [
            77.2178825,
            28.6266987
          ],
          [
            77.2178166,
            28.6267004
          ],
          [
            77.217748,
            28.6266914
          ],
          [
            77.2176908,
            28.6266615
          ],
          [
            77.2176507,
            28.6266138
          ],
          [
            77.2176408,
            28.62655
          ],
          [
            77.2176633,
            28.6264857
          ],
          [
            77.2177067,
            28.6264294
          ],
          [
            77.2178624,
            28.6263215
          ]
        ]
      }
    },
    {
      "type": "Feature",
      "properties": {
        "id": 915035151,
        "name": "Unnamed Road",
        "highway": "footway",
        "oneway": false,
        "maxspeed": "50"
      },
      "geometry": {
        "type": "LineString",
        "coordinates": [
          [
            77.2182649,
            28.6264953
          ],
          [
            77.2182249,
            28.62669
          ]
        ]
      }
    },
    {
      "type": "Feature",
      "properties": {
        "id": 970566724,
        "name": "Unnamed Road",
        "highway": "service",
        "oneway": false,
        "maxspeed": "50"
      },
      "geometry": {
        "type": "LineString",
        "coordinates": [
          [
            77.2185715,
            28.6282335
          ],
          [
            77.2189793,
            28.6282136
          ],
          [
            77.219012,
            28.6282026
          ],
          [
            77.219049,
            28.6281784
          ],
          [
            77.2190652,
            28.6281497
          ],
          [
            77.2190539,
            28.6278898
          ],
          [
            77.2190508,
            28.6278198
          ],
          [
            77.2190409,
            28.6275933
          ],
          [
            77.2190287,
            28.6273136
          ]
        ]
      }
    },
    {
      "type": "Feature",
      "properties": {
        "id": 970569214,
        "name": "Unnamed Road",
        "highway": "service",
        "oneway": false,
        "maxspeed": "50"
      },
      "geometry": {
        "type": "LineString",
        "coordinates": [
          [
            77.2196405,
            28.6281693
          ],
          [
            77.2197796,
            28.6281597
          ]
        ]
      }
    },
    {
      "type": "Feature",
      "properties": {
        "id": 970569215,
        "name": "Unnamed Road",
        "highway": "footway",
        "oneway": false,
        "maxspeed": "50"
      },
      "geometry": {
        "type": "LineString",
        "coordinates": [
          [
            77.2193779,
            28.6282883
          ],
          [
            77.2194826,
            28.6282868
          ]
        ]
      }
    },
    {
      "type": "Feature",
      "properties": {
        "id": 976570052,
        "name": "Unnamed Road",
        "highway": "footway",
        "oneway": false,
        "maxspeed": "50"
      },
      "geometry": {
        "type": "LineString",
        "coordinates": [
          [
            77.2196285,
            28.6301101
          ],
          [
            77.2196194,
            28.6300942
          ],
          [
            77.2196107,
            28.6301107
          ]
        ]
      }
    },
    {
      "type": "Feature",
      "properties": {
        "id": 976570053,
        "name": "Unnamed Road",
        "highway": "steps",
        "oneway": false,
        "maxspeed": "50"
      },
      "geometry": {
        "type": "LineString",
        "coordinates": [
          [
            77.2196107,
            28.6301107
          ],
          [
            77.2196108,
            28.6301714
          ]
        ]
      }
    },
    {
      "type": "Feature",
      "properties": {
        "id": 976570054,
        "name": "Unnamed Road",
        "highway": "steps",
        "oneway": false,
        "maxspeed": "50"
      },
      "geometry": {
        "type": "LineString",
        "coordinates": [
          [
            77.2196309,
            28.6301717
          ],
          [
            77.2196285,
            28.6301101
          ]
        ]
      }
    },
    {
      "type": "Feature",
      "properties": {
        "id": 976570055,
        "name": "Unnamed Road",
        "highway": "footway",
        "oneway": false,
        "maxspeed": "50"
      },
      "geometry": {
        "type": "LineString",
        "coordinates": [
          [
            77.2193836,
            28.6300738
          ],
          [
            77.2194863,
            28.6299474
          ],
          [
            77.2196607,
            28.6297473
          ]
        ]
      }
    },
    {
      "type": "Feature",
      "properties": {
        "id": 976570056,
        "name": "Unnamed Road",
        "highway": "steps",
        "oneway": false,
        "maxspeed": "50"
      },
      "geometry": {
        "type": "LineString",
        "coordinates": [
          [
            77.2193836,
            28.6300738
          ],
          [
            77.2193873,
            28.6301385
          ]
        ]
      }
    },
    {
      "type": "Feature",
      "properties": {
        "id": 976572678,
        "name": "Unnamed Road",
        "highway": "corridor",
        "oneway": false,
        "maxspeed": "50"
      },
      "geometry": {
        "type": "LineString",
        "coordinates": [
          [
            77.2216238,
            28.6314075
          ],
          [
            77.2220609,
            28.6311542
          ],
          [
            77.2219864,
            28.6310547
          ],
          [
            77.2219066,
            28.6309711
          ],
          [
            77.2217893,
            28.6308746
          ],
          [
            77.221686,
            28.6307946
          ],
          [
            77.2215331,
            28.630691
          ],
          [
            77.22145,
            28.6306498
          ],
          [
            77.2213273,
            28.6305844
          ],
          [
            77.2212879,
            28.6305666
          ],
          [
            77.2213263,
            28.6305235
          ],
          [
            77.2210392,
            28.6304151
          ],
          [
            77.2208015,
            28.6303011
          ],
          [
            77.2207892,
            28.6303255
          ],
          [
            77.2205238,
            28.6302311
          ],
          [
            77.2203827,
            28.6301993
          ],
          [
            77.2202246,
            28.6301645
          ],
          [
            77.2200687,
            28.6301434
          ],
          [
            77.2199304,
            28.6301324
          ],
          [
            77.2199258,
            28.6300419
          ],
          [
            77.2196997,
            28.6300463
          ],
          [
            77.2197077,
            28.6302533
          ],
          [
            77.2197702,
            28.6302514
          ],
          [
            77.2197853,
            28.630578
          ],
          [
            77.2197345,
            28.6305836
          ],
          [
            77.2197359,
            28.6306228
          ]
        ]
      }
    },
    {
      "type": "Feature",
      "properties": {
        "id": 976584933,
        "name": "Unnamed Road",
        "highway": "corridor",
        "oneway": false,
        "maxspeed": "50"
      },
      "geometry": {
        "type": "LineString",
        "coordinates": [
          [
            77.221784,
            28.631874
          ],
          [
            77.2214665,
            28.6320489
          ],
          [
            77.2214258,
            28.6320009
          ],
          [
            77.2212142,
            28.6321125
          ],
          [
            77.2213327,
            28.6323187
          ],
          [
            77.2213792,
            28.6325193
          ],
          [
            77.2214284,
            28.6325163
          ],
          [
            77.2214367,
            28.6325778
          ],
          [
            77.2214418,
            28.6326154
          ],
          [
            77.2214503,
            28.6328317
          ],
          [
            77.2214472,
            28.6329166
          ],
          [
            77.2213854,
            28.6329171
          ],
          [
            77.2213791,
            28.633013
          ],
          [
            77.2213564,
            28.6331414
          ],
          [
            77.2213239,
            28.6332649
          ],
          [
            77.2213001,
            28.6333178
          ],
          [
            77.2212902,
            28.6333304
          ]
        ]
      }
    },
    {
      "type": "Feature",
      "properties": {
        "id": 976718983,
        "name": "Unnamed Road",
        "highway": "corridor",
        "oneway": false,
        "maxspeed": "50"
      },
      "geometry": {
        "type": "LineString",
        "coordinates": [
          [
            77.2200578,
            28.6348227
          ],
          [
            77.2200447,
            28.6345556
          ],
          [
            77.220044,
            28.6345029
          ],
          [
            77.2199793,
            28.6345033
          ],
          [
            77.2199712,
            28.6342968
          ],
          [
            77.2200535,
            28.6342842
          ],
          [
            77.2201488,
            28.6342608
          ],
          [
            77.2202371,
            28.6342327
          ],
          [
            77.2203191,
            28.6342025
          ],
          [
            77.2203922,
            28.6341739
          ],
          [
            77.2204483,
            28.6341524
          ],
          [
            77.2205774,
            28.6343289
          ],
          [
            77.2205325,
            28.6343505
          ],
          [
            77.2205608,
            28.6343891
          ],
          [
            77.2207319,
            28.6346203
          ],
          [
            77.2205815,
            28.6346917
          ],
          [
            77.2204519,
            28.6347379
          ],
          [
            77.2204309,
            28.634744
          ],
          [
            77.220233,
            28.6348013
          ],
          [
            77.2201144,
            28.6348211
          ],
          [
            77.2200578,
            28.6348227
          ]
        ]
      }
    },
    {
      "type": "Feature",
      "properties": {
        "id": 993539970,
        "name": "Unnamed Road",
        "highway": "residential",
        "oneway": false,
        "maxspeed": "50"
      },
      "geometry": {
        "type": "LineString",
        "coordinates": [
          [
            77.2114389,
            28.6299742
          ],
          [
            77.2109891,
            28.6297677
          ],
          [
            77.2104759,
            28.6295358
          ],
          [
            77.2101813,
            28.6294043
          ]
        ]
      }
    },
    {
      "type": "Feature",
      "properties": {
        "id": 993539971,
        "name": "Unnamed Road",
        "highway": "residential",
        "oneway": false,
        "maxspeed": "50"
      },
      "geometry": {
        "type": "LineString",
        "coordinates": [
          [
            77.2082759,
            28.6288297
          ],
          [
            77.2084788,
            28.6289045
          ],
          [
            77.2084908,
            28.6289089
          ],
          [
            77.2088744,
            28.6290504
          ],
          [
            77.2092008,
            28.6291708
          ],
          [
            77.2097543,
            28.6293749
          ],
          [
            77.2097847,
            28.6293861
          ],
          [
            77.2101138,
            28.6295075
          ]
        ]
      }
    },
    {
      "type": "Feature",
      "properties": {
        "id": 993855709,
        "name": "Unnamed Road",
        "highway": "service",
        "oneway": true,
        "maxspeed": "50"
      },
      "geometry": {
        "type": "LineString",
        "coordinates": [
          [
            77.212459,
            28.6262081
          ],
          [
            77.2123775,
            28.62637
          ],
          [
            77.212343,
            28.6264299
          ]
        ]
      }
    },
    {
      "type": "Feature",
      "properties": {
        "id": 993855710,
        "name": "Unnamed Road",
        "highway": "service",
        "oneway": false,
        "maxspeed": "50"
      },
      "geometry": {
        "type": "LineString",
        "coordinates": [
          [
            77.212343,
            28.6264299
          ],
          [
            77.2124893,
            28.6264963
          ],
          [
            77.2127407,
            28.6266156
          ]
        ]
      }
    },
    {
      "type": "Feature",
      "properties": {
        "id": 993855711,
        "name": "Unnamed Road",
        "highway": "service",
        "oneway": false,
        "maxspeed": "50"
      },
      "geometry": {
        "type": "LineString",
        "coordinates": [
          [
            77.212613,
            28.6262669
          ],
          [
            77.2125258,
            28.6264347
          ],
          [
            77.2124893,
            28.6264963
          ]
        ]
      }
    },
    {
      "type": "Feature",
      "properties": {
        "id": 995792201,
        "name": "Unnamed Road",
        "highway": "footway",
        "oneway": false,
        "maxspeed": "50"
      },
      "geometry": {
        "type": "LineString",
        "coordinates": [
          [
            77.2215281,
            28.6260936
          ],
          [
            77.2216224,
            28.6260878
          ],
          [
            77.2217128,
            28.6260823
          ]
        ]
      }
    },
    {
      "type": "Feature",
      "properties": {
        "id": 995792405,
        "name": "Atul Grove Road",
        "highway": "residential",
        "oneway": true,
        "maxspeed": "50"
      },
      "geometry": {
        "type": "LineString",
        "coordinates": [
          [
            77.2215881,
            28.6256844
          ],
          [
            77.2215727,
            28.6257433
          ],
          [
            77.2215965,
            28.6260258
          ],
          [
            77.2216224,
            28.6260878
          ]
        ]
      }
    },
    {
      "type": "Feature",
      "properties": {
        "id": 995792406,
        "name": "Atul Grove Road",
        "highway": "residential",
        "oneway": false,
        "maxspeed": "50"
      },
      "geometry": {
        "type": "LineString",
        "coordinates": [
          [
            77.2215881,
            28.6256844
          ],
          [
            77.2215316,
            28.6250192
          ],
          [
            77.2215136,
            28.6248825
          ],
          [
            77.2215075,
            28.6247352
          ],
          [
            77.2214874,
            28.6244988
          ],
          [
            77.2214768,
            28.6242334
          ],
          [
            77.2214704,
            28.6240742
          ],
          [
            77.2215128,
            28.623932
          ],
          [
            77.2216258,
            28.6237893
          ],
          [
            77.2217845,
            28.623724
          ],
          [
            77.2219782,
            28.6237156
          ],
          [
            77.2221704,
            28.6237632
          ],
          [
            77.2232843,
            28.6242656
          ],
          [
            77.2241677,
            28.6246819
          ],
          [
            77.2242619,
            28.6247267
          ]
        ]
      }
    },
    {
      "type": "Feature",
      "properties": {
        "id": 995792407,
        "name": "Atul Grove Road",
        "highway": "residential",
        "oneway": true,
        "maxspeed": "50"
      },
      "geometry": {
        "type": "LineString",
        "coordinates": [
          [
            77.2216224,
            28.6260878
          ],
          [
            77.2216395,
            28.6260158
          ],
          [
            77.2216217,
            28.6257444
          ],
          [
            77.2215881,
            28.6256844
          ]
        ]
      }
    },
    {
      "type": "Feature",
      "properties": {
        "id": 995793691,
        "name": "Unnamed Road",
        "highway": "secondary_link",
        "oneway": true,
        "maxspeed": "50"
      },
      "geometry": {
        "type": "LineString",
        "coordinates": [
          [
            77.2235514,
            28.6259878
          ],
          [
            77.2233735,
            28.6261521
          ],
          [
            77.2232843,
            28.6262049
          ],
          [
            77.2231746,
            28.6262284
          ],
          [
            77.2225908,
            28.6261949
          ],
          [
            77.2223841,
            28.6262102
          ]
        ]
      }
    },
    {
      "type": "Feature",
      "properties": {
        "id": 995793692,
        "name": "Tolstoy Marg",
        "highway": "secondary",
        "oneway": true,
        "maxspeed": "50"
      },
      "geometry": {
        "type": "LineString",
        "coordinates": [
          [
            77.2223841,
            28.6262102
          ],
          [
            77.2222295,
            28.6262041
          ],
          [
            77.2218758,
            28.6261831
          ],
          [
            77.2216316,
            28.6261952
          ],
          [
            77.2207815,
            28.6262311
          ],
          [
            77.2206641,
            28.6262372
          ],
          [
            77.2204702,
            28.6262472
          ],
          [
            77.2202908,
            28.6262575
          ],
          [
            77.2197391,
            28.6262893
          ],
          [
            77.2196953,
            28.6262918
          ]
        ]
      }
    },
    {
      "type": "Feature",
      "properties": {
        "id": 996679779,
        "name": "Sansad Marg",
        "highway": "secondary",
        "oneway": true,
        "maxspeed": "50"
      },
      "geometry": {
        "type": "LineString",
        "coordinates": [
          [
            77.2153661,
            28.6269024
          ],
          [
            77.2153221,
            28.6268468
          ],
          [
            77.2151697,
            28.6266478
          ],
          [
            77.215048,
            28.6264888
          ],
          [
            77.2150364,
            28.6264736
          ],
          [
            77.2149337,
            28.6263101
          ],
          [
            77.2146385,
            28.62584
          ],
          [
            77.2145456,
            28.6256919
          ],
          [
            77.2142058,
            28.6252021
          ],
          [
            77.2138409,
            28.6247208
          ],
          [
            77.213487,
            28.624254
          ],
          [
            77.2132512,
            28.623943
          ],
          [
            77.2131615,
            28.6237755
          ],
          [
            77.2131594,
            28.6235884
          ]
        ]
      }
    },
    {
      "type": "Feature",
      "properties": {
        "id": 997761542,
        "name": "Unnamed Road",
        "highway": "residential",
        "oneway": true,
        "maxspeed": "50"
      },
      "geometry": {
        "type": "LineString",
        "coordinates": [
          [
            77.2234121,
            28.6308165
          ],
          [
            77.2235287,
            28.6307363
          ],
          [
            77.2235495,
            28.6307281
          ],
          [
            77.2235763,
            28.6307257
          ],
          [
            77.2236038,
            28.6307257
          ],
          [
            77.2236279,
            28.6307228
          ],
          [
            77.2236628,
            28.6307069
          ],
          [
            77.223819,
            28.630617
          ],
          [
            77.2239062,
            28.6305668
          ],
          [
            77.2239301,
            28.6305401
          ],
          [
            77.2239792,
            28.6304853
          ],
          [
            77.2240122,
            28.6304573
          ],
          [
            77.2242182,
            28.6303358
          ],
          [
            77.2242892,
            28.6302977
          ],
          [
            77.224503,
            28.6301677
          ],
          [
            77.2246278,
            28.6300978
          ],
          [
            77.2247877,
            28.6300082
          ],
          [
            77.2251669,
            28.6297887
          ],
          [
            77.2254732,
            28.6296196
          ],
          [
            77.2258032,
            28.6294326
          ],
          [
            77.2258247,
            28.6294156
          ],
          [
            77.2258448,
            28.6293908
          ],
          [
            77.2258652,
            28.6293475
          ],
          [
            77.2258554,
            28.6292961
          ]
        ]
      }
    },
    {
      "type": "Feature",
      "properties": {
        "id": 997761544,
        "name": "Sansad Marg",
        "highway": "secondary",
        "oneway": true,
        "maxspeed": "50"
      },
      "geometry": {
        "type": "LineString",
        "coordinates": [
          [
            77.216396,
            28.6283808
          ],
          [
            77.2167229,
            28.6288256
          ]
        ]
      }
    },
    {
      "type": "Feature",
      "properties": {
        "id": 997761545,
        "name": "Sansad Marg",
        "highway": "secondary",
        "oneway": true,
        "maxspeed": "50"
      },
      "geometry": {
        "type": "LineString",
        "coordinates": [
          [
            77.2155756,
            28.6272785
          ],
          [
            77.215768,
            28.6275177
          ],
          [
            77.216396,
            28.6283808
          ]
        ]
      }
    },
    {
      "type": "Feature",
      "properties": {
        "id": 997761546,
        "name": "Sansad Marg",
        "highway": "secondary",
        "oneway": true,
        "maxspeed": "50"
      },
      "geometry": {
        "type": "LineString",
        "coordinates": [
          [
            77.2167229,
            28.6288256
          ],
          [
            77.2171227,
            28.6293694
          ],
          [
            77.2176728,
            28.6300813
          ]
        ]
      }
    },
    {
      "type": "Feature",
      "properties": {
        "id": 997761547,
        "name": "Jai Singh Road",
        "highway": "tertiary",
        "oneway": true,
        "maxspeed": "50"
      },
      "geometry": {
        "type": "LineString",
        "coordinates": [
          [
            77.215061,
            28.6271859
          ],
          [
            77.2152839,
            28.6270657
          ],
          [
            77.2152911,
            28.6270625
          ],
          [
            77.2153592,
            28.6270239
          ]
        ]
      }
    },
    {
      "type": "Feature",
      "properties": {
        "id": 997761548,
        "name": "Unnamed Road",
        "highway": "tertiary",
        "oneway": true,
        "maxspeed": "50"
      },
      "geometry": {
        "type": "LineString",
        "coordinates": [
          [
            77.215061,
            28.6271859
          ],
          [
            77.2151602,
            28.6271719
          ],
          [
            77.2152206,
            28.627166
          ],
          [
            77.2152816,
            28.6271666
          ],
          [
            77.2153177,
            28.6271718
          ],
          [
            77.2153513,
            28.6271813
          ],
          [
            77.2154313,
            28.6272153
          ],
          [
            77.2155756,
            28.6272785
          ]
        ]
      }
    },
    {
      "type": "Feature",
      "properties": {
        "id": 997761552,
        "name": "Ashoka Road",
        "highway": "secondary",
        "oneway": true,
        "maxspeed": "50"
      },
      "geometry": {
        "type": "LineString",
        "coordinates": [
          [
            77.2098334,
            28.6251675
          ],
          [
            77.2099264,
            28.6251135
          ],
          [
            77.2101538,
            28.6249813
          ],
          [
            77.2106381,
            28.6246947
          ]
        ]
      }
    },
    {
      "type": "Feature",
      "properties": {
        "id": 1000443873,
        "name": "Unnamed Road",
        "highway": "footway",
        "oneway": false,
        "maxspeed": "50"
      },
      "geometry": {
        "type": "LineString",
        "coordinates": [
          [
            77.2197649,
            28.6289808
          ],
          [
            77.2197716,
            28.6290536
          ]
        ]
      }
    },
    {
      "type": "Feature",
      "properties": {
        "id": 1000443874,
        "name": "Unnamed Road",
        "highway": "steps",
        "oneway": false,
        "maxspeed": "50"
      },
      "geometry": {
        "type": "LineString",
        "coordinates": [
          [
            77.2209073,
            28.6299406
          ],
          [
            77.2210978,
            28.6299842
          ]
        ]
      }
    },
    {
      "type": "Feature",
      "properties": {
        "id": 1000443875,
        "name": "Unnamed Road",
        "highway": "footway",
        "oneway": false,
        "maxspeed": "50"
      },
      "geometry": {
        "type": "LineString",
        "coordinates": [
          [
            77.2197716,
            28.6290536
          ],
          [
            77.2198041,
            28.6295692
          ]
        ]
      }
    },
    {
      "type": "Feature",
      "properties": {
        "id": 1000443877,
        "name": "Unnamed Road",
        "highway": "footway",
        "oneway": false,
        "maxspeed": "50"
      },
      "geometry": {
        "type": "LineString",
        "coordinates": [
          [
            77.2210978,
            28.6299842
          ],
          [
            77.2211279,
            28.6299934
          ]
        ]
      }
    },
    {
      "type": "Feature",
      "properties": {
        "id": 1000443878,
        "name": "Unnamed Road",
        "highway": "footway",
        "oneway": false,
        "maxspeed": "50"
      },
      "geometry": {
        "type": "LineString",
        "coordinates": [
          [
            77.2203077,
            28.6298548
          ],
          [
            77.2203188,
            28.6298047
          ],
          [
            77.2203278,
            28.629765
          ],
          [
            77.2202966,
            28.6297571
          ],
          [
            77.2203397,
            28.6295906
          ],
          [
            77.2203545,
            28.6295449
          ]
        ]
      }
    },
    {
      "type": "Feature",
      "properties": {
        "id": 1000443879,
        "name": "Unnamed Road",
        "highway": "service",
        "oneway": false,
        "maxspeed": "50"
      },
      "geometry": {
        "type": "LineString",
        "coordinates": [
          [
            77.2209073,
            28.6299406
          ],
          [
            77.2206618,
            28.6298996
          ],
          [
            77.2203077,
            28.6298548
          ],
          [
            77.2199701,
            28.6297981
          ]
        ]
      }
    },
    {
      "type": "Feature",
      "properties": {
        "id": 1000446013,
        "name": "Unnamed Road",
        "highway": "service",
        "oneway": false,
        "maxspeed": "50"
      },
      "geometry": {
        "type": "LineString",
        "coordinates": [
          [
            77.2217377,
            28.6301947
          ],
          [
            77.2216442,
            28.6303175
          ],
          [
            77.2216326,
            28.6303334
          ],
          [
            77.2215698,
            28.6304193
          ]
        ]
      }
    },
    {
      "type": "Feature",
      "properties": {
        "id": 1000446015,
        "name": "Unnamed Road",
        "highway": "service",
        "oneway": false,
        "maxspeed": "50"
      },
      "geometry": {
        "type": "LineString",
        "coordinates": [
          [
            77.222244,
            28.6299785
          ],
          [
            77.2218114,
            28.6297563
          ],
          [
            77.221781,
            28.6297995
          ],
          [
            77.2217509,
            28.6298558
          ],
          [
            77.2216525,
            28.6300402
          ],
          [
            77.2216759,
            28.6301418
          ],
          [
            77.2217377,
            28.6301947
          ],
          [
            77.2218437,
            28.6302854
          ]
        ]
      }
    },
    {
      "type": "Feature",
      "properties": {
        "id": 1000446016,
        "name": "Unnamed Road",
        "highway": "service",
        "oneway": true,
        "maxspeed": "50"
      },
      "geometry": {
        "type": "LineString",
        "coordinates": [
          [
            77.2217509,
            28.6298558
          ],
          [
            77.2216969,
            28.6298252
          ],
          [
            77.2215836,
            28.6297563
          ],
          [
            77.2215537,
            28.6297416
          ],
          [
            77.2215207,
            28.6297253
          ]
        ]
      }
    },
    {
      "type": "Feature",
      "properties": {
        "id": 1000446018,
        "name": "Unnamed Road",
        "highway": "service",
        "oneway": true,
        "maxspeed": "50"
      },
      "geometry": {
        "type": "LineString",
        "coordinates": [
          [
            77.221746,
            28.6305485
          ],
          [
            77.2218188,
            28.6304679
          ],
          [
            77.2218356,
            28.6304493
          ],
          [
            77.2219267,
            28.6303444
          ],
          [
            77.2221766,
            28.6300534
          ],
          [
            77.222244,
            28.6299785
          ],
          [
            77.2224536,
            28.6297455
          ]
        ]
      }
    },
    {
      "type": "Feature",
      "properties": {
        "id": 1000448884,
        "name": "Unnamed Road",
        "highway": "residential",
        "oneway": true,
        "maxspeed": "50"
      },
      "geometry": {
        "type": "LineString",
        "coordinates": [
          [
            77.2242504,
            28.6299982
          ],
          [
            77.2241086,
            28.6300786
          ],
          [
            77.2240305,
            28.6301223
          ],
          [
            77.2239972,
            28.6301422
          ],
          [
            77.2238057,
            28.6302547
          ],
          [
            77.2237473,
            28.630285
          ],
          [
            77.2232032,
            28.6306096
          ]
        ]
      }
    },
    {
      "type": "Feature",
      "properties": {
        "id": 1000448885,
        "name": "Unnamed Road",
        "highway": "service",
        "oneway": false,
        "maxspeed": "50"
      },
      "geometry": {
        "type": "LineString",
        "coordinates": [
          [
            77.2237855,
            28.6303821
          ],
          [
            77.2237653,
            28.6303291
          ],
          [
            77.2237473,
            28.630285
          ],
          [
            77.2237039,
            28.6302166
          ]
        ]
      }
    },
    {
      "type": "Feature",
      "properties": {
        "id": 1000448886,
        "name": "Unnamed Road",
        "highway": "service",
        "oneway": false,
        "maxspeed": "50"
      },
      "geometry": {
        "type": "LineString",
        "coordinates": [
          [
            77.2237039,
            28.6302166
          ],
          [
            77.2236894,
            28.6301939
          ],
          [
            77.2236303,
            28.6301009
          ]
        ]
      }
    },
    {
      "type": "Feature",
      "properties": {
        "id": 1000448887,
        "name": "Unnamed Road",
        "highway": "service",
        "oneway": true,
        "maxspeed": "50"
      },
      "geometry": {
        "type": "LineString",
        "coordinates": [
          [
            77.2239716,
            28.629893
          ],
          [
            77.2240704,
            28.6300284
          ]
        ]
      }
    },
    {
      "type": "Feature",
      "properties": {
        "id": 1000448888,
        "name": "Unnamed Road",
        "highway": "service",
        "oneway": false,
        "maxspeed": "50"
      },
      "geometry": {
        "type": "LineString",
        "coordinates": [
          [
            77.2240704,
            28.6300284
          ],
          [
            77.2241086,
            28.6300786
          ]
        ]
      }
    },
    {
      "type": "Feature",
      "properties": {
        "id": 1001015117,
        "name": "Unnamed Road",
        "highway": "footway",
        "oneway": false,
        "maxspeed": "50"
      },
      "geometry": {
        "type": "LineString",
        "coordinates": [
          [
            77.21936,
            28.6295447
          ],
          [
            77.2193653,
            28.6295349
          ],
          [
            77.2193649,
            28.6295166
          ],
          [
            77.2193572,
            28.6295089
          ],
          [
            77.2193532,
            28.6295177
          ],
          [
            77.2193541,
            28.6295343
          ],
          [
            77.21936,
            28.6295447
          ],
          [
            77.2193627,
            28.6295996
          ],
          [
            77.219365,
            28.6296468
          ],
          [
            77.2193588,
            28.6297206
          ],
          [
            77.2193289,
            28.6297722
          ],
          [
            77.219254,
            28.6298358
          ],
          [
            77.2191253,
            28.6298726
          ],
          [
            77.2186914,
            28.6299848
          ],
          [
            77.2182636,
            28.6301346
          ],
          [
            77.2182028,
            28.6301544
          ]
        ]
      }
    },
    {
      "type": "Feature",
      "properties": {
        "id": 1001015118,
        "name": "Unnamed Road",
        "highway": "footway",
        "oneway": false,
        "maxspeed": "50"
      },
      "geometry": {
        "type": "LineString",
        "coordinates": [
          [
            77.2193453,
            28.629083
          ],
          [
            77.2193572,
            28.6295089
          ]
        ]
      }
    },
    {
      "type": "Feature",
      "properties": {
        "id": 1007242803,
        "name": "Unnamed Road",
        "highway": "footway",
        "oneway": false,
        "maxspeed": "50"
      },
      "geometry": {
        "type": "LineString",
        "coordinates": [
          [
            77.2192368,
            28.6266494
          ],
          [
            77.2192537,
            28.6269061
          ],
          [
            77.2192695,
            28.6271449
          ],
          [
            77.2193014,
            28.6278175
          ]
        ]
      }
    },
    {
      "type": "Feature",
      "properties": {
        "id": 1010477871,
        "name": "Unnamed Road",
        "highway": "footway",
        "oneway": false,
        "maxspeed": "50"
      },
      "geometry": {
        "type": "LineString",
        "coordinates": [
          [
            77.2197318,
            28.6303386
          ],
          [
            77.219741,
            28.6305699
          ],
          [
            77.2196801,
            28.6305709
          ],
          [
            77.2196822,
            28.6306249
          ],
          [
            77.2195281,
            28.6306228
          ]
        ]
      }
    },
    {
      "type": "Feature",
      "properties": {
        "id": 1010477872,
        "name": "Unnamed Road",
        "highway": "footway",
        "oneway": false,
        "maxspeed": "50"
      },
      "geometry": {
        "type": "LineString",
        "coordinates": [
          [
            77.2197461,
            28.630826
          ],
          [
            77.219757,
            28.6310312
          ],
          [
            77.2197188,
            28.6310383
          ],
          [
            77.2197341,
            28.6312345
          ],
          [
            77.2197379,
            28.6313068
          ],
          [
            77.2197625,
            28.6313063
          ]
        ]
      }
    },
    {
      "type": "Feature",
      "properties": {
        "id": 1040444893,
        "name": "Unnamed Road",
        "highway": "residential",
        "oneway": false,
        "maxspeed": "50"
      },
      "geometry": {
        "type": "LineString",
        "coordinates": [
          [
            77.2247762,
            28.63335
          ],
          [
            77.2249316,
            28.6336425
          ],
          [
            77.2249348,
            28.633692
          ],
          [
            77.2248976,
            28.6337261
          ],
          [
            77.2237733,
            28.6342482
          ],
          [
            77.2237326,
            28.6342514
          ],
          [
            77.223589,
            28.6342414
          ],
          [
            77.2233681,
            28.6341666
          ]
        ]
      }
    },
    {
      "type": "Feature",
      "properties": {
        "id": 1040444894,
        "name": "Unnamed Road",
        "highway": "service",
        "oneway": false,
        "maxspeed": "50"
      },
      "geometry": {
        "type": "LineString",
        "coordinates": [
          [
            77.223589,
            28.6342414
          ],
          [
            77.2235463,
            28.634458
          ],
          [
            77.2235056,
            28.6346266
          ],
          [
            77.223475,
            28.6346962
          ],
          [
            77.2234257,
            28.6347554
          ],
          [
            77.2231952,
            28.6350415
          ],
          [
            77.2223433,
            28.6357554
          ]
        ]
      }
    },
    {
      "type": "Feature",
      "properties": {
        "id": 1066619121,
        "name": "Jai Singh Road",
        "highway": "tertiary",
        "oneway": true,
        "maxspeed": "50"
      },
      "geometry": {
        "type": "LineString",
        "coordinates": [
          [
            77.2147019,
            28.627188
          ],
          [
            77.2147629,
            28.6272169
          ],
          [
            77.2148419,
            28.6272315
          ],
          [
            77.2149222,
            28.6272319
          ],
          [
            77.2150032,
            28.6272154
          ],
          [
            77.215061,
            28.6271859
          ]
        ]
      }
    },
    {
      "type": "Feature",
      "properties": {
        "id": 1066619122,
        "name": "Jai Singh Road",
        "highway": "tertiary",
        "oneway": true,
        "maxspeed": "50"
      },
      "geometry": {
        "type": "LineString",
        "coordinates": [
          [
            77.2152956,
            28.6269395
          ],
          [
            77.2152261,
            28.6269806
          ],
          [
            77.2151849,
            28.6270043
          ],
          [
            77.2150514,
            28.6270749
          ],
          [
            77.2149671,
            28.6271195
          ],
          [
            77.2148994,
            28.6271378
          ],
          [
            77.2148397,
            28.6271519
          ],
          [
            77.2147592,
            28.6271719
          ],
          [
            77.2147019,
            28.627188
          ]
        ]
      }
    },
    {
      "type": "Feature",
      "properties": {
        "id": 1066619123,
        "name": "Tolstoy Marg",
        "highway": "secondary",
        "oneway": true,
        "maxspeed": "50"
      },
      "geometry": {
        "type": "LineString",
        "coordinates": [
          [
            77.2153592,
            28.6270239
          ],
          [
            77.2154323,
            28.6269871
          ]
        ]
      }
    },
    {
      "type": "Feature",
      "properties": {
        "id": 1074526658,
        "name": "Unnamed Road",
        "highway": "service",
        "oneway": false,
        "maxspeed": "50"
      },
      "geometry": {
        "type": "LineString",
        "coordinates": [
          [
            77.2242803,
            28.6351734
          ],
          [
            77.2241945,
            28.6351898
          ],
          [
            77.2241352,
            28.6351837
          ],
          [
            77.224089,
            28.6351641
          ],
          [
            77.2240043,
            28.6351158
          ],
          [
            77.2239706,
            28.6350833
          ],
          [
            77.2239592,
            28.6350551
          ],
          [
            77.2239568,
            28.6350299
          ],
          [
            77.2239577,
            28.6349648
          ]
        ]
      }
    },
    {
      "type": "Feature",
      "properties": {
        "id": 1074774610,
        "name": "Unnamed Road",
        "highway": "service",
        "oneway": false,
        "maxspeed": "50"
      },
      "geometry": {
        "type": "LineString",
        "coordinates": [
          [
            77.2160289,
            28.6297026
          ],
          [
            77.2159829,
            28.6297853
          ]
        ]
      }
    },
    {
      "type": "Feature",
      "properties": {
        "id": 1074774611,
        "name": "Unnamed Road",
        "highway": "residential",
        "oneway": false,
        "maxspeed": "50"
      },
      "geometry": {
        "type": "LineString",
        "coordinates": [
          [
            77.2163011,
            28.630796
          ],
          [
            77.2162691,
            28.6307693
          ],
          [
            77.2162427,
            28.6307398
          ],
          [
            77.2162254,
            28.6306952
          ],
          [
            77.2162213,
            28.6306569
          ],
          [
            77.2162274,
            28.6305413
          ],
          [
            77.2162173,
            28.6305068
          ],
          [
            77.2161959,
            28.6304854
          ],
          [
            77.2154744,
            28.6301745
          ],
          [
            77.215569,
            28.6300028
          ],
          [
            77.2157794,
            28.6296433
          ],
          [
            77.2158039,
            28.6296033
          ]
        ]
      }
    },
    {
      "type": "Feature",
      "properties": {
        "id": 1074774612,
        "name": "hanuman lane",
        "highway": "residential",
        "oneway": false,
        "maxspeed": "50"
      },
      "geometry": {
        "type": "LineString",
        "coordinates": [
          [
            77.2161049,
            28.631128
          ],
          [
            77.2163011,
            28.630796
          ],
          [
            77.2163337,
            28.6307411
          ],
          [
            77.2163516,
            28.6307262
          ],
          [
            77.2163746,
            28.6307216
          ],
          [
            77.2164091,
            28.6307317
          ],
          [
            77.2165153,
            28.6307783
          ],
          [
            77.2165386,
            28.6307806
          ],
          [
            77.2165573,
            28.6307739
          ],
          [
            77.2165764,
            28.6307529
          ]
        ]
      }
    },
    {
      "type": "Feature",
      "properties": {
        "id": 1074774613,
        "name": "Unnamed Road",
        "highway": "residential",
        "oneway": false,
        "maxspeed": "50"
      },
      "geometry": {
        "type": "LineString",
        "coordinates": [
          [
            77.212541,
            28.6316806
          ],
          [
            77.2126321,
            28.6317034
          ],
          [
            77.212723,
            28.6317142
          ],
          [
            77.2128108,
            28.6317142
          ],
          [
            77.2131636,
            28.6316817
          ]
        ]
      }
    },
    {
      "type": "Feature",
      "properties": {
        "id": 1074774614,
        "name": "Unnamed Road",
        "highway": "residential",
        "oneway": false,
        "maxspeed": "50"
      },
      "geometry": {
        "type": "LineString",
        "coordinates": [
          [
            77.2132927,
            28.6321715
          ],
          [
            77.2136004,
            28.6315753
          ],
          [
            77.213636,
            28.6314809
          ],
          [
            77.2136439,
            28.631386
          ],
          [
            77.2136161,
            28.6312962
          ],
          [
            77.2133095,
            28.630675
          ]
        ]
      }
    },
    {
      "type": "Feature",
      "properties": {
        "id": 1074774615,
        "name": "Unnamed Road",
        "highway": "residential",
        "oneway": false,
        "maxspeed": "50"
      },
      "geometry": {
        "type": "LineString",
        "coordinates": [
          [
            77.2116394,
            28.6322534
          ],
          [
            77.211636,
            28.6322109
          ],
          [
            77.2116176,
            28.6319796
          ],
          [
            77.2116045,
            28.631944
          ],
          [
            77.2115747,
            28.6319231
          ],
          [
            77.2115316,
            28.6319118
          ],
          [
            77.2111919,
            28.6319299
          ],
          [
            77.2110378,
            28.6319381
          ],
          [
            77.2103392,
            28.6319753
          ],
          [
            77.2102943,
            28.6319777
          ]
        ]
      }
    },
    {
      "type": "Feature",
      "properties": {
        "id": 1074987320,
        "name": "Unnamed Road",
        "highway": "service",
        "oneway": false,
        "maxspeed": "50"
      },
      "geometry": {
        "type": "LineString",
        "coordinates": [
          [
            77.2125411,
            28.6262408
          ],
          [
            77.2126186,
            28.626096
          ],
          [
            77.2127148,
            28.625918
          ],
          [
            77.2128123,
            28.6257375
          ],
          [
            77.2128486,
            28.6256486
          ],
          [
            77.2128574,
            28.6255756
          ],
          [
            77.2128397,
            28.6255135
          ],
          [
            77.2127796,
            28.6254529
          ],
          [
            77.2127212,
            28.6254125
          ],
          [
            77.2126362,
            28.6253566
          ],
          [
            77.2125513,
            28.6252789
          ],
          [
            77.2124734,
            28.625178
          ],
          [
            77.2123885,
            28.6250397
          ],
          [
            77.2123637,
            28.6249481
          ],
          [
            77.212346,
            28.6248502
          ],
          [
            77.2123114,
            28.6247635
          ],
          [
            77.2122341,
            28.6246297
          ],
          [
            77.212165,
            28.6245851
          ],
          [
            77.2120857,
            28.6245815
          ],
          [
            77.2119963,
            28.6246101
          ],
          [
            77.211856,
            28.6246993
          ],
          [
            77.2118093,
            28.6247814
          ],
          [
            77.2117812,
            28.6248772
          ],
          [
            77.2117727,
            28.6249063
          ],
          [
            77.2116966,
            28.6252879
          ],
          [
            77.2116754,
            28.6253373
          ],
          [
            77.2116277,
            28.6253738
          ],
          [
            77.2115048,
            28.6253698
          ]
        ]
      }
    },
    {
      "type": "Feature",
      "properties": {
        "id": 1074987321,
        "name": "Unnamed Road",
        "highway": "residential",
        "oneway": false,
        "maxspeed": "50"
      },
      "geometry": {
        "type": "LineString",
        "coordinates": [
          [
            77.2143196,
            28.6311235
          ],
          [
            77.2140292,
            28.6316107
          ]
        ]
      }
    },
    {
      "type": "Feature",
      "properties": {
        "id": 1074993016,
        "name": "Unnamed Road",
        "highway": "service",
        "oneway": false,
        "maxspeed": "50"
      },
      "geometry": {
        "type": "LineString",
        "coordinates": [
          [
            77.2228238,
            28.6311743
          ],
          [
            77.2234121,
            28.6308165
          ]
        ]
      }
    },
    {
      "type": "Feature",
      "properties": {
        "id": 1074995427,
        "name": "Unnamed Road",
        "highway": "service",
        "oneway": false,
        "maxspeed": "50"
      },
      "geometry": {
        "type": "LineString",
        "coordinates": [
          [
            77.2179149,
            28.6317102
          ],
          [
            77.2177911,
            28.631849
          ],
          [
            77.2177412,
            28.6319034
          ]
        ]
      }
    },
    {
      "type": "Feature",
      "properties": {
        "id": 1075112684,
        "name": "Unnamed Road",
        "highway": "service",
        "oneway": false,
        "maxspeed": "50"
      },
      "geometry": {
        "type": "LineString",
        "coordinates": [
          [
            77.2144632,
            28.6357313
          ],
          [
            77.2144892,
            28.634939
          ],
          [
            77.2144745,
            28.6349128
          ],
          [
            77.2143976,
            28.6348836
          ]
        ]
      }
    },
    {
      "type": "Feature",
      "properties": {
        "id": 1076782187,
        "name": "Unnamed Road",
        "highway": "service",
        "oneway": false,
        "maxspeed": "50"
      },
      "geometry": {
        "type": "LineString",
        "coordinates": [
          [
            77.2237688,
            28.6346817
          ],
          [
            77.2236702,
            28.63456
          ],
          [
            77.2235463,
            28.634458
          ]
        ]
      }
    },
    {
      "type": "Feature",
      "properties": {
        "id": 1076797993,
        "name": "Unnamed Road",
        "highway": "service",
        "oneway": false,
        "maxspeed": "50"
      },
      "geometry": {
        "type": "LineString",
        "coordinates": [
          [
            77.2239577,
            28.6349648
          ],
          [
            77.2237688,
            28.6346817
          ]
        ]
      }
    },
    {
      "type": "Feature",
      "properties": {
        "id": 1076827649,
        "name": "Unnamed Road",
        "highway": "service",
        "oneway": false,
        "maxspeed": "50"
      },
      "geometry": {
        "type": "LineString",
        "coordinates": [
          [
            77.2117547,
            28.634852
          ],
          [
            77.2117089,
            28.634337
          ],
          [
            77.2117123,
            28.6341683
          ]
        ]
      }
    },
    {
      "type": "Feature",
      "properties": {
        "id": 1078118953,
        "name": "Unnamed Road",
        "highway": "path",
        "oneway": false,
        "maxspeed": "50"
      },
      "geometry": {
        "type": "LineString",
        "coordinates": [
          [
            77.2161249,
            28.6312729
          ],
          [
            77.2161964,
            28.6311684
          ]
        ]
      }
    },
    {
      "type": "Feature",
      "properties": {
        "id": 1090457136,
        "name": "Unnamed Road",
        "highway": "service",
        "oneway": false,
        "maxspeed": "50"
      },
      "geometry": {
        "type": "LineString",
        "coordinates": [
          [
            77.2144745,
            28.6349128
          ],
          [
            77.2147859,
            28.6348957
          ],
          [
            77.2151695,
            28.6348745
          ]
        ]
      }
    },
    {
      "type": "Feature",
      "properties": {
        "id": 1090457137,
        "name": "Unnamed Road",
        "highway": "service",
        "oneway": false,
        "maxspeed": "50"
      },
      "geometry": {
        "type": "LineString",
        "coordinates": [
          [
            77.2147859,
            28.6348957
          ],
          [
            77.2146907,
            28.6338983
          ],
          [
            77.2140749,
            28.6339449
          ]
        ]
      }
    },
    {
      "type": "Feature",
      "properties": {
        "id": 1117097087,
        "name": "Unnamed Road",
        "highway": "service",
        "oneway": false,
        "maxspeed": "50"
      },
      "geometry": {
        "type": "LineString",
        "coordinates": [
          [
            77.2245038,
            28.6298255
          ],
          [
            77.2243559,
            28.6296019
          ],
          [
            77.2243083,
            28.6295314
          ]
        ]
      }
    },
    {
      "type": "Feature",
      "properties": {
        "id": 1119548714,
        "name": "Unnamed Road",
        "highway": "footway",
        "oneway": false,
        "maxspeed": "50"
      },
      "geometry": {
        "type": "LineString",
        "coordinates": [
          [
            77.2230533,
            28.6332577
          ],
          [
            77.2230521,
            28.6332354
          ]
        ]
      }
    },
    {
      "type": "Feature",
      "properties": {
        "id": 1119548715,
        "name": "Unnamed Road",
        "highway": "footway",
        "oneway": false,
        "maxspeed": "50"
      },
      "geometry": {
        "type": "LineString",
        "coordinates": [
          [
            77.2227649,
            28.6332247
          ],
          [
            77.2230533,
            28.6332577
          ],
          [
            77.2230654,
            28.6332385
          ]
        ]
      }
    },
    {
      "type": "Feature",
      "properties": {
        "id": 1119548716,
        "name": "Unnamed Road",
        "highway": "footway",
        "oneway": false,
        "maxspeed": "50"
      },
      "geometry": {
        "type": "LineString",
        "coordinates": [
          [
            77.2227676,
            28.633253
          ],
          [
            77.2227649,
            28.6332247
          ]
        ]
      }
    },
    {
      "type": "Feature",
      "properties": {
        "id": 1119548717,
        "name": "Unnamed Road",
        "highway": "footway",
        "oneway": false,
        "maxspeed": "50"
      },
      "geometry": {
        "type": "LineString",
        "coordinates": [
          [
            77.2227676,
            28.6331882
          ],
          [
            77.2227649,
            28.6332247
          ]
        ]
      }
    },
    {
      "type": "Feature",
      "properties": {
        "id": 1119548718,
        "name": "Unnamed Road",
        "highway": "footway",
        "oneway": false,
        "maxspeed": "50"
      },
      "geometry": {
        "type": "LineString",
        "coordinates": [
          [
            77.2227488,
            28.6332494
          ],
          [
            77.2227649,
            28.6332247
          ]
        ]
      }
    },
    {
      "type": "Feature",
      "properties": {
        "id": 1119548719,
        "name": "Unnamed Road",
        "highway": "footway",
        "oneway": false,
        "maxspeed": "50"
      },
      "geometry": {
        "type": "LineString",
        "coordinates": [
          [
            77.2227032,
            28.6314532
          ],
          [
            77.2227123,
            28.6314267
          ]
        ]
      }
    },
    {
      "type": "Feature",
      "properties": {
        "id": 1119548720,
        "name": "Unnamed Road",
        "highway": "footway",
        "oneway": false,
        "maxspeed": "50"
      },
      "geometry": {
        "type": "LineString",
        "coordinates": [
          [
            77.2227032,
            28.6314532
          ],
          [
            77.2227016,
            28.631429
          ]
        ]
      }
    },
    {
      "type": "Feature",
      "properties": {
        "id": 1119548721,
        "name": "Unnamed Road",
        "highway": "footway",
        "oneway": false,
        "maxspeed": "50"
      },
      "geometry": {
        "type": "LineString",
        "coordinates": [
          [
            77.2225584,
            28.6317121
          ],
          [
            77.2227032,
            28.6314532
          ],
          [
            77.2226905,
            28.6314308
          ]
        ]
      }
    },
    {
      "type": "Feature",
      "properties": {
        "id": 1119548722,
        "name": "Unnamed Road",
        "highway": "footway",
        "oneway": false,
        "maxspeed": "50"
      },
      "geometry": {
        "type": "LineString",
        "coordinates": [
          [
            77.2225926,
            28.6317304
          ],
          [
            77.2225584,
            28.6317121
          ]
        ]
      }
    },
    {
      "type": "Feature",
      "properties": {
        "id": 1119548723,
        "name": "Unnamed Road",
        "highway": "footway",
        "oneway": false,
        "maxspeed": "50"
      },
      "geometry": {
        "type": "LineString",
        "coordinates": [
          [
            77.2225698,
            28.6317398
          ],
          [
            77.2225584,
            28.6317121
          ]
        ]
      }
    },
    {
      "type": "Feature",
      "properties": {
        "id": 1119548724,
        "name": "Unnamed Road",
        "highway": "footway",
        "oneway": false,
        "maxspeed": "50"
      },
      "geometry": {
        "type": "LineString",
        "coordinates": [
          [
            77.2225504,
            28.6317486
          ],
          [
            77.2225584,
            28.6317121
          ]
        ]
      }
    },
    {
      "type": "Feature",
      "properties": {
        "id": 1119548725,
        "name": "Unnamed Road",
        "highway": "steps",
        "oneway": false,
        "maxspeed": "50"
      },
      "geometry": {
        "type": "LineString",
        "coordinates": [
          [
            77.2225698,
            28.6317398
          ],
          [
            77.2226167,
            28.6318398
          ]
        ]
      }
    },
    {
      "type": "Feature",
      "properties": {
        "id": 1119548726,
        "name": "Unnamed Road",
        "highway": "steps",
        "oneway": false,
        "maxspeed": "50"
      },
      "geometry": {
        "type": "LineString",
        "coordinates": [
          [
            77.2225926,
            28.6317304
          ],
          [
            77.2226395,
            28.6318304
          ]
        ]
      }
    },
    {
      "type": "Feature",
      "properties": {
        "id": 1119548727,
        "name": "Unnamed Road",
        "highway": "steps",
        "oneway": false,
        "maxspeed": "50"
      },
      "geometry": {
        "type": "LineString",
        "coordinates": [
          [
            77.2225504,
            28.6317486
          ],
          [
            77.2225973,
            28.6318487
          ]
        ]
      }
    },
    {
      "type": "Feature",
      "properties": {
        "id": 1119548728,
        "name": "Unnamed Road",
        "highway": "steps",
        "oneway": false,
        "maxspeed": "50"
      },
      "geometry": {
        "type": "LineString",
        "coordinates": [
          [
            77.2226982,
            28.6313478
          ],
          [
            77.2227123,
            28.6314267
          ]
        ]
      }
    },
    {
      "type": "Feature",
      "properties": {
        "id": 1119548729,
        "name": "Unnamed Road",
        "highway": "steps",
        "oneway": false,
        "maxspeed": "50"
      },
      "geometry": {
        "type": "LineString",
        "coordinates": [
          [
            77.2226875,
            28.6313502
          ],
          [
            77.2227016,
            28.631429
          ]
        ]
      }
    },
    {
      "type": "Feature",
      "properties": {
        "id": 1119548730,
        "name": "Unnamed Road",
        "highway": "steps",
        "oneway": false,
        "maxspeed": "50"
      },
      "geometry": {
        "type": "LineString",
        "coordinates": [
          [
            77.2226764,
            28.6313519
          ],
          [
            77.2226905,
            28.6314308
          ]
        ]
      }
    },
    {
      "type": "Feature",
      "properties": {
        "id": 1119548731,
        "name": "Unnamed Road",
        "highway": "pedestrian",
        "oneway": false,
        "maxspeed": "50"
      },
      "geometry": {
        "type": "LineString",
        "coordinates": [
          [
            77.2227118,
            28.6326374
          ],
          [
            77.222726,
            28.6326348
          ],
          [
            77.2228397,
            28.6326137
          ],
          [
            77.222985,
            28.6325867
          ]
        ]
      }
    },
    {
      "type": "Feature",
      "properties": {
        "id": 1119548732,
        "name": "Unnamed Road",
        "highway": "pedestrian",
        "oneway": false,
        "maxspeed": "50"
      },
      "geometry": {
        "type": "LineString",
        "coordinates": [
          [
            77.2226064,
            28.6326466
          ],
          [
            77.2227118,
            28.6326374
          ]
        ]
      }
    },
    {
      "type": "Feature",
      "properties": {
        "id": 1119548733,
        "name": "Unnamed Road",
        "highway": "pedestrian",
        "oneway": false,
        "maxspeed": "50"
      },
      "geometry": {
        "type": "LineString",
        "coordinates": [
          [
            77.2221005,
            28.6326494
          ],
          [
            77.2226064,
            28.6326466
          ]
        ]
      }
    },
    {
      "type": "Feature",
      "properties": {
        "id": 1119548734,
        "name": "Unnamed Road",
        "highway": "steps",
        "oneway": false,
        "maxspeed": "50"
      },
      "geometry": {
        "type": "LineString",
        "coordinates": [
          [
            77.222781,
            28.6330988
          ],
          [
            77.2227676,
            28.6331882
          ]
        ]
      }
    },
    {
      "type": "Feature",
      "properties": {
        "id": 1119548735,
        "name": "Unnamed Road",
        "highway": "steps",
        "oneway": false,
        "maxspeed": "50"
      },
      "geometry": {
        "type": "LineString",
        "coordinates": [
          [
            77.2227475,
            28.6333471
          ],
          [
            77.2227514,
            28.6333288
          ],
          [
            77.2227676,
            28.633253
          ]
        ]
      }
    },
    {
      "type": "Feature",
      "properties": {
        "id": 1119548736,
        "name": "Unnamed Road",
        "highway": "steps",
        "oneway": false,
        "maxspeed": "50"
      },
      "geometry": {
        "type": "LineString",
        "coordinates": [
          [
            77.2227301,
            28.6333448
          ],
          [
            77.2227339,
            28.6333255
          ],
          [
            77.2227488,
            28.6332494
          ]
        ]
      }
    },
    {
      "type": "Feature",
      "properties": {
        "id": 1119638714,
        "name": "Unnamed Road",
        "highway": "footway",
        "oneway": false,
        "maxspeed": "50"
      },
      "geometry": {
        "type": "LineString",
        "coordinates": [
          [
            77.2230446,
            28.6332918
          ],
          [
            77.2230533,
            28.6332577
          ]
        ]
      }
    },
    {
      "type": "Feature",
      "properties": {
        "id": 1119638715,
        "name": "Unnamed Road",
        "highway": "steps",
        "oneway": false,
        "maxspeed": "50"
      },
      "geometry": {
        "type": "LineString",
        "coordinates": [
          [
            77.2230249,
            28.6333788
          ],
          [
            77.2230446,
            28.6332918
          ]
        ]
      }
    },
    {
      "type": "Feature",
      "properties": {
        "id": 1120299304,
        "name": "Unnamed Road",
        "highway": "residential",
        "oneway": false,
        "maxspeed": "50"
      },
      "geometry": {
        "type": "LineString",
        "coordinates": [
          [
            77.2207434,
            28.6308967
          ],
          [
            77.220915,
            28.6305647
          ]
        ]
      }
    },
    {
      "type": "Feature",
      "properties": {
        "id": 1120534750,
        "name": "Unnamed Road",
        "highway": "footway",
        "oneway": false,
        "maxspeed": "50"
      },
      "geometry": {
        "type": "LineString",
        "coordinates": [
          [
            77.2187588,
            28.6315202
          ],
          [
            77.2189684,
            28.6314611
          ]
        ]
      }
    },
    {
      "type": "Feature",
      "properties": {
        "id": 1120536727,
        "name": "Unnamed Road",
        "highway": "service",
        "oneway": false,
        "maxspeed": "50"
      },
      "geometry": {
        "type": "LineString",
        "coordinates": [
          [
            77.2167228,
            28.6302235
          ],
          [
            77.2169391,
            28.6303823
          ],
          [
            77.2169851,
            28.6303688
          ],
          [
            77.2172108,
            28.6301408
          ]
        ]
      }
    },
    {
      "type": "Feature",
      "properties": {
        "id": 1120536728,
        "name": "Unnamed Road",
        "highway": "service",
        "oneway": false,
        "maxspeed": "50"
      },
      "geometry": {
        "type": "LineString",
        "coordinates": [
          [
            77.216186,
            28.6297712
          ],
          [
            77.2165274,
            28.6291355
          ],
          [
            77.2165699,
            28.629119
          ],
          [
            77.2166265,
            28.6291262
          ],
          [
            77.2166784,
            28.6291531
          ],
          [
            77.2169268,
            28.6295622
          ]
        ]
      }
    },
    {
      "type": "Feature",
      "properties": {
        "id": 1120536729,
        "name": "Unnamed Road",
        "highway": "service",
        "oneway": false,
        "maxspeed": "50"
      },
      "geometry": {
        "type": "LineString",
        "coordinates": [
          [
            77.2167229,
            28.6288256
          ],
          [
            77.2164866,
            28.6289783
          ],
          [
            77.2164047,
            28.629033
          ],
          [
            77.2162572,
            28.6289233
          ]
        ]
      }
    },
    {
      "type": "Feature",
      "properties": {
        "id": 1120536730,
        "name": "Unnamed Road",
        "highway": "service",
        "oneway": false,
        "maxspeed": "50"
      },
      "geometry": {
        "type": "LineString",
        "coordinates": [
          [
            77.2162119,
            28.6286525
          ],
          [
            77.2163947,
            28.6285312
          ]
        ]
      }
    },
    {
      "type": "Feature",
      "properties": {
        "id": 1120536731,
        "name": "Unnamed Road",
        "highway": "footway",
        "oneway": false,
        "maxspeed": "50"
      },
      "geometry": {
        "type": "LineString",
        "coordinates": [
          [
            77.2195053,
            28.630235
          ],
          [
            77.2196699,
            28.6302205
          ],
          [
            77.2196651,
            28.6300155
          ],
          [
            77.2197883,
            28.6300137
          ],
          [
            77.219952,
            28.6300113
          ],
          [
            77.2200568,
            28.6300321
          ]
        ]
      }
    },
    {
      "type": "Feature",
      "properties": {
        "id": 1120536732,
        "name": "Unnamed Road",
        "highway": "service",
        "oneway": false,
        "maxspeed": "50"
      },
      "geometry": {
        "type": "LineString",
        "coordinates": [
          [
            77.2200819,
            28.6299063
          ],
          [
            77.2200568,
            28.6300321
          ],
          [
            77.2200415,
            28.630089
          ],
          [
            77.2207296,
            28.6301971
          ],
          [
            77.220815,
            28.6300478
          ]
        ]
      }
    },
    {
      "type": "Feature",
      "properties": {
        "id": 1120536733,
        "name": "Unnamed Road",
        "highway": "footway",
        "oneway": false,
        "maxspeed": "50"
      },
      "geometry": {
        "type": "LineString",
        "coordinates": [
          [
            77.2207296,
            28.6301971
          ],
          [
            77.221022,
            28.6303119
          ],
          [
            77.2213427,
            28.6304805
          ],
          [
            77.2214737,
            28.630556
          ]
        ]
      }
    },
    {
      "type": "Feature",
      "properties": {
        "id": 1120536734,
        "name": "Unnamed Road",
        "highway": "service",
        "oneway": false,
        "maxspeed": "50"
      },
      "geometry": {
        "type": "LineString",
        "coordinates": [
          [
            77.2215938,
            28.6304378
          ],
          [
            77.2214737,
            28.630556
          ],
          [
            77.2217816,
            28.630788
          ],
          [
            77.2218948,
            28.6306564
          ]
        ]
      }
    },
    {
      "type": "Feature",
      "properties": {
        "id": 1120536735,
        "name": "Unnamed Road",
        "highway": "service",
        "oneway": false,
        "maxspeed": "50"
      },
      "geometry": {
        "type": "LineString",
        "coordinates": [
          [
            77.2221276,
            28.630872
          ],
          [
            77.2220158,
            28.6309556
          ],
          [
            77.2222205,
            28.6311967
          ]
        ]
      }
    },
    {
      "type": "Feature",
      "properties": {
        "id": 1120539941,
        "name": "Unnamed Road",
        "highway": "service",
        "oneway": false,
        "maxspeed": "50"
      },
      "geometry": {
        "type": "LineString",
        "coordinates": [
          [
            77.2236331,
            28.6310997
          ],
          [
            77.223691,
            28.6310651
          ],
          [
            77.2237783,
            28.6310126
          ]
        ]
      }
    },
    {
      "type": "Feature",
      "properties": {
        "id": 1120539942,
        "name": "Unnamed Road",
        "highway": "service",
        "oneway": false,
        "maxspeed": "50"
      },
      "geometry": {
        "type": "LineString",
        "coordinates": [
          [
            77.223691,
            28.6310651
          ],
          [
            77.223835,
            28.6312805
          ]
        ]
      }
    },
    {
      "type": "Feature",
      "properties": {
        "id": 1120539943,
        "name": "Unnamed Road",
        "highway": "service",
        "oneway": false,
        "maxspeed": "50"
      },
      "geometry": {
        "type": "LineString",
        "coordinates": [
          [
            77.2239062,
            28.6305668
          ],
          [
            77.2239534,
            28.6306199
          ],
          [
            77.2240297,
            28.6307059
          ],
          [
            77.224021,
            28.6307824
          ],
          [
            77.2242755,
            28.6311181
          ],
          [
            77.2246354,
            28.6309022
          ]
        ]
      }
    },
    {
      "type": "Feature",
      "properties": {
        "id": 1120539944,
        "name": "Unnamed Road",
        "highway": "service",
        "oneway": false,
        "maxspeed": "50"
      },
      "geometry": {
        "type": "LineString",
        "coordinates": [
          [
            77.2240297,
            28.6307059
          ],
          [
            77.2243449,
            28.630507
          ]
        ]
      }
    },
    {
      "type": "Feature",
      "properties": {
        "id": 1120539945,
        "name": "Unnamed Road",
        "highway": "service",
        "oneway": false,
        "maxspeed": "50"
      },
      "geometry": {
        "type": "LineString",
        "coordinates": [
          [
            77.2246354,
            28.6309022
          ],
          [
            77.2243449,
            28.630507
          ]
        ]
      }
    },
    {
      "type": "Feature",
      "properties": {
        "id": 1120539946,
        "name": "Unnamed Road",
        "highway": "service",
        "oneway": false,
        "maxspeed": "50"
      },
      "geometry": {
        "type": "LineString",
        "coordinates": [
          [
            77.2243449,
            28.630507
          ],
          [
            77.2242869,
            28.6304286
          ],
          [
            77.2242182,
            28.6303358
          ]
        ]
      }
    },
    {
      "type": "Feature",
      "properties": {
        "id": 1120542265,
        "name": "Unnamed Road",
        "highway": "service",
        "oneway": false,
        "maxspeed": "50"
      },
      "geometry": {
        "type": "LineString",
        "coordinates": [
          [
            77.2242892,
            28.6302977
          ],
          [
            77.224353,
            28.6303907
          ],
          [
            77.2246889,
            28.63088
          ],
          [
            77.2250319,
            28.6306815
          ],
          [
            77.2246278,
            28.6300978
          ]
        ]
      }
    },
    {
      "type": "Feature",
      "properties": {
        "id": 1120542281,
        "name": "Unnamed Road",
        "highway": "service",
        "oneway": false,
        "maxspeed": "50"
      },
      "geometry": {
        "type": "LineString",
        "coordinates": [
          [
            77.2241449,
            28.6313744
          ],
          [
            77.22436,
            28.6314113
          ],
          [
            77.2247847,
            28.6314841
          ],
          [
            77.2252707,
            28.6312211
          ],
          [
            77.225089,
            28.6309581
          ],
          [
            77.2246207,
            28.6312449
          ],
          [
            77.22436,
            28.6314113
          ]
        ]
      }
    },
    {
      "type": "Feature",
      "properties": {
        "id": 1120542282,
        "name": "Unnamed Road",
        "highway": "service",
        "oneway": false,
        "maxspeed": "50"
      },
      "geometry": {
        "type": "LineString",
        "coordinates": [
          [
            77.2246207,
            28.6312449
          ],
          [
            77.2247847,
            28.6314841
          ]
        ]
      }
    },
    {
      "type": "Feature",
      "properties": {
        "id": 1121143469,
        "name": "Unnamed Road",
        "highway": "service",
        "oneway": false,
        "maxspeed": "50"
      },
      "geometry": {
        "type": "LineString",
        "coordinates": [
          [
            77.2253296,
            28.6293254
          ],
          [
            77.2248226,
            28.6286722
          ],
          [
            77.2250819,
            28.6285341
          ]
        ]
      }
    },
    {
      "type": "Feature",
      "properties": {
        "id": 1121143470,
        "name": "Unnamed Road",
        "highway": "service",
        "oneway": true,
        "maxspeed": "50"
      },
      "geometry": {
        "type": "LineString",
        "coordinates": [
          [
            77.2252554,
            28.629372
          ],
          [
            77.2251766,
            28.6292262
          ],
          [
            77.225157,
            28.6292105
          ],
          [
            77.2251212,
            28.62922
          ],
          [
            77.2248351,
            28.6293738
          ],
          [
            77.2248351,
            28.6293957
          ],
          [
            77.2249584,
            28.6295854
          ]
        ]
      }
    },
    {
      "type": "Feature",
      "properties": {
        "id": 1121143471,
        "name": "Unnamed Road",
        "highway": "service",
        "oneway": false,
        "maxspeed": "50"
      },
      "geometry": {
        "type": "LineString",
        "coordinates": [
          [
            77.2248351,
            28.6293957
          ],
          [
            77.2243903,
            28.6288236
          ]
        ]
      }
    },
    {
      "type": "Feature",
      "properties": {
        "id": 1121143472,
        "name": "Unnamed Road",
        "highway": "service",
        "oneway": false,
        "maxspeed": "50"
      },
      "geometry": {
        "type": "LineString",
        "coordinates": [
          [
            77.2239782,
            28.6290464
          ],
          [
            77.2243083,
            28.6295314
          ]
        ]
      }
    },
    {
      "type": "Feature",
      "properties": {
        "id": 1121143473,
        "name": "Unnamed Road",
        "highway": "service",
        "oneway": false,
        "maxspeed": "50"
      },
      "geometry": {
        "type": "LineString",
        "coordinates": [
          [
            77.2243559,
            28.6296019
          ],
          [
            77.2247295,
            28.6294196
          ]
        ]
      }
    },
    {
      "type": "Feature",
      "properties": {
        "id": 1121143474,
        "name": "Unnamed Road",
        "highway": "service",
        "oneway": true,
        "maxspeed": "50"
      },
      "geometry": {
        "type": "LineString",
        "coordinates": [
          [
            77.224443,
            28.6298632
          ],
          [
            77.2242559,
            28.6296097
          ],
          [
            77.2239124,
            28.6298009
          ],
          [
            77.2239716,
            28.629893
          ]
        ]
      }
    },
    {
      "type": "Feature",
      "properties": {
        "id": 1121143475,
        "name": "Unnamed Road",
        "highway": "service",
        "oneway": false,
        "maxspeed": "50"
      },
      "geometry": {
        "type": "LineString",
        "coordinates": [
          [
            77.2237385,
            28.6301654
          ],
          [
            77.2239679,
            28.6300307
          ]
        ]
      }
    },
    {
      "type": "Feature",
      "properties": {
        "id": 1121143476,
        "name": "Unnamed Road",
        "highway": "service",
        "oneway": false,
        "maxspeed": "50"
      },
      "geometry": {
        "type": "LineString",
        "coordinates": [
          [
            77.2231208,
            28.6304823
          ],
          [
            77.2235441,
            28.630201
          ],
          [
            77.2233178,
            28.6298748
          ],
          [
            77.2231345,
            28.6296107
          ],
          [
            77.2228498,
            28.6299028
          ],
          [
            77.2229675,
            28.6300314
          ]
        ]
      }
    },
    {
      "type": "Feature",
      "properties": {
        "id": 1121145403,
        "name": "Unnamed Road",
        "highway": "service",
        "oneway": false,
        "maxspeed": "50"
      },
      "geometry": {
        "type": "LineString",
        "coordinates": [
          [
            77.2228522,
            28.6300671
          ],
          [
            77.2227061,
            28.6301194
          ]
        ]
      }
    },
    {
      "type": "Feature",
      "properties": {
        "id": 1121145404,
        "name": "Unnamed Road",
        "highway": "service",
        "oneway": false,
        "maxspeed": "50"
      },
      "geometry": {
        "type": "LineString",
        "coordinates": [
          [
            77.2227061,
            28.6301194
          ],
          [
            77.2229907,
            28.6304662
          ],
          [
            77.2229966,
            28.6305044
          ],
          [
            77.2229806,
            28.6305312
          ],
          [
            77.2225536,
            28.6307823
          ],
          [
            77.2225216,
            28.6307849
          ],
          [
            77.2224838,
            28.6307759
          ],
          [
            77.2221164,
            28.6305286
          ],
          [
            77.2221077,
            28.630484
          ],
          [
            77.2221324,
            28.6304432
          ],
          [
            77.2225826,
            28.6300059
          ],
          [
            77.2227061,
            28.6301194
          ]
        ]
      }
    },
    {
      "type": "Feature",
      "properties": {
        "id": 1121145405,
        "name": "Unnamed Road",
        "highway": "service",
        "oneway": false,
        "maxspeed": "50"
      },
      "geometry": {
        "type": "LineString",
        "coordinates": [
          [
            77.2218948,
            28.6306564
          ],
          [
            77.2220767,
            28.6304656
          ],
          [
            77.2223836,
            28.6301436
          ],
          [
            77.222616,
            28.6299116
          ]
        ]
      }
    },
    {
      "type": "Feature",
      "properties": {
        "id": 1121145406,
        "name": "Unnamed Road",
        "highway": "service",
        "oneway": false,
        "maxspeed": "50"
      },
      "geometry": {
        "type": "LineString",
        "coordinates": [
          [
            77.2218437,
            28.6302854
          ],
          [
            77.2219267,
            28.6303444
          ],
          [
            77.2220767,
            28.6304656
          ]
        ]
      }
    },
    {
      "type": "Feature",
      "properties": {
        "id": 1121147797,
        "name": "Unnamed Road",
        "highway": "service",
        "oneway": false,
        "maxspeed": "50"
      },
      "geometry": {
        "type": "LineString",
        "coordinates": [
          [
            77.2214174,
            28.6299066
          ],
          [
            77.2214537,
            28.6299206
          ],
          [
            77.2216037,
            28.6299794
          ],
          [
            77.2216969,
            28.6298252
          ]
        ]
      }
    },
    {
      "type": "Feature",
      "properties": {
        "id": 1121147799,
        "name": "Unnamed Road",
        "highway": "service",
        "oneway": false,
        "maxspeed": "50"
      },
      "geometry": {
        "type": "LineString",
        "coordinates": [
          [
            77.2221341,
            28.6286515
          ],
          [
            77.2222833,
            28.6287137
          ],
          [
            77.2228338,
            28.6289624
          ]
        ]
      }
    },
    {
      "type": "Feature",
      "properties": {
        "id": 1121147801,
        "name": "Unnamed Road",
        "highway": "service",
        "oneway": false,
        "maxspeed": "50"
      },
      "geometry": {
        "type": "LineString",
        "coordinates": [
          [
            77.222636,
            28.6292942
          ],
          [
            77.2228338,
            28.6289624
          ]
        ]
      }
    },
    {
      "type": "Feature",
      "properties": {
        "id": 1121147803,
        "name": "Unnamed Road",
        "highway": "service",
        "oneway": false,
        "maxspeed": "50"
      },
      "geometry": {
        "type": "LineString",
        "coordinates": [
          [
            77.2222724,
            28.6286212
          ],
          [
            77.2232263,
            28.6290302
          ],
          [
            77.2234123,
            28.6287064
          ],
          [
            77.2224572,
            28.6283057
          ]
        ]
      }
    },
    {
      "type": "Feature",
      "properties": {
        "id": 1121147804,
        "name": "Unnamed Road",
        "highway": "service",
        "oneway": false,
        "maxspeed": "50"
      },
      "geometry": {
        "type": "LineString",
        "coordinates": [
          [
            77.2228371,
            28.6276572
          ],
          [
            77.2229833,
            28.6277217
          ],
          [
            77.2235706,
            28.627981
          ],
          [
            77.2235953,
            28.6280001
          ],
          [
            77.223434,
            28.6285929
          ],
          [
            77.223421,
            28.6286159
          ],
          [
            77.2233977,
            28.6286286
          ],
          [
            77.2226977,
            28.6283188
          ],
          [
            77.2226701,
            28.6282921
          ],
          [
            77.2226643,
            28.6282627
          ],
          [
            77.2229833,
            28.6277217
          ]
        ]
      }
    },
    {
      "type": "Feature",
      "properties": {
        "id": 1121147805,
        "name": "Unnamed Road",
        "highway": "service",
        "oneway": false,
        "maxspeed": "50"
      },
      "geometry": {
        "type": "LineString",
        "coordinates": [
          [
            77.2235706,
            28.627981
          ],
          [
            77.2236953,
            28.6277839
          ]
        ]
      }
    },
    {
      "type": "Feature",
      "properties": {
        "id": 1121147806,
        "name": "Unnamed Road",
        "highway": "service",
        "oneway": false,
        "maxspeed": "50"
      },
      "geometry": {
        "type": "LineString",
        "coordinates": [
          [
            77.2248194,
            28.6272564
          ],
          [
            77.2247348,
            28.6273447
          ],
          [
            77.2247144,
            28.627366
          ],
          [
            77.2246596,
            28.6274233
          ],
          [
            77.2245521,
            28.6275352
          ],
          [
            77.2244913,
            28.6275991
          ],
          [
            77.2242086,
            28.6278762
          ],
          [
            77.2242034,
            28.6278849
          ],
          [
            77.2242024,
            28.6278932
          ],
          [
            77.2242073,
            28.6279012
          ],
          [
            77.2244046,
            28.6280499
          ]
        ]
      }
    },
    {
      "type": "Feature",
      "properties": {
        "id": 1121147808,
        "name": "Unnamed Road",
        "highway": "service",
        "oneway": false,
        "maxspeed": "50"
      },
      "geometry": {
        "type": "LineString",
        "coordinates": [
          [
            77.2245521,
            28.6275352
          ],
          [
            77.224802,
            28.627721
          ]
        ]
      }
    },
    {
      "type": "Feature",
      "properties": {
        "id": 1121147809,
        "name": "Unnamed Road",
        "highway": "service",
        "oneway": false,
        "maxspeed": "50"
      },
      "geometry": {
        "type": "LineString",
        "coordinates": [
          [
            77.2246596,
            28.6274233
          ],
          [
            77.2249135,
            28.6276153
          ]
        ]
      }
    },
    {
      "type": "Feature",
      "properties": {
        "id": 1121147810,
        "name": "Unnamed Road",
        "highway": "service",
        "oneway": true,
        "maxspeed": "50"
      },
      "geometry": {
        "type": "LineString",
        "coordinates": [
          [
            77.2251845,
            28.62753
          ],
          [
            77.2251029,
            28.6276087
          ],
          [
            77.2250847,
            28.6276262
          ],
          [
            77.2249842,
            28.6277229
          ],
          [
            77.2251449,
            28.6278485
          ],
          [
            77.2252406,
            28.62775
          ],
          [
            77.2252576,
            28.6277325
          ],
          [
            77.2253325,
            28.6276554
          ]
        ]
      }
    },
    {
      "type": "Feature",
      "properties": {
        "id": 1121147811,
        "name": "Unnamed Road",
        "highway": "service",
        "oneway": false,
        "maxspeed": "50"
      },
      "geometry": {
        "type": "LineString",
        "coordinates": [
          [
            77.2253206,
            28.6278249
          ],
          [
            77.2252805,
            28.6278618
          ],
          [
            77.2247369,
            28.6283589
          ],
          [
            77.2248034,
            28.6284222
          ],
          [
            77.2253889,
            28.6279525
          ],
          [
            77.2254287,
            28.6279185
          ]
        ]
      }
    },
    {
      "type": "Feature",
      "properties": {
        "id": 1121147817,
        "name": "Unnamed Road",
        "highway": "service",
        "oneway": false,
        "maxspeed": "50"
      },
      "geometry": {
        "type": "LineString",
        "coordinates": [
          [
            77.2248794,
            28.6271974
          ],
          [
            77.2248931,
            28.6271826
          ],
          [
            77.2249084,
            28.6271659
          ],
          [
            77.2249988,
            28.6270711
          ],
          [
            77.225012,
            28.6270668
          ],
          [
            77.2250268,
            28.6270709
          ],
          [
            77.2252028,
            28.6271991
          ],
          [
            77.2252071,
            28.6272102
          ],
          [
            77.2252033,
            28.6272234
          ],
          [
            77.225118,
            28.6273116
          ],
          [
            77.2251008,
            28.6273303
          ],
          [
            77.2250883,
            28.6273438
          ]
        ]
      }
    },
    {
      "type": "Feature",
      "properties": {
        "id": 1121148865,
        "name": "Unnamed Road",
        "highway": "service",
        "oneway": false,
        "maxspeed": "50"
      },
      "geometry": {
        "type": "LineString",
        "coordinates": [
          [
            77.2242587,
            28.6268975
          ],
          [
            77.2242019,
            28.6269863
          ],
          [
            77.2241627,
            28.62705
          ],
          [
            77.2241842,
            28.6270626
          ],
          [
            77.224192,
            28.6270824
          ],
          [
            77.2241872,
            28.6270978
          ],
          [
            77.2239839,
            28.6274032
          ]
        ]
      }
    },
    {
      "type": "Feature",
      "properties": {
        "id": 1121148866,
        "name": "Unnamed Road",
        "highway": "service",
        "oneway": false,
        "maxspeed": "50"
      },
      "geometry": {
        "type": "LineString",
        "coordinates": [
          [
            77.2234814,
            28.6267377
          ],
          [
            77.2236846,
            28.6268308
          ],
          [
            77.2241627,
            28.62705
          ]
        ]
      }
    },
    {
      "type": "Feature",
      "properties": {
        "id": 1121148867,
        "name": "Unnamed Road",
        "highway": "service",
        "oneway": false,
        "maxspeed": "50"
      },
      "geometry": {
        "type": "LineString",
        "coordinates": [
          [
            77.2236846,
            28.6268308
          ],
          [
            77.2237303,
            28.6267429
          ],
          [
            77.2237861,
            28.6266559
          ]
        ]
      }
    },
    {
      "type": "Feature",
      "properties": {
        "id": 1121148868,
        "name": "Unnamed Road",
        "highway": "service",
        "oneway": false,
        "maxspeed": "50"
      },
      "geometry": {
        "type": "LineString",
        "coordinates": [
          [
            77.2230553,
            28.6270601
          ],
          [
            77.2231094,
            28.6270821
          ],
          [
            77.2235703,
            28.6272696
          ]
        ]
      }
    },
    {
      "type": "Feature",
      "properties": {
        "id": 1121148869,
        "name": "Unnamed Road",
        "highway": "service",
        "oneway": false,
        "maxspeed": "50"
      },
      "geometry": {
        "type": "LineString",
        "coordinates": [
          [
            77.2220229,
            28.6264769
          ],
          [
            77.2221259,
            28.6265181
          ],
          [
            77.2222221,
            28.6264846
          ],
          [
            77.2222809,
            28.6264709
          ],
          [
            77.2224005,
            28.6264612
          ],
          [
            77.2226038,
            28.6264523
          ],
          [
            77.2227331,
            28.6264651
          ],
          [
            77.2228188,
            28.6264867
          ],
          [
            77.2228624,
            28.6265186
          ],
          [
            77.2228798,
            28.626553
          ],
          [
            77.2227113,
            28.6268882
          ]
        ]
      }
    },
    {
      "type": "Feature",
      "properties": {
        "id": 1121148874,
        "name": "Unnamed Road",
        "highway": "service",
        "oneway": false,
        "maxspeed": "50"
      },
      "geometry": {
        "type": "LineString",
        "coordinates": [
          [
            77.2225438,
            28.6277888
          ],
          [
            77.2223563,
            28.6277035
          ],
          [
            77.2222616,
            28.6276584
          ],
          [
            77.2216425,
            28.6273799
          ],
          [
            77.2218624,
            28.6270142
          ],
          [
            77.2224721,
            28.6272909
          ],
          [
            77.2225635,
            28.6273323
          ],
          [
            77.2227547,
            28.6274191
          ]
        ]
      }
    },
    {
      "type": "Feature",
      "properties": {
        "id": 1121148875,
        "name": "Unnamed Road",
        "highway": "service",
        "oneway": false,
        "maxspeed": "50"
      },
      "geometry": {
        "type": "LineString",
        "coordinates": [
          [
            77.2222616,
            28.6276584
          ],
          [
            77.2224721,
            28.6272909
          ]
        ]
      }
    },
    {
      "type": "Feature",
      "properties": {
        "id": 1121148876,
        "name": "Unnamed Road",
        "highway": "service",
        "oneway": false,
        "maxspeed": "50"
      },
      "geometry": {
        "type": "LineString",
        "coordinates": [
          [
            77.2222184,
            28.6276817
          ],
          [
            77.2216845,
            28.6274477
          ],
          [
            77.2214959,
            28.6277791
          ],
          [
            77.2220298,
            28.6280131
          ],
          [
            77.2222184,
            28.6276817
          ]
        ]
      }
    },
    {
      "type": "Feature",
      "properties": {
        "id": 1121150260,
        "name": "Unnamed Road",
        "highway": "service",
        "oneway": false,
        "maxspeed": "50"
      },
      "geometry": {
        "type": "LineString",
        "coordinates": [
          [
            77.2221173,
            28.6285365
          ],
          [
            77.2219292,
            28.6284537
          ],
          [
            77.221867,
            28.6284266
          ],
          [
            77.2218437,
            28.6284062
          ],
          [
            77.2218423,
            28.6283782
          ],
          [
            77.2219613,
            28.6281613
          ],
          [
            77.2219773,
            28.628132
          ],
          [
            77.2219715,
            28.6281052
          ],
          [
            77.2219352,
            28.6280874
          ]
        ]
      }
    },
    {
      "type": "Feature",
      "properties": {
        "id": 1121150261,
        "name": "Unnamed Road",
        "highway": "service",
        "oneway": false,
        "maxspeed": "50"
      },
      "geometry": {
        "type": "LineString",
        "coordinates": [
          [
            77.2218713,
            28.6289678
          ],
          [
            77.2210246,
            28.6286344
          ],
          [
            77.2210013,
            28.6286178
          ],
          [
            77.2209926,
            28.6285974
          ],
          [
            77.2211727,
            28.628243
          ],
          [
            77.2211974,
            28.628229
          ],
          [
            77.2212366,
            28.6282392
          ],
          [
            77.2220725,
            28.628615
          ]
        ]
      }
    },
    {
      "type": "Feature",
      "properties": {
        "id": 1121150262,
        "name": "Unnamed Road",
        "highway": "service",
        "oneway": false,
        "maxspeed": "50"
      },
      "geometry": {
        "type": "LineString",
        "coordinates": [
          [
            77.2202722,
            28.6289646
          ],
          [
            77.2202867,
            28.6291647
          ],
          [
            77.2204959,
            28.6292094
          ],
          [
            77.2208096,
            28.6292999
          ],
          [
            77.2208387,
            28.6292922
          ],
          [
            77.2208546,
            28.6292718
          ],
          [
            77.2209084,
            28.6291571
          ],
          [
            77.2209547,
            28.629037
          ]
        ]
      }
    },
    {
      "type": "Feature",
      "properties": {
        "id": 1121150263,
        "name": "Unnamed Road",
        "highway": "service",
        "oneway": false,
        "maxspeed": "50"
      },
      "geometry": {
        "type": "LineString",
        "coordinates": [
          [
            77.2196405,
            28.6281693
          ],
          [
            77.2195839,
            28.6273115
          ],
          [
            77.219576,
            28.6271513
          ],
          [
            77.219552,
            28.6266601
          ]
        ]
      }
    },
    {
      "type": "Feature",
      "properties": {
        "id": 1121150264,
        "name": "Unnamed Road",
        "highway": "service",
        "oneway": false,
        "maxspeed": "50"
      },
      "geometry": {
        "type": "LineString",
        "coordinates": [
          [
            77.2194099,
            28.6271569
          ],
          [
            77.219576,
            28.6271513
          ]
        ]
      }
    },
    {
      "type": "Feature",
      "properties": {
        "id": 1121150266,
        "name": "Unnamed Road",
        "highway": "service",
        "oneway": false,
        "maxspeed": "50"
      },
      "geometry": {
        "type": "LineString",
        "coordinates": [
          [
            77.2205815,
            28.6281249
          ],
          [
            77.2201369,
            28.6281451
          ]
        ]
      }
    },
    {
      "type": "Feature",
      "properties": {
        "id": 1121150267,
        "name": "Unnamed Road",
        "highway": "service",
        "oneway": false,
        "maxspeed": "50"
      },
      "geometry": {
        "type": "LineString",
        "coordinates": [
          [
            77.2205177,
            28.6271298
          ],
          [
            77.2216382,
            28.6270981
          ]
        ]
      }
    },
    {
      "type": "Feature",
      "properties": {
        "id": 1121151140,
        "name": "Unnamed Road",
        "highway": "service",
        "oneway": false,
        "maxspeed": "50"
      },
      "geometry": {
        "type": "LineString",
        "coordinates": [
          [
            77.2174125,
            28.6284041
          ],
          [
            77.2174171,
            28.628499
          ],
          [
            77.2174171,
            28.6285727
          ],
          [
            77.21741,
            28.6286073
          ],
          [
            77.2173885,
            28.6286387
          ],
          [
            77.2173635,
            28.6286528
          ],
          [
            77.2171239,
            28.6286716
          ],
          [
            77.2170935,
            28.6286638
          ],
          [
            77.2170649,
            28.6286418
          ],
          [
            77.2170398,
            28.628579
          ],
          [
            77.2169665,
            28.6284252
          ],
          [
            77.2169004,
            28.6283405
          ],
          [
            77.2168503,
            28.6282934
          ],
          [
            77.2168181,
            28.6282573
          ],
          [
            77.216802,
            28.6282322
          ],
          [
            77.2168092,
            28.6282023
          ],
          [
            77.2170649,
            28.6278382
          ],
          [
            77.2170935,
            28.6278272
          ],
          [
            77.2171346,
            28.6278272
          ],
          [
            77.2171561,
            28.6278586
          ],
          [
            77.2171865,
            28.6280658
          ],
          [
            77.2172079,
            28.6281192
          ],
          [
            77.2172634,
            28.6281898
          ],
          [
            77.2174125,
            28.6284041
          ]
        ]
      }
    },
    {
      "type": "Feature",
      "properties": {
        "id": 1121151141,
        "name": "Unnamed Road",
        "highway": "service",
        "oneway": false,
        "maxspeed": "50"
      },
      "geometry": {
        "type": "LineString",
        "coordinates": [
          [
            77.217497,
            28.6271785
          ],
          [
            77.2175035,
            28.6277255
          ]
        ]
      }
    },
    {
      "type": "Feature",
      "properties": {
        "id": 1121151142,
        "name": "Unnamed Road",
        "highway": "service",
        "oneway": false,
        "maxspeed": "50"
      },
      "geometry": {
        "type": "LineString",
        "coordinates": [
          [
            77.2171881,
            28.6271708
          ],
          [
            77.2171614,
            28.6262836
          ]
        ]
      }
    },
    {
      "type": "Feature",
      "properties": {
        "id": 1121151143,
        "name": "Unnamed Road",
        "highway": "service",
        "oneway": false,
        "maxspeed": "50"
      },
      "geometry": {
        "type": "LineString",
        "coordinates": [
          [
            77.2178921,
            28.626885
          ],
          [
            77.2178825,
            28.6266987
          ]
        ]
      }
    },
    {
      "type": "Feature",
      "properties": {
        "id": 1121151144,
        "name": "Unnamed Road",
        "highway": "service",
        "oneway": false,
        "maxspeed": "50"
      },
      "geometry": {
        "type": "LineString",
        "coordinates": [
          [
            77.2179285,
            28.6262569
          ],
          [
            77.217961,
            28.6261377
          ],
          [
            77.2179755,
            28.6261033
          ],
          [
            77.2179944,
            28.6260829
          ],
          [
            77.2180321,
            28.6260612
          ],
          [
            77.2191011,
            28.6260114
          ]
        ]
      }
    },
    {
      "type": "Feature",
      "properties": {
        "id": 1121151145,
        "name": "Unnamed Road",
        "highway": "service",
        "oneway": false,
        "maxspeed": "50"
      },
      "geometry": {
        "type": "LineString",
        "coordinates": [
          [
            77.2172521,
            28.6256698
          ],
          [
            77.2178644,
            28.6256404
          ]
        ]
      }
    },
    {
      "type": "Feature",
      "properties": {
        "id": 1121168153,
        "name": "Unnamed Road",
        "highway": "service",
        "oneway": false,
        "maxspeed": "50"
      },
      "geometry": {
        "type": "LineString",
        "coordinates": [
          [
            77.2192866,
            28.6253964
          ],
          [
            77.2194257,
            28.6253916
          ],
          [
            77.2196745,
            28.6253828
          ],
          [
            77.2205527,
            28.6253517
          ],
          [
            77.2205933,
            28.6253445
          ],
          [
            77.2206118,
            28.6253283
          ],
          [
            77.2206187,
            28.6253041
          ],
          [
            77.2206055,
            28.6249622
          ]
        ]
      }
    },
    {
      "type": "Feature",
      "properties": {
        "id": 1121168155,
        "name": "Unnamed Road",
        "highway": "service",
        "oneway": false,
        "maxspeed": "50"
      },
      "geometry": {
        "type": "LineString",
        "coordinates": [
          [
            77.2215316,
            28.6250192
          ],
          [
            77.2209464,
            28.6250554
          ]
        ]
      }
    },
    {
      "type": "Feature",
      "properties": {
        "id": 1121168158,
        "name": "Unnamed Road",
        "highway": "service",
        "oneway": false,
        "maxspeed": "50"
      },
      "geometry": {
        "type": "LineString",
        "coordinates": [
          [
            77.2215136,
            28.6248825
          ],
          [
            77.2220038,
            28.6248463
          ],
          [
            77.2220619,
            28.6248642
          ],
          [
            77.2220967,
            28.6248833
          ],
          [
            77.2221301,
            28.6249279
          ],
          [
            77.2222391,
            28.625114
          ],
          [
            77.222242,
            28.6252288
          ]
        ]
      }
    },
    {
      "type": "Feature",
      "properties": {
        "id": 1121169241,
        "name": "Unnamed Road",
        "highway": "service",
        "oneway": false,
        "maxspeed": "50"
      },
      "geometry": {
        "type": "LineString",
        "coordinates": [
          [
            77.2197391,
            28.6262893
          ],
          [
            77.2197315,
            28.6261185
          ],
          [
            77.2197075,
            28.625578
          ]
        ]
      }
    },
    {
      "type": "Feature",
      "properties": {
        "id": 1121169242,
        "name": "Unnamed Road",
        "highway": "service",
        "oneway": false,
        "maxspeed": "50"
      },
      "geometry": {
        "type": "LineString",
        "coordinates": [
          [
            77.2197315,
            28.6261185
          ],
          [
            77.220287,
            28.6261042
          ],
          [
            77.22047,
            28.6260994
          ],
          [
            77.2204695,
            28.6260611
          ],
          [
            77.2204685,
            28.6259911
          ]
        ]
      }
    },
    {
      "type": "Feature",
      "properties": {
        "id": 1121169243,
        "name": "Unnamed Road",
        "highway": "service",
        "oneway": false,
        "maxspeed": "50"
      },
      "geometry": {
        "type": "LineString",
        "coordinates": [
          [
            77.2204695,
            28.6260611
          ],
          [
            77.2206079,
            28.6260598
          ],
          [
            77.220669,
            28.6260592
          ],
          [
            77.2207285,
            28.6260586
          ],
          [
            77.2207198,
            28.6254888
          ],
          [
            77.2206065,
            28.6254913
          ],
          [
            77.2206066,
            28.6255448
          ],
          [
            77.2206079,
            28.6260598
          ]
        ]
      }
    },
    {
      "type": "Feature",
      "properties": {
        "id": 1121169244,
        "name": "Unnamed Road",
        "highway": "service",
        "oneway": false,
        "maxspeed": "50"
      },
      "geometry": {
        "type": "LineString",
        "coordinates": [
          [
            77.2204497,
            28.6255501
          ],
          [
            77.2206066,
            28.6255448
          ]
        ]
      }
    },
    {
      "type": "Feature",
      "properties": {
        "id": 1121169245,
        "name": "Unnamed Road",
        "highway": "service",
        "oneway": false,
        "maxspeed": "50"
      },
      "geometry": {
        "type": "LineString",
        "coordinates": [
          [
            77.2202908,
            28.6262575
          ],
          [
            77.220287,
            28.6261042
          ]
        ]
      }
    },
    {
      "type": "Feature",
      "properties": {
        "id": 1121169246,
        "name": "Unnamed Road",
        "highway": "service",
        "oneway": false,
        "maxspeed": "50"
      },
      "geometry": {
        "type": "LineString",
        "coordinates": [
          [
            77.2204702,
            28.6262472
          ],
          [
            77.22047,
            28.6260994
          ]
        ]
      }
    },
    {
      "type": "Feature",
      "properties": {
        "id": 1121169247,
        "name": "Unnamed Road",
        "highway": "service",
        "oneway": false,
        "maxspeed": "50"
      },
      "geometry": {
        "type": "LineString",
        "coordinates": [
          [
            77.2206641,
            28.6262372
          ],
          [
            77.220669,
            28.6260592
          ]
        ]
      }
    },
    {
      "type": "Feature",
      "properties": {
        "id": 1121170804,
        "name": "Unnamed Road",
        "highway": "footway",
        "oneway": false,
        "maxspeed": "50"
      },
      "geometry": {
        "type": "LineString",
        "coordinates": [
          [
            77.2166462,
            28.6263384
          ],
          [
            77.2166367,
            28.6263549
          ],
          [
            77.2166234,
            28.6263706
          ],
          [
            77.2166091,
            28.6263825
          ],
          [
            77.2165895,
            28.626394
          ],
          [
            77.2165726,
            28.6264005
          ],
          [
            77.2165485,
            28.6264057
          ],
          [
            77.2165314,
            28.6264068
          ],
          [
            77.2165242,
            28.6264066
          ],
          [
            77.2165104,
            28.6264052
          ],
          [
            77.2165053,
            28.6264044
          ],
          [
            77.2164901,
            28.6264006
          ],
          [
            77.216471,
            28.626393
          ],
          [
            77.2164652,
            28.6263901
          ],
          [
            77.2164535,
            28.6263827
          ],
          [
            77.2164367,
            28.6263683
          ],
          [
            77.2164258,
            28.6263552
          ],
          [
            77.216417,
            28.6263401
          ],
          [
            77.2164102,
            28.6263211
          ],
          [
            77.2164079,
            28.6263079
          ],
          [
            77.2164075,
            28.6263028
          ],
          [
            77.2164083,
            28.6262844
          ],
          [
            77.2164102,
            28.6262749
          ],
          [
            77.2164127,
            28.6262664
          ],
          [
            77.2164205,
            28.6262493
          ],
          [
            77.2164237,
            28.6262441
          ],
          [
            77.2164315,
            28.6262336
          ],
          [
            77.2164471,
            28.6262183
          ],
          [
            77.2164617,
            28.6262081
          ],
          [
            77.2164783,
            28.6261998
          ],
          [
            77.2164998,
            28.6261929
          ],
          [
            77.2165142,
            28.6261904
          ],
          [
            77.2165205,
            28.6261898
          ],
          [
            77.2165415,
            28.6261897
          ],
          [
            77.216557,
            28.6261918
          ],
          [
            77.2165622,
            28.6261928
          ],
          [
            77.216582,
            28.626199
          ],
          [
            77.2165967,
            28.6262058
          ],
          [
            77.2166168,
            28.6262195
          ],
          [
            77.2166286,
            28.6262309
          ],
          [
            77.2166417,
            28.626249
          ],
          [
            77.2166489,
            28.6262642
          ],
          [
            77.216654,
            28.6262841
          ],
          [
            77.216655,
            28.6263015
          ],
          [
            77.2166523,
            28.6263208
          ],
          [
            77.2166462,
            28.6263384
          ]
        ]
      }
    },
    {
      "type": "Feature",
      "properties": {
        "id": 1121170805,
        "name": "Unnamed Road",
        "highway": "footway",
        "oneway": false,
        "maxspeed": "50"
      },
      "geometry": {
        "type": "LineString",
        "coordinates": [
          [
            77.2165133,
            28.626455
          ],
          [
            77.2165242,
            28.6264066
          ]
        ]
      }
    },
    {
      "type": "Feature",
      "properties": {
        "id": 1121186672,
        "name": "Unnamed Road",
        "highway": "footway",
        "oneway": false,
        "maxspeed": "50"
      },
      "geometry": {
        "type": "LineString",
        "coordinates": [
          [
            77.2266664,
            28.6286156
          ],
          [
            77.2265343,
            28.6285974
          ],
          [
            77.2262692,
            28.6284579
          ],
          [
            77.2261949,
            28.6283804
          ],
          [
            77.2258454,
            28.6279906
          ],
          [
            77.2258102,
            28.6279542
          ],
          [
            77.2255178,
            28.6276768
          ],
          [
            77.2254593,
            28.6276267
          ],
          [
            77.2252108,
            28.6274192
          ],
          [
            77.2251008,
            28.6273303
          ],
          [
            77.2248931,
            28.6271826
          ],
          [
            77.224229,
            28.6267289
          ],
          [
            77.2238228,
            28.6265179
          ],
          [
            77.2237196,
            28.6263836
          ],
          [
            77.2236701,
            28.6262498
          ],
          [
            77.2236777,
            28.6261267
          ],
          [
            77.2237218,
            28.6260493
          ],
          [
            77.2239085,
            28.6257235
          ],
          [
            77.2239796,
            28.6255995
          ],
          [
            77.2241425,
            28.6253156
          ],
          [
            77.2242215,
            28.6251777
          ],
          [
            77.2242951,
            28.6250491
          ],
          [
            77.2243662,
            28.6249242
          ]
        ]
      }
    },
    {
      "type": "Feature",
      "properties": {
        "id": 1121189623,
        "name": "Unnamed Road",
        "highway": "service",
        "oneway": false,
        "maxspeed": "50"
      },
      "geometry": {
        "type": "LineString",
        "coordinates": [
          [
            77.2246085,
            28.6248802
          ],
          [
            77.2245441,
            28.6249943
          ],
          [
            77.224743,
            28.6250842
          ],
          [
            77.2249631,
            28.6251836
          ]
        ]
      }
    },
    {
      "type": "Feature",
      "properties": {
        "id": 1121189624,
        "name": "Unnamed Road",
        "highway": "service",
        "oneway": false,
        "maxspeed": "50"
      },
      "geometry": {
        "type": "LineString",
        "coordinates": [
          [
            77.224743,
            28.6250842
          ],
          [
            77.2248127,
            28.6249698
          ]
        ]
      }
    },
    {
      "type": "Feature",
      "properties": {
        "id": 1121189625,
        "name": "Unnamed Road",
        "highway": "service",
        "oneway": false,
        "maxspeed": "50"
      },
      "geometry": {
        "type": "LineString",
        "coordinates": [
          [
            77.2236427,
            28.6260125
          ],
          [
            77.2237218,
            28.6260493
          ],
          [
            77.2237736,
            28.6260733
          ],
          [
            77.2243607,
            28.6263462
          ],
          [
            77.2244008,
            28.6263772
          ],
          [
            77.2244149,
            28.626429
          ],
          [
            77.224229,
            28.6267289
          ],
          [
            77.2241988,
            28.6267777
          ]
        ]
      }
    },
    {
      "type": "Feature",
      "properties": {
        "id": 1121189626,
        "name": "Unnamed Road",
        "highway": "service",
        "oneway": false,
        "maxspeed": "50"
      },
      "geometry": {
        "type": "LineString",
        "coordinates": [
          [
            77.2237736,
            28.6260733
          ],
          [
            77.2239591,
            28.6257443
          ],
          [
            77.2240289,
            28.6256207
          ],
          [
            77.2241896,
            28.6253356
          ],
          [
            77.2242677,
            28.6251973
          ],
          [
            77.2243407,
            28.6250678
          ],
          [
            77.2244786,
            28.6248232
          ]
        ]
      }
    },
    {
      "type": "Feature",
      "properties": {
        "id": 1121189627,
        "name": "Unnamed Road",
        "highway": "service",
        "oneway": false,
        "maxspeed": "50"
      },
      "geometry": {
        "type": "LineString",
        "coordinates": [
          [
            77.2240636,
            28.625282
          ],
          [
            77.2241425,
            28.6253156
          ],
          [
            77.2241896,
            28.6253356
          ]
        ]
      }
    },
    {
      "type": "Feature",
      "properties": {
        "id": 1121189628,
        "name": "Unnamed Road",
        "highway": "service",
        "oneway": false,
        "maxspeed": "50"
      },
      "geometry": {
        "type": "LineString",
        "coordinates": [
          [
            77.2241429,
            28.6251442
          ],
          [
            77.2242215,
            28.6251777
          ],
          [
            77.2242677,
            28.6251973
          ]
        ]
      }
    },
    {
      "type": "Feature",
      "properties": {
        "id": 1121189629,
        "name": "Unnamed Road",
        "highway": "service",
        "oneway": false,
        "maxspeed": "50"
      },
      "geometry": {
        "type": "LineString",
        "coordinates": [
          [
            77.2242162,
            28.6250171
          ],
          [
            77.2242951,
            28.6250491
          ],
          [
            77.2243407,
            28.6250678
          ]
        ]
      }
    },
    {
      "type": "Feature",
      "properties": {
        "id": 1121189630,
        "name": "Unnamed Road",
        "highway": "service",
        "oneway": false,
        "maxspeed": "50"
      },
      "geometry": {
        "type": "LineString",
        "coordinates": [
          [
            77.2239001,
            28.6255656
          ],
          [
            77.2239796,
            28.6255995
          ],
          [
            77.2240289,
            28.6256207
          ],
          [
            77.2241639,
            28.6256682
          ],
          [
            77.2243035,
            28.6253815
          ],
          [
            77.2241896,
            28.6253356
          ]
        ]
      }
    },
    {
      "type": "Feature",
      "properties": {
        "id": 1121189631,
        "name": "Unnamed Road",
        "highway": "service",
        "oneway": false,
        "maxspeed": "50"
      },
      "geometry": {
        "type": "LineString",
        "coordinates": [
          [
            77.2239591,
            28.6257443
          ],
          [
            77.2239085,
            28.6257235
          ],
          [
            77.223828,
            28.6256909
          ]
        ]
      }
    },
    {
      "type": "Feature",
      "properties": {
        "id": 1122038561,
        "name": "Unnamed Road",
        "highway": "footway",
        "oneway": false,
        "maxspeed": "50"
      },
      "geometry": {
        "type": "LineString",
        "coordinates": [
          [
            77.2108469,
            28.6308988
          ],
          [
            77.2110769,
            28.6309186
          ],
          [
            77.2110849,
            28.6309211
          ],
          [
            77.2112116,
            28.6309622
          ],
          [
            77.2112825,
            28.6309852
          ],
          [
            77.2113872,
            28.6310378
          ]
        ]
      }
    },
    {
      "type": "Feature",
      "properties": {
        "id": 1122038562,
        "name": "Unnamed Road",
        "highway": "footway",
        "oneway": false,
        "maxspeed": "50"
      },
      "geometry": {
        "type": "LineString",
        "coordinates": [
          [
            77.2112116,
            28.6309622
          ],
          [
            77.2112135,
            28.6310378
          ],
          [
            77.2110898,
            28.6310924
          ],
          [
            77.2110496,
            28.6310984
          ],
          [
            77.2109966,
            28.6309908
          ],
          [
            77.211042,
            28.6309525
          ],
          [
            77.2110849,
            28.6309211
          ]
        ]
      }
    },
    {
      "type": "Feature",
      "properties": {
        "id": 1122038563,
        "name": "Unnamed Road",
        "highway": "footway",
        "oneway": false,
        "maxspeed": "50"
      },
      "geometry": {
        "type": "LineString",
        "coordinates": [
          [
            77.2113872,
            28.6310378
          ],
          [
            77.2113745,
            28.6310719
          ],
          [
            77.2113787,
            28.6310776
          ],
          [
            77.2113881,
            28.6310905
          ],
          [
            77.2114102,
            28.6311053
          ],
          [
            77.2114418,
            28.6311036
          ],
          [
            77.2114482,
            28.6311033
          ],
          [
            77.2114709,
            28.6310806
          ],
          [
            77.2114664,
            28.631052
          ],
          [
            77.2114512,
            28.631036
          ],
          [
            77.2114262,
            28.6310294
          ],
          [
            77.211405,
            28.6310339
          ],
          [
            77.2113872,
            28.6310378
          ]
        ]
      }
    },
    {
      "type": "Feature",
      "properties": {
        "id": 1122038564,
        "name": "Unnamed Road",
        "highway": "footway",
        "oneway": false,
        "maxspeed": "50"
      },
      "geometry": {
        "type": "LineString",
        "coordinates": [
          [
            77.2113787,
            28.6310776
          ],
          [
            77.2113071,
            28.6311765
          ],
          [
            77.2112841,
            28.6312263
          ],
          [
            77.2112464,
            28.6313077
          ],
          [
            77.2112312,
            28.631383
          ],
          [
            77.2112312,
            28.6314768
          ]
        ]
      }
    },
    {
      "type": "Feature",
      "properties": {
        "id": 1122038565,
        "name": "Unnamed Road",
        "highway": "footway",
        "oneway": false,
        "maxspeed": "50"
      },
      "geometry": {
        "type": "LineString",
        "coordinates": [
          [
            77.2114418,
            28.6311036
          ],
          [
            77.2114977,
            28.6312041
          ],
          [
            77.2115264,
            28.6312908
          ],
          [
            77.2115538,
            28.6313732
          ],
          [
            77.2115606,
            28.6315171
          ],
          [
            77.2115622,
            28.6315823
          ]
        ]
      }
    },
    {
      "type": "Feature",
      "properties": {
        "id": 1122038566,
        "name": "Unnamed Road",
        "highway": "footway",
        "oneway": false,
        "maxspeed": "50"
      },
      "geometry": {
        "type": "LineString",
        "coordinates": [
          [
            77.2112841,
            28.6312263
          ],
          [
            77.2113686,
            28.631238
          ],
          [
            77.2114588,
            28.6312642
          ],
          [
            77.2115264,
            28.6312908
          ]
        ]
      }
    },
    {
      "type": "Feature",
      "properties": {
        "id": 1122038567,
        "name": "Unnamed Road",
        "highway": "footway",
        "oneway": false,
        "maxspeed": "50"
      },
      "geometry": {
        "type": "LineString",
        "coordinates": [
          [
            77.211405,
            28.6310339
          ],
          [
            77.2114289,
            28.630813
          ],
          [
            77.2114527,
            28.6305926
          ],
          [
            77.2114746,
            28.6303904
          ]
        ]
      }
    },
    {
      "type": "Feature",
      "properties": {
        "id": 1122038568,
        "name": "Unnamed Road",
        "highway": "footway",
        "oneway": false,
        "maxspeed": "50"
      },
      "geometry": {
        "type": "LineString",
        "coordinates": [
          [
            77.2114289,
            28.630813
          ],
          [
            77.2115716,
            28.6308304
          ],
          [
            77.2117655,
            28.630854
          ]
        ]
      }
    },
    {
      "type": "Feature",
      "properties": {
        "id": 1122038569,
        "name": "Unnamed Road",
        "highway": "footway",
        "oneway": false,
        "maxspeed": "50"
      },
      "geometry": {
        "type": "LineString",
        "coordinates": [
          [
            77.2115716,
            28.6308304
          ],
          [
            77.2115997,
            28.6306054
          ],
          [
            77.2114527,
            28.6305926
          ]
        ]
      }
    },
    {
      "type": "Feature",
      "properties": {
        "id": 1122038570,
        "name": "Unnamed Road",
        "highway": "residential",
        "oneway": false,
        "maxspeed": "50"
      },
      "geometry": {
        "type": "LineString",
        "coordinates": [
          [
            77.2101135,
            28.6299795
          ],
          [
            77.2111536,
            28.6304466
          ]
        ]
      }
    },
    {
      "type": "Feature",
      "properties": {
        "id": 1122038571,
        "name": "Unnamed Road",
        "highway": "residential",
        "oneway": false,
        "maxspeed": "50"
      },
      "geometry": {
        "type": "LineString",
        "coordinates": [
          [
            77.2140058,
            28.6309842
          ],
          [
            77.2141811,
            28.6307057
          ]
        ]
      }
    },
    {
      "type": "Feature",
      "properties": {
        "id": 1122038572,
        "name": "Unnamed Road",
        "highway": "residential",
        "oneway": false,
        "maxspeed": "50"
      },
      "geometry": {
        "type": "LineString",
        "coordinates": [
          [
            77.2104831,
            28.6288958
          ],
          [
            77.2106855,
            28.6289868
          ],
          [
            77.2117262,
            28.6294544
          ]
        ]
      }
    },
    {
      "type": "Feature",
      "properties": {
        "id": 1122038573,
        "name": "Unnamed Road",
        "highway": "residential",
        "oneway": false,
        "maxspeed": "50"
      },
      "geometry": {
        "type": "LineString",
        "coordinates": [
          [
            77.2106855,
            28.6289868
          ],
          [
            77.2106093,
            28.6291275
          ],
          [
            77.2105084,
            28.6293137
          ]
        ]
      }
    },
    {
      "type": "Feature",
      "properties": {
        "id": 1122038574,
        "name": "Unnamed Road",
        "highway": "residential",
        "oneway": false,
        "maxspeed": "50"
      },
      "geometry": {
        "type": "LineString",
        "coordinates": [
          [
            77.2106093,
            28.6291275
          ],
          [
            77.2106477,
            28.6291451
          ],
          [
            77.2106768,
            28.6291585
          ],
          [
            77.2107276,
            28.6291818
          ],
          [
            77.2108437,
            28.6292351
          ],
          [
            77.2107701,
            28.629365
          ],
          [
            77.2107382,
            28.6293763
          ],
          [
            77.2105865,
            28.629339
          ],
          [
            77.21056,
            28.629297
          ],
          [
            77.2106477,
            28.6291451
          ]
        ]
      }
    },
    {
      "type": "Feature",
      "properties": {
        "id": 1122038575,
        "name": "Unnamed Road",
        "highway": "residential",
        "oneway": false,
        "maxspeed": "50"
      },
      "geometry": {
        "type": "LineString",
        "coordinates": [
          [
            77.2107276,
            28.6291818
          ],
          [
            77.2107542,
            28.6291359
          ],
          [
            77.2107071,
            28.6291113
          ],
          [
            77.2106768,
            28.6291585
          ]
        ]
      }
    },
    {
      "type": "Feature",
      "properties": {
        "id": 1122215528,
        "name": "Unnamed Road",
        "highway": "residential",
        "oneway": false,
        "maxspeed": "50"
      },
      "geometry": {
        "type": "LineString",
        "coordinates": [
          [
            77.2087295,
            28.6280741
          ],
          [
            77.2089608,
            28.6281872
          ],
          [
            77.2094145,
            28.6284091
          ],
          [
            77.2097607,
            28.6285784
          ],
          [
            77.2101523,
            28.6287545
          ]
        ]
      }
    },
    {
      "type": "Feature",
      "properties": {
        "id": 1122215529,
        "name": "Unnamed Road",
        "highway": "residential",
        "oneway": false,
        "maxspeed": "50"
      },
      "geometry": {
        "type": "LineString",
        "coordinates": [
          [
            77.2102342,
            28.6286164
          ],
          [
            77.2101523,
            28.6287545
          ],
          [
            77.2098199,
            28.6292728
          ],
          [
            77.2097543,
            28.6293749
          ]
        ]
      }
    },
    {
      "type": "Feature",
      "properties": {
        "id": 1122215530,
        "name": "Unnamed Road",
        "highway": "residential",
        "oneway": false,
        "maxspeed": "50"
      },
      "geometry": {
        "type": "LineString",
        "coordinates": [
          [
            77.2098199,
            28.6292728
          ],
          [
            77.2101718,
            28.6294188
          ]
        ]
      }
    },
    {
      "type": "Feature",
      "properties": {
        "id": 1122215536,
        "name": "Unnamed Road",
        "highway": "residential",
        "oneway": false,
        "maxspeed": "50"
      },
      "geometry": {
        "type": "LineString",
        "coordinates": [
          [
            77.2108177,
            28.6282509
          ],
          [
            77.2111574,
            28.6282302
          ]
        ]
      }
    },
    {
      "type": "Feature",
      "properties": {
        "id": 1122215537,
        "name": "Unnamed Road",
        "highway": "residential",
        "oneway": false,
        "maxspeed": "50"
      },
      "geometry": {
        "type": "LineString",
        "coordinates": [
          [
            77.2108071,
            28.6280106
          ],
          [
            77.2110516,
            28.6280003
          ],
          [
            77.2110538,
            28.6280531
          ]
        ]
      }
    },
    {
      "type": "Feature",
      "properties": {
        "id": 1122215538,
        "name": "Unnamed Road",
        "highway": "residential",
        "oneway": false,
        "maxspeed": "50"
      },
      "geometry": {
        "type": "LineString",
        "coordinates": [
          [
            77.2107962,
            28.6277627
          ],
          [
            77.2110342,
            28.6277662
          ],
          [
            77.2110406,
            28.6278882
          ]
        ]
      }
    },
    {
      "type": "Feature",
      "properties": {
        "id": 1122215539,
        "name": "Unnamed Road",
        "highway": "residential",
        "oneway": false,
        "maxspeed": "50"
      },
      "geometry": {
        "type": "LineString",
        "coordinates": [
          [
            77.2107865,
            28.6275429
          ],
          [
            77.2111201,
            28.6275343
          ],
          [
            77.2111239,
            28.6276761
          ]
        ]
      }
    },
    {
      "type": "Feature",
      "properties": {
        "id": 1122215540,
        "name": "Unnamed Road",
        "highway": "residential",
        "oneway": false,
        "maxspeed": "50"
      },
      "geometry": {
        "type": "LineString",
        "coordinates": [
          [
            77.2107755,
            28.6272935
          ],
          [
            77.2110194,
            28.6272936
          ]
        ]
      }
    },
    {
      "type": "Feature",
      "properties": {
        "id": 1122220358,
        "name": "Unnamed Road",
        "highway": "residential",
        "oneway": false,
        "maxspeed": "50"
      },
      "geometry": {
        "type": "LineString",
        "coordinates": [
          [
            77.210765,
            28.6270557
          ],
          [
            77.2109934,
            28.6270468
          ],
          [
            77.2109947,
            28.6271633
          ],
          [
            77.2112244,
            28.6271622
          ],
          [
            77.2112139,
            28.6269905
          ],
          [
            77.2112115,
            28.6269507
          ],
          [
            77.2110771,
            28.6269579
          ]
        ]
      }
    },
    {
      "type": "Feature",
      "properties": {
        "id": 1122220359,
        "name": "Unnamed Road",
        "highway": "service",
        "oneway": false,
        "maxspeed": "50"
      },
      "geometry": {
        "type": "LineString",
        "coordinates": [
          [
            77.2107826,
            28.6274534
          ],
          [
            77.2104468,
            28.6274737
          ],
          [
            77.2103613,
            28.6274995
          ],
          [
            77.2101457,
            28.627607
          ],
          [
            77.2098625,
            28.62771
          ]
        ]
      }
    },
    {
      "type": "Feature",
      "properties": {
        "id": 1122220360,
        "name": "Unnamed Road",
        "highway": "service",
        "oneway": false,
        "maxspeed": "50"
      },
      "geometry": {
        "type": "LineString",
        "coordinates": [
          [
            77.2112532,
            28.6276809
          ],
          [
            77.2113587,
            28.6277561
          ],
          [
            77.2114047,
            28.6277727
          ],
          [
            77.2114814,
            28.6277656
          ],
          [
            77.2121465,
            28.6273813
          ]
        ]
      }
    },
    {
      "type": "Feature",
      "properties": {
        "id": 1122220361,
        "name": "Unnamed Road",
        "highway": "residential",
        "oneway": false,
        "maxspeed": "50"
      },
      "geometry": {
        "type": "LineString",
        "coordinates": [
          [
            77.2113018,
            28.6267448
          ],
          [
            77.2113064,
            28.6269833
          ]
        ]
      }
    },
    {
      "type": "Feature",
      "properties": {
        "id": 1122220362,
        "name": "Unnamed Road",
        "highway": "residential",
        "oneway": false,
        "maxspeed": "50"
      },
      "geometry": {
        "type": "LineString",
        "coordinates": [
          [
            77.2112139,
            28.6269905
          ],
          [
            77.2113064,
            28.6269833
          ],
          [
            77.2114165,
            28.6269881
          ],
          [
            77.2114938,
            28.6269569
          ],
          [
            77.2115767,
            28.6268998
          ]
        ]
      }
    },
    {
      "type": "Feature",
      "properties": {
        "id": 1122220363,
        "name": "Unnamed Road",
        "highway": "residential",
        "oneway": false,
        "maxspeed": "50"
      },
      "geometry": {
        "type": "LineString",
        "coordinates": [
          [
            77.2118507,
            28.6270127
          ],
          [
            77.2116854,
            28.6271161
          ],
          [
            77.2118066,
            28.6272695
          ],
          [
            77.2119176,
            28.6272029
          ]
        ]
      }
    },
    {
      "type": "Feature",
      "properties": {
        "id": 1122220364,
        "name": "Unnamed Road",
        "highway": "path",
        "oneway": false,
        "maxspeed": "50"
      },
      "geometry": {
        "type": "LineString",
        "coordinates": [
          [
            77.2147767,
            28.6294827
          ],
          [
            77.2155379,
            28.6298521
          ],
          [
            77.2156731,
            28.6296216
          ],
          [
            77.2148897,
            28.6292766
          ],
          [
            77.2147767,
            28.6294827
          ]
        ]
      }
    },
    {
      "type": "Feature",
      "properties": {
        "id": 1122220365,
        "name": "Unnamed Road",
        "highway": "service",
        "oneway": false,
        "maxspeed": "50"
      },
      "geometry": {
        "type": "LineString",
        "coordinates": [
          [
            77.2162572,
            28.6289233
          ],
          [
            77.2161597,
            28.6288023
          ],
          [
            77.2161308,
            28.6286962
          ],
          [
            77.2162119,
            28.6286525
          ]
        ]
      }
    },
    {
      "type": "Feature",
      "properties": {
        "id": 1122220366,
        "name": "Unnamed Road",
        "highway": "service",
        "oneway": false,
        "maxspeed": "50"
      },
      "geometry": {
        "type": "LineString",
        "coordinates": [
          [
            77.2147767,
            28.6294827
          ],
          [
            77.2146565,
            28.629467
          ]
        ]
      }
    },
    {
      "type": "Feature",
      "properties": {
        "id": 1122222114,
        "name": "Unnamed Road",
        "highway": "service",
        "oneway": false,
        "maxspeed": "50"
      },
      "geometry": {
        "type": "LineString",
        "coordinates": [
          [
            77.2160473,
            28.6284619
          ],
          [
            77.2158381,
            28.6286078
          ],
          [
            77.2157941,
            28.6286662
          ],
          [
            77.2157383,
            28.6287999
          ]
        ]
      }
    },
    {
      "type": "Feature",
      "properties": {
        "id": 1122222115,
        "name": "Unnamed Road",
        "highway": "service",
        "oneway": false,
        "maxspeed": "50"
      },
      "geometry": {
        "type": "LineString",
        "coordinates": [
          [
            77.2157449,
            28.6282132
          ],
          [
            77.2154143,
            28.6287559
          ],
          [
            77.2150282,
            28.6285896
          ],
          [
            77.2151463,
            28.6283453
          ]
        ]
      }
    },
    {
      "type": "Feature",
      "properties": {
        "id": 1122222116,
        "name": "Unnamed Road",
        "highway": "service",
        "oneway": false,
        "maxspeed": "50"
      },
      "geometry": {
        "type": "LineString",
        "coordinates": [
          [
            77.2146849,
            28.6279305
          ],
          [
            77.214972,
            28.6280358
          ],
          [
            77.2150643,
            28.6280839
          ],
          [
            77.2151094,
            28.6281611
          ]
        ]
      }
    },
    {
      "type": "Feature",
      "properties": {
        "id": 1122222117,
        "name": "Unnamed Road",
        "highway": "footway",
        "oneway": false,
        "maxspeed": "50"
      },
      "geometry": {
        "type": "LineString",
        "coordinates": [
          [
            77.2162028,
            28.6262674
          ],
          [
            77.2160864,
            28.6262682
          ],
          [
            77.2161594,
            28.6277318
          ],
          [
            77.216234,
            28.6277329
          ]
        ]
      }
    },
    {
      "type": "Feature",
      "properties": {
        "id": 1122222118,
        "name": "Unnamed Road",
        "highway": "service",
        "oneway": false,
        "maxspeed": "50"
      },
      "geometry": {
        "type": "LineString",
        "coordinates": [
          [
            77.2142386,
            28.6273213
          ],
          [
            77.2137095,
            28.6281504
          ]
        ]
      }
    },
    {
      "type": "Feature",
      "properties": {
        "id": 1122222119,
        "name": "Unnamed Road",
        "highway": "service",
        "oneway": false,
        "maxspeed": "50"
      },
      "geometry": {
        "type": "LineString",
        "coordinates": [
          [
            77.2142386,
            28.6273213
          ],
          [
            77.2148693,
            28.6275858
          ]
        ]
      }
    },
    {
      "type": "Feature",
      "properties": {
        "id": 1122222125,
        "name": "Unnamed Road",
        "highway": "service",
        "oneway": false,
        "maxspeed": "50"
      },
      "geometry": {
        "type": "LineString",
        "coordinates": [
          [
            77.2116038,
            28.6261554
          ],
          [
            77.2120371,
            28.6263473
          ],
          [
            77.2120944,
            28.6262558
          ],
          [
            77.2121708,
            28.6261036
          ]
        ]
      }
    },
    {
      "type": "Feature",
      "properties": {
        "id": 1122222126,
        "name": "Unnamed Road",
        "highway": "service",
        "oneway": false,
        "maxspeed": "50"
      },
      "geometry": {
        "type": "LineString",
        "coordinates": [
          [
            77.2117344,
            28.625943
          ],
          [
            77.2116643,
            28.6260569
          ],
          [
            77.2116038,
            28.6261554
          ]
        ]
      }
    },
    {
      "type": "Feature",
      "properties": {
        "id": 1122222127,
        "name": "Unnamed Road",
        "highway": "service",
        "oneway": false,
        "maxspeed": "50"
      },
      "geometry": {
        "type": "LineString",
        "coordinates": [
          [
            77.2107401,
            28.6265323
          ],
          [
            77.2105071,
            28.6266364
          ]
        ]
      }
    },
    {
      "type": "Feature",
      "properties": {
        "id": 1122222128,
        "name": "Unnamed Road",
        "highway": "service",
        "oneway": false,
        "maxspeed": "50"
      },
      "geometry": {
        "type": "LineString",
        "coordinates": [
          [
            77.2096636,
            28.6255116
          ],
          [
            77.2100434,
            28.6252804
          ],
          [
            77.2101714,
            28.6252025
          ],
          [
            77.21041,
            28.6251197
          ],
          [
            77.2105873,
            28.6251286
          ],
          [
            77.2106818,
            28.6251745
          ],
          [
            77.2110352,
            28.6256012
          ],
          [
            77.2108642,
            28.6257099
          ],
          [
            77.2110586,
            28.6259608
          ]
        ]
      }
    },
    {
      "type": "Feature",
      "properties": {
        "id": 1122222129,
        "name": "Unnamed Road",
        "highway": "service",
        "oneway": false,
        "maxspeed": "50"
      },
      "geometry": {
        "type": "LineString",
        "coordinates": [
          [
            77.2106185,
            28.6262364
          ],
          [
            77.2104138,
            28.6259339
          ],
          [
            77.2104802,
            28.6258846
          ],
          [
            77.2100434,
            28.6252804
          ],
          [
            77.2099264,
            28.6251135
          ]
        ]
      }
    },
    {
      "type": "Feature",
      "properties": {
        "id": 1122222130,
        "name": "Unnamed Road",
        "highway": "service",
        "oneway": false,
        "maxspeed": "50"
      },
      "geometry": {
        "type": "LineString",
        "coordinates": [
          [
            77.2105873,
            28.6251286
          ],
          [
            77.2107621,
            28.6250203
          ],
          [
            77.2108438,
            28.6249697
          ]
        ]
      }
    },
    {
      "type": "Feature",
      "properties": {
        "id": 1122226239,
        "name": "Unnamed Road",
        "highway": "tertiary",
        "oneway": false,
        "maxspeed": "50"
      },
      "geometry": {
        "type": "LineString",
        "coordinates": [
          [
            77.2150807,
            28.6266867
          ],
          [
            77.2150886,
            28.6268835
          ],
          [
            77.2150895,
            28.6269281
          ],
          [
            77.2150514,
            28.6270749
          ]
        ]
      }
    },
    {
      "type": "Feature",
      "properties": {
        "id": 1122226240,
        "name": "Unnamed Road",
        "highway": "secondary",
        "oneway": true,
        "maxspeed": "50"
      },
      "geometry": {
        "type": "LineString",
        "coordinates": [
          [
            77.2157201,
            28.6266857
          ],
          [
            77.215532,
            28.6267358
          ],
          [
            77.2154727,
            28.6267429
          ],
          [
            77.2154256,
            28.626741
          ],
          [
            77.2153886,
            28.6267337
          ],
          [
            77.2153243,
            28.6267099
          ],
          [
            77.2151697,
            28.6266478
          ]
        ]
      }
    },
    {
      "type": "Feature",
      "properties": {
        "id": 1122226241,
        "name": "Unnamed Road",
        "highway": "service",
        "oneway": false,
        "maxspeed": "50"
      },
      "geometry": {
        "type": "LineString",
        "coordinates": [
          [
            77.2146413,
            28.6260718
          ],
          [
            77.2144544,
            28.626184
          ],
          [
            77.2144186,
            28.6262054
          ],
          [
            77.2138251,
            28.6265616
          ]
        ]
      }
    },
    {
      "type": "Feature",
      "properties": {
        "id": 1122226242,
        "name": "Unnamed Road",
        "highway": "service",
        "oneway": false,
        "maxspeed": "50"
      },
      "geometry": {
        "type": "LineString",
        "coordinates": [
          [
            77.2144186,
            28.6262054
          ],
          [
            77.2140786,
            28.6257092
          ],
          [
            77.2136856,
            28.6259037
          ],
          [
            77.2133594,
            28.6261314
          ],
          [
            77.2132593,
            28.6262659
          ],
          [
            77.2132927,
            28.6263125
          ],
          [
            77.2138251,
            28.6265616
          ],
          [
            77.2141237,
            28.6267576
          ],
          [
            77.2143934,
            28.6268687
          ],
          [
            77.2145449,
            28.6269926
          ],
          [
            77.2146508,
            28.6270116
          ],
          [
            77.2148766,
            28.6269792
          ],
          [
            77.2149442,
            28.6269276
          ],
          [
            77.2148898,
            28.6268504
          ],
          [
            77.2147445,
            28.6266514
          ],
          [
            77.2144186,
            28.6262054
          ]
        ]
      }
    },
    {
      "type": "Feature",
      "properties": {
        "id": 1122226243,
        "name": "Unnamed Road",
        "highway": "service",
        "oneway": false,
        "maxspeed": "50"
      },
      "geometry": {
        "type": "LineString",
        "coordinates": [
          [
            77.2147445,
            28.6266514
          ],
          [
            77.2149546,
            28.6265389
          ],
          [
            77.215048,
            28.6264888
          ]
        ]
      }
    },
    {
      "type": "Feature",
      "properties": {
        "id": 1122226245,
        "name": "Unnamed Road",
        "highway": "service",
        "oneway": false,
        "maxspeed": "50"
      },
      "geometry": {
        "type": "LineString",
        "coordinates": [
          [
            77.2158713,
            28.6260455
          ],
          [
            77.2158046,
            28.6260503
          ],
          [
            77.2155654,
            28.6260677
          ]
        ]
      }
    },
    {
      "type": "Feature",
      "properties": {
        "id": 1122226246,
        "name": "Unnamed Road",
        "highway": "service",
        "oneway": false,
        "maxspeed": "50"
      },
      "geometry": {
        "type": "LineString",
        "coordinates": [
          [
            77.2149337,
            28.6263101
          ],
          [
            77.2152023,
            28.6261729
          ],
          [
            77.2152457,
            28.6262287
          ],
          [
            77.2153336,
            28.6262739
          ],
          [
            77.2154463,
            28.6262645
          ],
          [
            77.2155364,
            28.6261939
          ],
          [
            77.2155654,
            28.6260677
          ],
          [
            77.2155324,
            28.6259028
          ],
          [
            77.2154787,
            28.6256343
          ],
          [
            77.2154134,
            28.6252108
          ],
          [
            77.2153411,
            28.6248755
          ],
          [
            77.2152978,
            28.6247806
          ]
        ]
      }
    },
    {
      "type": "Feature",
      "properties": {
        "id": 1122226247,
        "name": "Unnamed Road",
        "highway": "service",
        "oneway": false,
        "maxspeed": "50"
      },
      "geometry": {
        "type": "LineString",
        "coordinates": [
          [
            77.2151532,
            28.6259553
          ],
          [
            77.2151194,
            28.6258056
          ],
          [
            77.2150845,
            28.6256432
          ],
          [
            77.2148205,
            28.6257803
          ],
          [
            77.2148047,
            28.6257548
          ],
          [
            77.2146985,
            28.6258093
          ],
          [
            77.2146385,
            28.62584
          ]
        ]
      }
    },
    {
      "type": "Feature",
      "properties": {
        "id": 1122226248,
        "name": "Unnamed Road",
        "highway": "service",
        "oneway": false,
        "maxspeed": "50"
      },
      "geometry": {
        "type": "LineString",
        "coordinates": [
          [
            77.2151532,
            28.6259553
          ],
          [
            77.2155324,
            28.6259028
          ]
        ]
      }
    },
    {
      "type": "Feature",
      "properties": {
        "id": 1122226250,
        "name": "Unnamed Road",
        "highway": "service",
        "oneway": false,
        "maxspeed": "50"
      },
      "geometry": {
        "type": "LineString",
        "coordinates": [
          [
            77.2139809,
            28.6251135
          ],
          [
            77.2137501,
            28.625247
          ],
          [
            77.2134375,
            28.625428
          ],
          [
            77.2133935,
            28.6254506
          ]
        ]
      }
    },
    {
      "type": "Feature",
      "properties": {
        "id": 1122226251,
        "name": "Unnamed Road",
        "highway": "service",
        "oneway": false,
        "maxspeed": "50"
      },
      "geometry": {
        "type": "LineString",
        "coordinates": [
          [
            77.2142151,
            28.6254366
          ],
          [
            77.2139754,
            28.6255766
          ],
          [
            77.2136961,
            28.6257397
          ]
        ]
      }
    },
    {
      "type": "Feature",
      "properties": {
        "id": 1122226252,
        "name": "Unnamed Road",
        "highway": "service",
        "oneway": false,
        "maxspeed": "50"
      },
      "geometry": {
        "type": "LineString",
        "coordinates": [
          [
            77.2138113,
            28.6248795
          ],
          [
            77.2136585,
            28.6249613
          ],
          [
            77.2135192,
            28.6250359
          ],
          [
            77.2134358,
            28.6249546
          ],
          [
            77.2129609,
            28.625245
          ],
          [
            77.2130671,
            28.6253835
          ]
        ]
      }
    },
    {
      "type": "Feature",
      "properties": {
        "id": 1122226257,
        "name": "Unnamed Road",
        "highway": "service",
        "oneway": false,
        "maxspeed": "50"
      },
      "geometry": {
        "type": "LineString",
        "coordinates": [
          [
            77.2137501,
            28.625247
          ],
          [
            77.2139754,
            28.6255766
          ]
        ]
      }
    },
    {
      "type": "Feature",
      "properties": {
        "id": 1122226813,
        "name": "Unnamed Road",
        "highway": "service",
        "oneway": false,
        "maxspeed": "50"
      },
      "geometry": {
        "type": "LineString",
        "coordinates": [
          [
            77.2157652,
            28.6253112
          ],
          [
            77.2167799,
            28.6252938
          ]
        ]
      }
    },
    {
      "type": "Feature",
      "properties": {
        "id": 1122228220,
        "name": "Unnamed Road",
        "highway": "service",
        "oneway": false,
        "maxspeed": "50"
      },
      "geometry": {
        "type": "LineString",
        "coordinates": [
          [
            77.2139319,
            28.6246692
          ],
          [
            77.2142997,
            28.6251568
          ]
        ]
      }
    },
    {
      "type": "Feature",
      "properties": {
        "id": 1137558569,
        "name": "Unnamed Road",
        "highway": "footway",
        "oneway": false,
        "maxspeed": "50"
      },
      "geometry": {
        "type": "LineString",
        "coordinates": [
          [
            77.2169894,
            28.6272956
          ],
          [
            77.2169807,
            28.6268797
          ],
          [
            77.2169762,
            28.6261567
          ],
          [
            77.2162013,
            28.6261665
          ],
          [
            77.2162028,
            28.6262674
          ],
          [
            77.2162085,
            28.6265614
          ],
          [
            77.2162291,
            28.6273026
          ],
          [
            77.216234,
            28.6277329
          ],
          [
            77.2165588,
            28.6277296
          ]
        ]
      }
    },
    {
      "type": "Feature",
      "properties": {
        "id": 1148508503,
        "name": "Unnamed Road",
        "highway": "service",
        "oneway": false,
        "maxspeed": "50"
      },
      "geometry": {
        "type": "LineString",
        "coordinates": [
          [
            77.2209516,
            28.6325893
          ],
          [
            77.2211625,
            28.6325452
          ],
          [
            77.2211744,
            28.6326701
          ],
          [
            77.2211748,
            28.6328479
          ],
          [
            77.2211932,
            28.6330092
          ],
          [
            77.2211776,
            28.6330612
          ],
          [
            77.2211261,
            28.6332332
          ],
          [
            77.2210999,
            28.6332854
          ]
        ]
      }
    },
    {
      "type": "Feature",
      "properties": {
        "id": 1148508504,
        "name": "Unnamed Road",
        "highway": "service",
        "oneway": false,
        "maxspeed": "50"
      },
      "geometry": {
        "type": "LineString",
        "coordinates": [
          [
            77.2211625,
            28.6325452
          ],
          [
            77.2211463,
            28.6324472
          ],
          [
            77.2211198,
            28.6323654
          ],
          [
            77.2210981,
            28.6323187
          ],
          [
            77.2210572,
            28.6322487
          ],
          [
            77.2210078,
            28.6321787
          ]
        ]
      }
    },
    {
      "type": "Feature",
      "properties": {
        "id": 1154173901,
        "name": "Unnamed Road",
        "highway": "service",
        "oneway": false,
        "maxspeed": "50"
      },
      "geometry": {
        "type": "LineString",
        "coordinates": [
          [
            77.2185004,
            28.6331973
          ],
          [
            77.2182805,
            28.6332768
          ],
          [
            77.2182158,
            28.633028
          ],
          [
            77.2181726,
            28.6327819
          ],
          [
            77.2181966,
            28.6325602
          ],
          [
            77.2184292,
            28.6326243
          ]
        ]
      }
    },
    {
      "type": "Feature",
      "properties": {
        "id": 1154173902,
        "name": "Unnamed Road",
        "highway": "service",
        "oneway": false,
        "maxspeed": "50"
      },
      "geometry": {
        "type": "LineString",
        "coordinates": [
          [
            77.2181966,
            28.6325602
          ],
          [
            77.2182575,
            28.6323709
          ]
        ]
      }
    },
    {
      "type": "Feature",
      "properties": {
        "id": 1154173903,
        "name": "Unnamed Road",
        "highway": "service",
        "oneway": false,
        "maxspeed": "50"
      },
      "geometry": {
        "type": "LineString",
        "coordinates": [
          [
            77.2182805,
            28.6332768
          ],
          [
            77.2183755,
            28.633435
          ]
        ]
      }
    },
    {
      "type": "Feature",
      "properties": {
        "id": 1173710928,
        "name": "Unnamed Road",
        "highway": "corridor",
        "oneway": false,
        "maxspeed": "50"
      },
      "geometry": {
        "type": "LineString",
        "coordinates": [
          [
            77.22081,
            28.6347681
          ],
          [
            77.2210577,
            28.6351616
          ],
          [
            77.2209263,
            28.6352387
          ],
          [
            77.2207989,
            28.6352999
          ],
          [
            77.2206487,
            28.635344
          ],
          [
            77.2204737,
            28.6353923
          ],
          [
            77.2203141,
            28.6354276
          ],
          [
            77.2201914,
            28.6354382
          ],
          [
            77.2200901,
            28.635443
          ],
          [
            77.2200621,
            28.634965
          ]
        ]
      }
    },
    {
      "type": "Feature",
      "properties": {
        "id": 1173710930,
        "name": "Unnamed Road",
        "highway": "service",
        "oneway": false,
        "maxspeed": "50"
      },
      "geometry": {
        "type": "LineString",
        "coordinates": [
          [
            77.2198418,
            28.6349975
          ],
          [
            77.2197173,
            28.6349909
          ]
        ]
      }
    },
    {
      "type": "Feature",
      "properties": {
        "id": 1173817551,
        "name": "Unnamed Road",
        "highway": "footway",
        "oneway": false,
        "maxspeed": "50"
      },
      "geometry": {
        "type": "LineString",
        "coordinates": [
          [
            77.2217055,
            28.6352347
          ],
          [
            77.2221513,
            28.634779
          ],
          [
            77.2222659,
            28.6346619
          ],
          [
            77.2224766,
            28.6344467
          ],
          [
            77.2226686,
            28.6342507
          ]
        ]
      }
    },
    {
      "type": "Feature",
      "properties": {
        "id": 1175380915,
        "name": "Unnamed Road",
        "highway": "service",
        "oneway": false,
        "maxspeed": "50"
      },
      "geometry": {
        "type": "LineString",
        "coordinates": [
          [
            77.2198453,
            28.6314398
          ],
          [
            77.2198371,
            28.6315238
          ],
          [
            77.2198229,
            28.6316541
          ]
        ]
      }
    },
    {
      "type": "Feature",
      "properties": {
        "id": 1175380916,
        "name": "Unnamed Road",
        "highway": "service",
        "oneway": false,
        "maxspeed": "50"
      },
      "geometry": {
        "type": "LineString",
        "coordinates": [
          [
            77.2208828,
            28.6319558
          ],
          [
            77.2208623,
            28.6319303
          ],
          [
            77.2208119,
            28.6318676
          ],
          [
            77.2207214,
            28.6317923
          ],
          [
            77.2206545,
            28.6317367
          ],
          [
            77.2204976,
            28.6316444
          ],
          [
            77.2203666,
            28.6315828
          ],
          [
            77.2201204,
            28.6314866
          ],
          [
            77.2199818,
            28.631454
          ],
          [
            77.2198453,
            28.6314398
          ],
          [
            77.2197623,
            28.6314321
          ],
          [
            77.2197601,
            28.6315113
          ]
        ]
      }
    },
    {
      "type": "Feature",
      "properties": {
        "id": 1175626044,
        "name": "Unnamed Road",
        "highway": "footway",
        "oneway": false,
        "maxspeed": "50"
      },
      "geometry": {
        "type": "LineString",
        "coordinates": [
          [
            77.2194196,
            28.6339431
          ],
          [
            77.2194005,
            28.6340259
          ],
          [
            77.2193829,
            28.6341022
          ],
          [
            77.2193442,
            28.6342825
          ]
        ]
      }
    },
    {
      "type": "Feature",
      "properties": {
        "id": 1175626045,
        "name": "Unnamed Road",
        "highway": "footway",
        "oneway": false,
        "maxspeed": "50"
      },
      "geometry": {
        "type": "LineString",
        "coordinates": [
          [
            77.2215063,
            28.6341971
          ],
          [
            77.2217019,
            28.6343443
          ]
        ]
      }
    },
    {
      "type": "Feature",
      "properties": {
        "id": 1175626048,
        "name": "Unnamed Road",
        "highway": "footway",
        "oneway": false,
        "maxspeed": "50"
      },
      "geometry": {
        "type": "LineString",
        "coordinates": [
          [
            77.2207802,
            28.6342737
          ],
          [
            77.2209123,
            28.6341798
          ],
          [
            77.220954,
            28.6341502
          ],
          [
            77.220992,
            28.6341231
          ],
          [
            77.2210654,
            28.6340675
          ],
          [
            77.2211505,
            28.6339959
          ],
          [
            77.2212297,
            28.6339039
          ],
          [
            77.221286,
            28.633825
          ]
        ]
      }
    },
    {
      "type": "Feature",
      "properties": {
        "id": 1175626050,
        "name": "Unnamed Road",
        "highway": "footway",
        "oneway": false,
        "maxspeed": "50"
      },
      "geometry": {
        "type": "LineString",
        "coordinates": [
          [
            77.2204309,
            28.634744
          ],
          [
            77.2203812,
            28.6346074
          ]
        ]
      }
    },
    {
      "type": "Feature",
      "properties": {
        "id": 1175626051,
        "name": "Unnamed Road",
        "highway": "footway",
        "oneway": false,
        "maxspeed": "50"
      },
      "geometry": {
        "type": "LineString",
        "coordinates": [
          [
            77.2207032,
            28.6346706
          ],
          [
            77.2205688,
            28.6347251
          ],
          [
            77.2204902,
            28.6347518
          ],
          [
            77.2203734,
            28.6347875
          ],
          [
            77.2202175,
            28.6348282
          ],
          [
            77.2200989,
            28.634848
          ],
          [
            77.2200423,
            28.6348496
          ]
        ]
      }
    },
    {
      "type": "Feature",
      "properties": {
        "id": 1175634747,
        "name": "Unnamed Road",
        "highway": "footway",
        "oneway": false,
        "maxspeed": "50"
      },
      "geometry": {
        "type": "LineString",
        "coordinates": [
          [
            77.2200007,
            28.6331405
          ],
          [
            77.2200183,
            28.6330947
          ]
        ]
      }
    },
    {
      "type": "Feature",
      "properties": {
        "id": 1183610384,
        "name": "Unnamed Road",
        "highway": "service",
        "oneway": true,
        "maxspeed": "50"
      },
      "geometry": {
        "type": "LineString",
        "coordinates": [
          [
            77.2129492,
            28.626411
          ],
          [
            77.212855,
            28.6265853
          ],
          [
            77.2128114,
            28.6266551
          ]
        ]
      }
    },
    {
      "type": "Feature",
      "properties": {
        "id": 1183624644,
        "name": "Unnamed Road",
        "highway": "service",
        "oneway": false,
        "maxspeed": "50"
      },
      "geometry": {
        "type": "LineString",
        "coordinates": [
          [
            77.2196782,
            28.6288751
          ],
          [
            77.2196505,
            28.628356
          ],
          [
            77.2196405,
            28.6281693
          ]
        ]
      }
    },
    {
      "type": "Feature",
      "properties": {
        "id": 1183624645,
        "name": "Unnamed Road",
        "highway": "service",
        "oneway": false,
        "maxspeed": "50"
      },
      "geometry": {
        "type": "LineString",
        "coordinates": [
          [
            77.2194767,
            28.628173
          ],
          [
            77.2196405,
            28.6281693
          ]
        ]
      }
    },
    {
      "type": "Feature",
      "properties": {
        "id": 1184396633,
        "name": "Unnamed Road",
        "highway": "service",
        "oneway": false,
        "maxspeed": "50"
      },
      "geometry": {
        "type": "LineString",
        "coordinates": [
          [
            77.2110572,
            28.6288861
          ],
          [
            77.2111173,
            28.6287693
          ],
          [
            77.2112116,
            28.6286138
          ],
          [
            77.211225,
            28.6285989
          ],
          [
            77.2112431,
            28.6285919
          ],
          [
            77.2112678,
            28.6285927
          ],
          [
            77.2116426,
            28.628756
          ],
          [
            77.2121314,
            28.6289771
          ],
          [
            77.2121995,
            28.6290087
          ],
          [
            77.212207,
            28.6290171
          ],
          [
            77.2122092,
            28.6290249
          ],
          [
            77.2122048,
            28.6290344
          ],
          [
            77.2120317,
            28.6293215
          ]
        ]
      }
    },
    {
      "type": "Feature",
      "properties": {
        "id": 1184573421,
        "name": "Unnamed Road",
        "highway": "service",
        "oneway": false,
        "maxspeed": "50"
      },
      "geometry": {
        "type": "LineString",
        "coordinates": [
          [
            77.2219479,
            28.6266057
          ],
          [
            77.2220048,
            28.6266303
          ],
          [
            77.2225901,
            28.6268828
          ],
          [
            77.2225602,
            28.6269362
          ],
          [
            77.222739,
            28.6270133
          ],
          [
            77.2229373,
            28.6270989
          ]
        ]
      }
    },
    {
      "type": "Feature",
      "properties": {
        "id": 1184573547,
        "name": "Unnamed Road",
        "highway": "service",
        "oneway": false,
        "maxspeed": "50"
      },
      "geometry": {
        "type": "LineString",
        "coordinates": [
          [
            77.2223311,
            28.6281616
          ],
          [
            77.2221404,
            28.6280693
          ],
          [
            77.2220298,
            28.6280131
          ]
        ]
      }
    },
    {
      "type": "Feature",
      "properties": {
        "id": 1184573728,
        "name": "Unnamed Road",
        "highway": "service",
        "oneway": false,
        "maxspeed": "50"
      },
      "geometry": {
        "type": "LineString",
        "coordinates": [
          [
            77.2210576,
            28.6263538
          ],
          [
            77.2210624,
            28.6264924
          ],
          [
            77.2210677,
            28.6266434
          ],
          [
            77.2210684,
            28.6266838
          ]
        ]
      }
    },
    {
      "type": "Feature",
      "properties": {
        "id": 1184573729,
        "name": "Unnamed Road",
        "highway": "service",
        "oneway": false,
        "maxspeed": "50"
      },
      "geometry": {
        "type": "LineString",
        "coordinates": [
          [
            77.2210677,
            28.6266434
          ],
          [
            77.2207667,
            28.6266504
          ],
          [
            77.2206265,
            28.6266536
          ]
        ]
      }
    },
    {
      "type": "Feature",
      "properties": {
        "id": 1184574341,
        "name": "Unnamed Road",
        "highway": "service",
        "oneway": true,
        "maxspeed": "50"
      },
      "geometry": {
        "type": "LineString",
        "coordinates": [
          [
            77.2136105,
            28.6270092
          ],
          [
            77.2139781,
            28.6271726
          ]
        ]
      }
    },
    {
      "type": "Feature",
      "properties": {
        "id": 1184574446,
        "name": "Unnamed Road",
        "highway": "service",
        "oneway": false,
        "maxspeed": "50"
      },
      "geometry": {
        "type": "LineString",
        "coordinates": [
          [
            77.2126948,
            28.6296176
          ],
          [
            77.2127504,
            28.6294959
          ],
          [
            77.2127758,
            28.6294812
          ],
          [
            77.2137396,
            28.6299061
          ],
          [
            77.2137893,
            28.6299602
          ],
          [
            77.2137216,
            28.6300762
          ]
        ]
      }
    },
    {
      "type": "Feature",
      "properties": {
        "id": 1184574692,
        "name": "Unnamed Road",
        "highway": "residential",
        "oneway": false,
        "maxspeed": "50"
      },
      "geometry": {
        "type": "LineString",
        "coordinates": [
          [
            77.215569,
            28.6300028
          ],
          [
            77.2153176,
            28.6298907
          ],
          [
            77.215251,
            28.6298838
          ],
          [
            77.2152012,
            28.6299585
          ]
        ]
      }
    },
    {
      "type": "Feature",
      "properties": {
        "id": 1229190547,
        "name": "Unnamed Road",
        "highway": "footway",
        "oneway": false,
        "maxspeed": "50"
      },
      "geometry": {
        "type": "LineString",
        "coordinates": [
          [
            77.2210372,
            28.6318924
          ],
          [
            77.221105,
            28.6319768
          ],
          [
            77.221187,
            28.6320787
          ]
        ]
      }
    },
    {
      "type": "Feature",
      "properties": {
        "id": 1232660335,
        "name": "Unnamed Road",
        "highway": "footway",
        "oneway": false,
        "maxspeed": "50"
      },
      "geometry": {
        "type": "LineString",
        "coordinates": [
          [
            77.221187,
            28.6320787
          ],
          [
            77.2213862,
            28.6319669
          ]
        ]
      }
    },
    {
      "type": "Feature",
      "properties": {
        "id": 1232664277,
        "name": "Unnamed Road",
        "highway": "service",
        "oneway": false,
        "maxspeed": "50"
      },
      "geometry": {
        "type": "LineString",
        "coordinates": [
          [
            77.223819,
            28.630617
          ],
          [
            77.2239053,
            28.6307475
          ]
        ]
      }
    },
    {
      "type": "Feature",
      "properties": {
        "id": 1233259901,
        "name": "Unnamed Road",
        "highway": "footway",
        "oneway": false,
        "maxspeed": "50"
      },
      "geometry": {
        "type": "LineString",
        "coordinates": [
          [
            77.2195594,
            28.6334067
          ],
          [
            77.2195558,
            28.6333905
          ]
        ]
      }
    },
    {
      "type": "Feature",
      "properties": {
        "id": 1233259902,
        "name": "Unnamed Road",
        "highway": "footway",
        "oneway": false,
        "maxspeed": "50"
      },
      "geometry": {
        "type": "LineString",
        "coordinates": [
          [
            77.219604,
            28.6333962
          ],
          [
            77.2195594,
            28.6334067
          ],
          [
            77.2195171,
            28.6334167
          ]
        ]
      }
    },
    {
      "type": "Feature",
      "properties": {
        "id": 1233259903,
        "name": "Unnamed Road",
        "highway": "footway",
        "oneway": false,
        "maxspeed": "50"
      },
      "geometry": {
        "type": "LineString",
        "coordinates": [
          [
            77.2195856,
            28.6333363
          ],
          [
            77.2195445,
            28.633346
          ],
          [
            77.2194987,
            28.6333568
          ]
        ]
      }
    },
    {
      "type": "Feature",
      "properties": {
        "id": 1233269500,
        "name": "Unnamed Road",
        "highway": "corridor",
        "oneway": false,
        "maxspeed": "50"
      },
      "geometry": {
        "type": "LineString",
        "coordinates": [
          [
            77.2211007,
            28.6336306
          ],
          [
            77.2210875,
            28.6336517
          ],
          [
            77.2210356,
            28.6337155
          ],
          [
            77.2209727,
            28.6337806
          ],
          [
            77.2209175,
            28.63384
          ],
          [
            77.2207999,
            28.6339261
          ],
          [
            77.2207623,
            28.6339506
          ],
          [
            77.2208888,
            28.6341332
          ],
          [
            77.2209253,
            28.634113
          ],
          [
            77.220954,
            28.6341502
          ],
          [
            77.2211542,
            28.6344074
          ]
        ]
      }
    },
    {
      "type": "Feature",
      "properties": {
        "id": 1233744938,
        "name": "Unnamed Road",
        "highway": "footway",
        "oneway": false,
        "maxspeed": "50"
      },
      "geometry": {
        "type": "LineString",
        "coordinates": [
          [
            77.2185091,
            28.6313411
          ],
          [
            77.2186079,
            28.6314685
          ],
          [
            77.218732,
            28.6316279
          ],
          [
            77.2187943,
            28.631708
          ],
          [
            77.2188364,
            28.6317904
          ],
          [
            77.2188331,
            28.6318203
          ],
          [
            77.218825,
            28.6318359
          ],
          [
            77.2187677,
            28.6318911
          ],
          [
            77.2186047,
            28.6320478
          ],
          [
            77.2185432,
            28.6321075
          ],
          [
            77.2184994,
            28.6321274
          ],
          [
            77.2184573,
            28.6321274
          ],
          [
            77.2184249,
            28.6321231
          ],
          [
            77.2183801,
            28.6321121
          ],
          [
            77.2182765,
            28.6320668
          ],
          [
            77.2182232,
            28.6320435
          ],
          [
            77.2180982,
            28.6319889
          ],
          [
            77.2177911,
            28.631849
          ],
          [
            77.2173134,
            28.6316468
          ],
          [
            77.2170368,
            28.6315174
          ],
          [
            77.2170047,
            28.6314974
          ],
          [
            77.2169969,
            28.6314882
          ],
          [
            77.2169716,
            28.6314584
          ],
          [
            77.2169592,
            28.6314202
          ],
          [
            77.21696,
            28.6313863
          ],
          [
            77.2169687,
            28.6313584
          ],
          [
            77.2169712,
            28.6313504
          ],
          [
            77.2169917,
            28.631321
          ],
          [
            77.2178121,
            28.6305317
          ],
          [
            77.2178413,
            28.6305059
          ],
          [
            77.2178634,
            28.6304941
          ],
          [
            77.2178894,
            28.6304935
          ],
          [
            77.2179265,
            28.6305045
          ],
          [
            77.2179642,
            28.6305439
          ],
          [
            77.2180148,
            28.6305966
          ],
          [
            77.2182094,
            28.630844
          ],
          [
            77.2185297,
            28.6312948
          ],
          [
            77.2185091,
            28.6313411
          ]
        ]
      }
    },
    {
      "type": "Feature",
      "properties": {
        "id": 1233797942,
        "name": "Unnamed Road",
        "highway": "footway",
        "oneway": false,
        "maxspeed": "50"
      },
      "geometry": {
        "type": "LineString",
        "coordinates": [
          [
            77.2160337,
            28.631437
          ],
          [
            77.2163842,
            28.6315996
          ],
          [
            77.2164007,
            28.6316211
          ],
          [
            77.2164039,
            28.6316453
          ],
          [
            77.2163983,
            28.6316715
          ],
          [
            77.216389,
            28.6317145
          ],
          [
            77.2161424,
            28.6328727
          ],
          [
            77.2161121,
            28.6328971
          ],
          [
            77.2157762,
            28.6329223
          ]
        ]
      }
    },
    {
      "type": "Feature",
      "properties": {
        "id": 1233797943,
        "name": "Unnamed Road",
        "highway": "service",
        "oneway": false,
        "maxspeed": "50"
      },
      "geometry": {
        "type": "LineString",
        "coordinates": [
          [
            77.2164715,
            28.6325014
          ],
          [
            77.2163143,
            28.632483
          ],
          [
            77.2164124,
            28.6319298
          ],
          [
            77.2164334,
            28.6318289
          ]
        ]
      }
    },
    {
      "type": "Feature",
      "properties": {
        "id": 1233797944,
        "name": "Unnamed Road",
        "highway": "service",
        "oneway": false,
        "maxspeed": "50"
      },
      "geometry": {
        "type": "LineString",
        "coordinates": [
          [
            77.2165819,
            28.6319608
          ],
          [
            77.2164124,
            28.6319298
          ]
        ]
      }
    },
    {
      "type": "Feature",
      "properties": {
        "id": 1233797945,
        "name": "Unnamed Road",
        "highway": "footway",
        "oneway": false,
        "maxspeed": "50"
      },
      "geometry": {
        "type": "LineString",
        "coordinates": [
          [
            77.2164334,
            28.6318289
          ],
          [
            77.2164517,
            28.6317243
          ],
          [
            77.216389,
            28.6317145
          ]
        ]
      }
    },
    {
      "type": "Feature",
      "properties": {
        "id": 1233797946,
        "name": "Unnamed Road",
        "highway": "footway",
        "oneway": false,
        "maxspeed": "50"
      },
      "geometry": {
        "type": "LineString",
        "coordinates": [
          [
            77.2169969,
            28.6314882
          ],
          [
            77.2169733,
            28.6315337
          ],
          [
            77.2169469,
            28.6315844
          ],
          [
            77.2169119,
            28.631651
          ]
        ]
      }
    },
    {
      "type": "Feature",
      "properties": {
        "id": 1234918800,
        "name": "Unnamed Road",
        "highway": "residential",
        "oneway": false,
        "maxspeed": "50"
      },
      "geometry": {
        "type": "LineString",
        "coordinates": [
          [
            77.2159299,
            28.6311799
          ],
          [
            77.215848,
            28.6312951
          ],
          [
            77.2153413,
            28.6310583
          ],
          [
            77.2150791,
            28.6309565
          ],
          [
            77.2150413,
            28.6309897
          ],
          [
            77.2149783,
            28.6309831
          ],
          [
            77.2148951,
            28.6309388
          ],
          [
            77.2147993,
            28.6308835
          ],
          [
            77.2146657,
            28.6308149
          ]
        ]
      }
    },
    {
      "type": "Feature",
      "properties": {
        "id": 1234918801,
        "name": "Unnamed Road",
        "highway": "footway",
        "oneway": false,
        "maxspeed": "50"
      },
      "geometry": {
        "type": "LineString",
        "coordinates": [
          [
            77.216756,
            28.6312114
          ],
          [
            77.2168729,
            28.6312977
          ],
          [
            77.2169687,
            28.6313584
          ]
        ]
      }
    },
    {
      "type": "Feature",
      "properties": {
        "id": 1234918802,
        "name": "Unnamed Road",
        "highway": "footway",
        "oneway": false,
        "maxspeed": "50"
      },
      "geometry": {
        "type": "LineString",
        "coordinates": [
          [
            77.2181628,
            28.632171
          ],
          [
            77.2181956,
            28.6321017
          ],
          [
            77.2182232,
            28.6320435
          ]
        ]
      }
    },
    {
      "type": "Feature",
      "properties": {
        "id": 1234918803,
        "name": "Unnamed Road",
        "highway": "footway",
        "oneway": false,
        "maxspeed": "50"
      },
      "geometry": {
        "type": "LineString",
        "coordinates": [
          [
            77.2184563,
            28.6322838
          ],
          [
            77.2185397,
            28.6323119
          ],
          [
            77.2186057,
            28.6323323
          ]
        ]
      }
    },
    {
      "type": "Feature",
      "properties": {
        "id": 1234918804,
        "name": "Unnamed Road",
        "highway": "footway",
        "oneway": false,
        "maxspeed": "50"
      },
      "geometry": {
        "type": "LineString",
        "coordinates": [
          [
            77.2187677,
            28.6318911
          ],
          [
            77.2188463,
            28.6319587
          ],
          [
            77.218871,
            28.6319791
          ]
        ]
      }
    },
    {
      "type": "Feature",
      "properties": {
        "id": 1234918805,
        "name": "Unnamed Road",
        "highway": "footway",
        "oneway": false,
        "maxspeed": "50"
      },
      "geometry": {
        "type": "LineString",
        "coordinates": [
          [
            77.218732,
            28.6316279
          ],
          [
            77.2187982,
            28.6315839
          ],
          [
            77.2188665,
            28.6315384
          ]
        ]
      }
    },
    {
      "type": "Feature",
      "properties": {
        "id": 1234918807,
        "name": "Unnamed Road",
        "highway": "footway",
        "oneway": false,
        "maxspeed": "50"
      },
      "geometry": {
        "type": "LineString",
        "coordinates": [
          [
            77.2182222,
            28.6335312
          ],
          [
            77.2182538,
            28.6335764
          ],
          [
            77.2182722,
            28.6336029
          ],
          [
            77.2183019,
            28.633646
          ]
        ]
      }
    },
    {
      "type": "Feature",
      "properties": {
        "id": 1234918808,
        "name": "Unnamed Road",
        "highway": "footway",
        "oneway": false,
        "maxspeed": "50"
      },
      "geometry": {
        "type": "LineString",
        "coordinates": [
          [
            77.2183454,
            28.6329444
          ],
          [
            77.2184244,
            28.6329374
          ],
          [
            77.2185111,
            28.6329289
          ]
        ]
      }
    },
    {
      "type": "Feature",
      "properties": {
        "id": 1234918809,
        "name": "Unnamed Road",
        "highway": "footway",
        "oneway": false,
        "maxspeed": "50"
      },
      "geometry": {
        "type": "LineString",
        "coordinates": [
          [
            77.2202327,
            28.6318246
          ],
          [
            77.2202627,
            28.6317719
          ],
          [
            77.220351,
            28.6316146
          ],
          [
            77.2203666,
            28.6315828
          ],
          [
            77.2203805,
            28.6315606
          ],
          [
            77.2204333,
            28.6314681
          ]
        ]
      }
    },
    {
      "type": "Feature",
      "properties": {
        "id": 1234918810,
        "name": "Unnamed Road",
        "highway": "footway",
        "oneway": false,
        "maxspeed": "50"
      },
      "geometry": {
        "type": "LineString",
        "coordinates": [
          [
            77.2187479,
            28.6336531
          ],
          [
            77.2187978,
            28.6336009
          ],
          [
            77.2188421,
            28.6335546
          ]
        ]
      }
    },
    {
      "type": "Feature",
      "properties": {
        "id": 1234918811,
        "name": "Unnamed Road",
        "highway": "footway",
        "oneway": false,
        "maxspeed": "50"
      },
      "geometry": {
        "type": "LineString",
        "coordinates": [
          [
            77.2194196,
            28.6339431
          ],
          [
            77.2194307,
            28.6338979
          ],
          [
            77.2194417,
            28.6338412
          ]
        ]
      }
    },
    {
      "type": "Feature",
      "properties": {
        "id": 1234918812,
        "name": "Unnamed Road",
        "highway": "footway",
        "oneway": false,
        "maxspeed": "50"
      },
      "geometry": {
        "type": "LineString",
        "coordinates": [
          [
            77.2193402,
            28.6340158
          ],
          [
            77.2194005,
            28.6340259
          ]
        ]
      }
    },
    {
      "type": "Feature",
      "properties": {
        "id": 1234918813,
        "name": "Unnamed Road",
        "highway": "footway",
        "oneway": false,
        "maxspeed": "50"
      },
      "geometry": {
        "type": "LineString",
        "coordinates": [
          [
            77.2210693,
            28.6329805
          ],
          [
            77.2209582,
            28.6329679
          ],
          [
            77.2208997,
            28.6329613
          ]
        ]
      }
    },
    {
      "type": "Feature",
      "properties": {
        "id": 1234918814,
        "name": "Unnamed Road",
        "highway": "footway",
        "oneway": false,
        "maxspeed": "50"
      },
      "geometry": {
        "type": "LineString",
        "coordinates": [
          [
            77.2165882,
            28.6312647
          ],
          [
            77.2165448,
            28.6313349
          ],
          [
            77.2164747,
            28.6314483
          ],
          [
            77.2164431,
            28.6314994
          ]
        ]
      }
    },
    {
      "type": "Feature",
      "properties": {
        "id": 1234918815,
        "name": "Unnamed Road",
        "highway": "footway",
        "oneway": false,
        "maxspeed": "50"
      },
      "geometry": {
        "type": "LineString",
        "coordinates": [
          [
            77.2162545,
            28.63277
          ],
          [
            77.2164221,
            28.6327899
          ],
          [
            77.2165099,
            28.6327976
          ]
        ]
      }
    },
    {
      "type": "Feature",
      "properties": {
        "id": 1234918816,
        "name": "Unnamed Road",
        "highway": "footway",
        "oneway": false,
        "maxspeed": "50"
      },
      "geometry": {
        "type": "LineString",
        "coordinates": [
          [
            77.2168438,
            28.634148
          ],
          [
            77.2169271,
            28.6341025
          ],
          [
            77.2170099,
            28.6340574
          ]
        ]
      }
    },
    {
      "type": "Feature",
      "properties": {
        "id": 1234918817,
        "name": "Unnamed Road",
        "highway": "footway",
        "oneway": false,
        "maxspeed": "50"
      },
      "geometry": {
        "type": "LineString",
        "coordinates": [
          [
            77.2173033,
            28.6342428
          ],
          [
            77.2172568,
            28.634179
          ],
          [
            77.2172368,
            28.6341534
          ]
        ]
      }
    },
    {
      "type": "Feature",
      "properties": {
        "id": 1234918823,
        "name": "Unnamed Road",
        "highway": "footway",
        "oneway": false,
        "maxspeed": "50"
      },
      "geometry": {
        "type": "LineString",
        "coordinates": [
          [
            77.2179642,
            28.6305439
          ],
          [
            77.218028,
            28.6305031
          ],
          [
            77.2180551,
            28.6304858
          ]
        ]
      }
    },
    {
      "type": "Feature",
      "properties": {
        "id": 1235554893,
        "name": "Unnamed Road",
        "highway": "footway",
        "oneway": false,
        "maxspeed": "50"
      },
      "geometry": {
        "type": "LineString",
        "coordinates": [
          [
            77.2192364,
            28.632526
          ],
          [
            77.2192459,
            28.6325479
          ]
        ]
      }
    },
    {
      "type": "Feature",
      "properties": {
        "id": 1235554894,
        "name": "Unnamed Road",
        "highway": "footway",
        "oneway": false,
        "maxspeed": "50"
      },
      "geometry": {
        "type": "LineString",
        "coordinates": [
          [
            77.2192755,
            28.6325149
          ],
          [
            77.2192364,
            28.632526
          ],
          [
            77.2191921,
            28.6325386
          ]
        ]
      }
    },
    {
      "type": "Feature",
      "properties": {
        "id": 1236278172,
        "name": "Unnamed Road",
        "highway": "footway",
        "oneway": false,
        "maxspeed": "50"
      },
      "geometry": {
        "type": "LineString",
        "coordinates": [
          [
            77.221094,
            28.634423
          ],
          [
            77.2209123,
            28.6341798
          ],
          [
            77.2208693,
            28.6341592
          ],
          [
            77.2207277,
            28.6339729
          ],
          [
            77.2206961,
            28.6339351
          ],
          [
            77.2207315,
            28.6339108
          ],
          [
            77.220743,
            28.6339045
          ],
          [
            77.2208043,
            28.6338655
          ],
          [
            77.2208781,
            28.6338043
          ],
          [
            77.2209308,
            28.6337507
          ],
          [
            77.2209912,
            28.6336869
          ],
          [
            77.2210252,
            28.6336366
          ],
          [
            77.2210424,
            28.6336041
          ],
          [
            77.221063,
            28.6335653
          ],
          [
            77.2211266,
            28.6335895
          ],
          [
            77.221364,
            28.6336939
          ],
          [
            77.2213464,
            28.6337293
          ],
          [
            77.2216806,
            28.6338723
          ]
        ]
      }
    },
    {
      "type": "Feature",
      "properties": {
        "id": 1236278174,
        "name": "Unnamed Road",
        "highway": "footway",
        "oneway": false,
        "maxspeed": "50"
      },
      "geometry": {
        "type": "LineString",
        "coordinates": [
          [
            77.2208888,
            28.6341332
          ],
          [
            77.2209123,
            28.6341798
          ]
        ]
      }
    },
    {
      "type": "Feature",
      "properties": {
        "id": 1236278175,
        "name": "Unnamed Road",
        "highway": "footway",
        "oneway": false,
        "maxspeed": "50"
      },
      "geometry": {
        "type": "LineString",
        "coordinates": [
          [
            77.2207623,
            28.6339506
          ],
          [
            77.2207315,
            28.6339108
          ]
        ]
      }
    },
    {
      "type": "Feature",
      "properties": {
        "id": 1236278177,
        "name": "Unnamed Road",
        "highway": "footway",
        "oneway": false,
        "maxspeed": "50"
      },
      "geometry": {
        "type": "LineString",
        "coordinates": [
          [
            77.2206792,
            28.634004
          ],
          [
            77.2207277,
            28.6339729
          ],
          [
            77.2207623,
            28.6339506
          ]
        ]
      }
    },
    {
      "type": "Feature",
      "properties": {
        "id": 1236278178,
        "name": "Unnamed Road",
        "highway": "footway",
        "oneway": false,
        "maxspeed": "50"
      },
      "geometry": {
        "type": "LineString",
        "coordinates": [
          [
            77.220743,
            28.6339045
          ],
          [
            77.2206837,
            28.6338271
          ]
        ]
      }
    },
    {
      "type": "Feature",
      "properties": {
        "id": 1236747413,
        "name": "Unnamed Road",
        "highway": "footway",
        "oneway": false,
        "maxspeed": "50"
      },
      "geometry": {
        "type": "LineString",
        "coordinates": [
          [
            77.2211266,
            28.6335895
          ],
          [
            77.2211753,
            28.6335124
          ],
          [
            77.2212647,
            28.6333709
          ]
        ]
      }
    },
    {
      "type": "Feature",
      "properties": {
        "id": 1250703038,
        "name": "Unnamed Road",
        "highway": "footway",
        "oneway": false,
        "maxspeed": "50"
      },
      "geometry": {
        "type": "LineString",
        "coordinates": [
          [
            77.2184654,
            28.6315483
          ],
          [
            77.2184252,
            28.6315817
          ],
          [
            77.2183149,
            28.6316891
          ],
          [
            77.2183469,
            28.6317167
          ],
          [
            77.2182055,
            28.6318518
          ],
          [
            77.2181724,
            28.6318832
          ]
        ]
      }
    },
    {
      "type": "Feature",
      "properties": {
        "id": 1250703039,
        "name": "Unnamed Road",
        "highway": "footway",
        "oneway": false,
        "maxspeed": "50"
      },
      "geometry": {
        "type": "LineString",
        "coordinates": [
          [
            77.2182055,
            28.6318518
          ],
          [
            77.2176095,
            28.6313787
          ]
        ]
      }
    },
    {
      "type": "Feature",
      "properties": {
        "id": 1250703040,
        "name": "Unnamed Road",
        "highway": "footway",
        "oneway": false,
        "maxspeed": "50"
      },
      "geometry": {
        "type": "LineString",
        "coordinates": [
          [
            77.2178479,
            28.6307791
          ],
          [
            77.2179054,
            28.631081
          ]
        ]
      }
    },
    {
      "type": "Feature",
      "properties": {
        "id": 1250703041,
        "name": "Unnamed Road",
        "highway": "footway",
        "oneway": false,
        "maxspeed": "50"
      },
      "geometry": {
        "type": "LineString",
        "coordinates": [
          [
            77.2180091,
            28.6309763
          ],
          [
            77.2179054,
            28.631081
          ],
          [
            77.217851,
            28.6311355
          ],
          [
            77.2176095,
            28.6313787
          ],
          [
            77.2175388,
            28.6314494
          ],
          [
            77.2174555,
            28.6315326
          ]
        ]
      }
    },
    {
      "type": "Feature",
      "properties": {
        "id": 1250703042,
        "name": "Unnamed Road",
        "highway": "footway",
        "oneway": false,
        "maxspeed": "50"
      },
      "geometry": {
        "type": "LineString",
        "coordinates": [
          [
            77.217851,
            28.6311355
          ],
          [
            77.2184252,
            28.6315817
          ]
        ]
      }
    },
    {
      "type": "Feature",
      "properties": {
        "id": 1251964717,
        "name": "Unnamed Road",
        "highway": "footway",
        "oneway": false,
        "maxspeed": "50"
      },
      "geometry": {
        "type": "LineString",
        "coordinates": [
          [
            77.2158823,
            28.6308213
          ],
          [
            77.2158677,
            28.6308478
          ],
          [
            77.2157579,
            28.6308002
          ],
          [
            77.2156806,
            28.6309426
          ]
        ]
      }
    },
    {
      "type": "Feature",
      "properties": {
        "id": 1252115365,
        "name": "Unnamed Road",
        "highway": "service",
        "oneway": false,
        "maxspeed": "50"
      },
      "geometry": {
        "type": "LineString",
        "coordinates": [
          [
            77.2152982,
            28.632229
          ],
          [
            77.2153664,
            28.6328785
          ],
          [
            77.2153832,
            28.6330752
          ]
        ]
      }
    },
    {
      "type": "Feature",
      "properties": {
        "id": 1252115368,
        "name": "Unnamed Road",
        "highway": "service",
        "oneway": false,
        "maxspeed": "50"
      },
      "geometry": {
        "type": "LineString",
        "coordinates": [
          [
            77.2155021,
            28.6321915
          ],
          [
            77.2155497,
            28.6328095
          ],
          [
            77.215545,
            28.6328255
          ],
          [
            77.2155327,
            28.6328371
          ],
          [
            77.2154648,
            28.6328571
          ],
          [
            77.2153664,
            28.6328785
          ]
        ]
      }
    },
    {
      "type": "Feature",
      "properties": {
        "id": 1252115369,
        "name": "Unnamed Road",
        "highway": "service",
        "oneway": false,
        "maxspeed": "50"
      },
      "geometry": {
        "type": "LineString",
        "coordinates": [
          [
            77.2156041,
            28.6321381
          ],
          [
            77.2155021,
            28.6321915
          ],
          [
            77.2154209,
            28.632199
          ],
          [
            77.2153209,
            28.6322079
          ],
          [
            77.2153044,
            28.6322158
          ],
          [
            77.2152982,
            28.632229
          ]
        ]
      }
    },
    {
      "type": "Feature",
      "properties": {
        "id": 1252115371,
        "name": "Unnamed Road",
        "highway": "service",
        "oneway": false,
        "maxspeed": "50"
      },
      "geometry": {
        "type": "LineString",
        "coordinates": [
          [
            77.2154209,
            28.632199
          ],
          [
            77.2154648,
            28.6328571
          ]
        ]
      }
    },
    {
      "type": "Feature",
      "properties": {
        "id": 1253487122,
        "name": "Unnamed Road",
        "highway": "residential",
        "oneway": false,
        "maxspeed": "50"
      },
      "geometry": {
        "type": "LineString",
        "coordinates": [
          [
            77.2112144,
            28.6322825
          ],
          [
            77.2112119,
            28.632243
          ],
          [
            77.2111919,
            28.6319299
          ]
        ]
      }
    },
    {
      "type": "Feature",
      "properties": {
        "id": 1253487123,
        "name": "Unnamed Road",
        "highway": "residential",
        "oneway": false,
        "maxspeed": "50"
      },
      "geometry": {
        "type": "LineString",
        "coordinates": [
          [
            77.2110378,
            28.6319381
          ],
          [
            77.2110229,
            28.6316591
          ]
        ]
      }
    },
    {
      "type": "Feature",
      "properties": {
        "id": 1253827248,
        "name": "Unnamed Road",
        "highway": "service",
        "oneway": false,
        "maxspeed": "50"
      },
      "geometry": {
        "type": "LineString",
        "coordinates": [
          [
            77.2196745,
            28.6253828
          ],
          [
            77.2196226,
            28.624654
          ]
        ]
      }
    },
    {
      "type": "Feature",
      "properties": {
        "id": 1253829196,
        "name": "Unnamed Road",
        "highway": "service",
        "oneway": false,
        "maxspeed": "50"
      },
      "geometry": {
        "type": "LineString",
        "coordinates": [
          [
            77.2193459,
            28.6278168
          ],
          [
            77.2193014,
            28.6278175
          ],
          [
            77.2191153,
            28.6278204
          ]
        ]
      }
    },
    {
      "type": "Feature",
      "properties": {
        "id": 1253829197,
        "name": "Unnamed Road",
        "highway": "service",
        "oneway": false,
        "maxspeed": "50"
      },
      "geometry": {
        "type": "LineString",
        "coordinates": [
          [
            77.2190539,
            28.6278898
          ],
          [
            77.2189834,
            28.6278795
          ],
          [
            77.2189393,
            28.627856
          ],
          [
            77.2189051,
            28.627822
          ],
          [
            77.218884,
            28.6277806
          ],
          [
            77.2188779,
            28.6277356
          ],
          [
            77.2188873,
            28.6276911
          ],
          [
            77.2189114,
            28.627651
          ],
          [
            77.218948,
            28.627619
          ],
          [
            77.2189971,
            28.6275971
          ],
          [
            77.2190409,
            28.6275933
          ]
        ]
      }
    },
    {
      "type": "Feature",
      "properties": {
        "id": 1253829198,
        "name": "Unnamed Road",
        "highway": "service",
        "oneway": false,
        "maxspeed": "50"
      },
      "geometry": {
        "type": "LineString",
        "coordinates": [
          [
            77.2191153,
            28.6278204
          ],
          [
            77.2190508,
            28.6278198
          ]
        ]
      }
    },
    {
      "type": "Feature",
      "properties": {
        "id": 1253829873,
        "name": "Unnamed Road",
        "highway": "service",
        "oneway": false,
        "maxspeed": "50"
      },
      "geometry": {
        "type": "LineString",
        "coordinates": [
          [
            77.2228015,
            28.6295464
          ],
          [
            77.2228557,
            28.6295896
          ],
          [
            77.2228908,
            28.6296146
          ]
        ]
      }
    },
    {
      "type": "Feature",
      "properties": {
        "id": 1270064848,
        "name": "Unnamed Road",
        "highway": "service",
        "oneway": false,
        "maxspeed": "50"
      },
      "geometry": {
        "type": "LineString",
        "coordinates": [
          [
            77.2158749,
            28.6330435
          ],
          [
            77.2158816,
            28.6332081
          ],
          [
            77.2158827,
            28.6332341
          ]
        ]
      }
    },
    {
      "type": "Feature",
      "properties": {
        "id": 1278492474,
        "name": "Unnamed Road",
        "highway": "service",
        "oneway": false,
        "maxspeed": "50"
      },
      "geometry": {
        "type": "LineString",
        "coordinates": [
          [
            77.2234668,
            28.6293677
          ],
          [
            77.2235251,
            28.629444
          ]
        ]
      }
    },
    {
      "type": "Feature",
      "properties": {
        "id": 1278492475,
        "name": "Unnamed Road",
        "highway": "service",
        "oneway": false,
        "maxspeed": "50"
      },
      "geometry": {
        "type": "LineString",
        "coordinates": [
          [
            77.2248743,
            28.6296306
          ],
          [
            77.2248445,
            28.6295873
          ],
          [
            77.2247742,
            28.6294848
          ],
          [
            77.2247295,
            28.6294196
          ],
          [
            77.2243117,
            28.6288686
          ]
        ]
      }
    },
    {
      "type": "Feature",
      "properties": {
        "id": 1278492476,
        "name": "Unnamed Road",
        "highway": "service",
        "oneway": false,
        "maxspeed": "50"
      },
      "geometry": {
        "type": "LineString",
        "coordinates": [
          [
            77.2235251,
            28.629444
          ],
          [
            77.2238054,
            28.6298105
          ]
        ]
      }
    },
    {
      "type": "Feature",
      "properties": {
        "id": 1278492478,
        "name": "Unnamed Road",
        "highway": "service",
        "oneway": false,
        "maxspeed": "50"
      },
      "geometry": {
        "type": "LineString",
        "coordinates": [
          [
            77.2238054,
            28.6298105
          ],
          [
            77.2238441,
            28.6298611
          ]
        ]
      }
    },
    {
      "type": "Feature",
      "properties": {
        "id": 1278492480,
        "name": "Unnamed Road",
        "highway": "service",
        "oneway": false,
        "maxspeed": "50"
      },
      "geometry": {
        "type": "LineString",
        "coordinates": [
          [
            77.2233121,
            28.6291654
          ],
          [
            77.2234668,
            28.6293677
          ]
        ]
      }
    },
    {
      "type": "Feature",
      "properties": {
        "id": 1278492484,
        "name": "Unnamed Road",
        "highway": "service",
        "oneway": false,
        "maxspeed": "50"
      },
      "geometry": {
        "type": "LineString",
        "coordinates": [
          [
            77.2238441,
            28.6298611
          ],
          [
            77.2239679,
            28.6300307
          ],
          [
            77.2239934,
            28.6300707
          ],
          [
            77.2240305,
            28.6301223
          ]
        ]
      }
    },
    {
      "type": "Feature",
      "properties": {
        "id": 1278775920,
        "name": "Sansad Marg",
        "highway": "secondary",
        "oneway": true,
        "maxspeed": "50"
      },
      "geometry": {
        "type": "LineString",
        "coordinates": [
          [
            77.2169405,
            28.6288764
          ],
          [
            77.2165741,
            28.6283967
          ]
        ]
      }
    },
    {
      "type": "Feature",
      "properties": {
        "id": 1278775921,
        "name": "Sansad Marg",
        "highway": "secondary",
        "oneway": true,
        "maxspeed": "50"
      },
      "geometry": {
        "type": "LineString",
        "coordinates": [
          [
            77.2177443,
            28.6300101
          ],
          [
            77.2172711,
            28.6293363
          ],
          [
            77.2172213,
            28.6292699
          ],
          [
            77.2169405,
            28.6288764
          ]
        ]
      }
    },
    {
      "type": "Feature",
      "properties": {
        "id": 1290371764,
        "name": "Unnamed Road",
        "highway": "service",
        "oneway": false,
        "maxspeed": "50"
      },
      "geometry": {
        "type": "LineString",
        "coordinates": [
          [
            77.2219352,
            28.6280874
          ],
          [
            77.2213949,
            28.6278426
          ]
        ]
      }
    },
    {
      "type": "Feature",
      "properties": {
        "id": 1290403886,
        "name": "Unnamed Road",
        "highway": "footway",
        "oneway": false,
        "maxspeed": "50"
      },
      "geometry": {
        "type": "LineString",
        "coordinates": [
          [
            77.2222372,
            28.6308314
          ],
          [
            77.2223084,
            28.6308483
          ]
        ]
      }
    },
    {
      "type": "Feature",
      "properties": {
        "id": 1290403888,
        "name": "Unnamed Road",
        "highway": "steps",
        "oneway": false,
        "maxspeed": "50"
      },
      "geometry": {
        "type": "LineString",
        "coordinates": [
          [
            77.2223883,
            28.6309019
          ],
          [
            77.2223157,
            28.6308418
          ]
        ]
      }
    },
    {
      "type": "Feature",
      "properties": {
        "id": 1290403892,
        "name": "Unnamed Road",
        "highway": "footway",
        "oneway": false,
        "maxspeed": "50"
      },
      "geometry": {
        "type": "LineString",
        "coordinates": [
          [
            77.22266,
            28.6309531
          ],
          [
            77.2226686,
            28.6309652
          ]
        ]
      }
    },
    {
      "type": "Feature",
      "properties": {
        "id": 1290403893,
        "name": "Unnamed Road",
        "highway": "footway",
        "oneway": false,
        "maxspeed": "50"
      },
      "geometry": {
        "type": "LineString",
        "coordinates": [
          [
            77.2231094,
            28.6270821
          ],
          [
            77.2232572,
            28.6268081
          ],
          [
            77.2233528,
            28.6267356
          ],
          [
            77.2236149,
            28.6267025
          ],
          [
            77.2237303,
            28.6267429
          ],
          [
            77.2242019,
            28.6269863
          ],
          [
            77.2242838,
            28.6270258
          ],
          [
            77.2247348,
            28.6273447
          ],
          [
            77.2249983,
            28.6275292
          ],
          [
            77.2251029,
            28.6276087
          ],
          [
            77.2252576,
            28.6277325
          ],
          [
            77.2253381,
            28.6278089
          ],
          [
            77.2254434,
            28.6279058
          ],
          [
            77.2254891,
            28.6279468
          ],
          [
            77.2256211,
            28.6280744
          ],
          [
            77.2256538,
            28.6281067
          ],
          [
            77.2257586,
            28.6282192
          ],
          [
            77.2259627,
            28.6284749
          ],
          [
            77.2261536,
            28.6286987
          ],
          [
            77.2261659,
            28.6287408
          ],
          [
            77.2261645,
            28.6287896
          ],
          [
            77.2261608,
            28.6288083
          ],
          [
            77.2261543,
            28.6288415
          ],
          [
            77.2261216,
            28.6289159
          ],
          [
            77.2260806,
            28.6289865
          ],
          [
            77.22605,
            28.62901
          ],
          [
            77.2258453,
            28.6291286
          ],
          [
            77.2258059,
            28.6291514
          ],
          [
            77.2257594,
            28.6291794
          ],
          [
            77.2257305,
            28.6291967
          ],
          [
            77.2256584,
            28.6292373
          ],
          [
            77.2255278,
            28.6292613
          ],
          [
            77.2252593,
            28.6294117
          ],
          [
            77.2251914,
            28.6295046
          ],
          [
            77.2240897,
            28.6301452
          ]
        ]
      }
    },
    {
      "type": "Feature",
      "properties": {
        "id": 1290403896,
        "name": "Unnamed Road",
        "highway": "steps",
        "oneway": false,
        "maxspeed": "50"
      },
      "geometry": {
        "type": "LineString",
        "coordinates": [
          [
            77.222362,
            28.6309243
          ],
          [
            77.2222894,
            28.6308642
          ]
        ]
      }
    },
    {
      "type": "Feature",
      "properties": {
        "id": 1290403897,
        "name": "Unnamed Road",
        "highway": "footway",
        "oneway": false,
        "maxspeed": "50"
      },
      "geometry": {
        "type": "LineString",
        "coordinates": [
          [
            77.2220169,
            28.6309319
          ],
          [
            77.2219623,
            28.6308963
          ]
        ]
      }
    },
    {
      "type": "Feature",
      "properties": {
        "id": 1290403898,
        "name": "Unnamed Road",
        "highway": "steps",
        "oneway": false,
        "maxspeed": "50"
      },
      "geometry": {
        "type": "LineString",
        "coordinates": [
          [
            77.2219696,
            28.6308898
          ],
          [
            77.221897,
            28.6308297
          ]
        ]
      }
    },
    {
      "type": "Feature",
      "properties": {
        "id": 1290403899,
        "name": "Unnamed Road",
        "highway": "steps",
        "oneway": false,
        "maxspeed": "50"
      },
      "geometry": {
        "type": "LineString",
        "coordinates": [
          [
            77.2219433,
            28.6309122
          ],
          [
            77.2218707,
            28.6308521
          ]
        ]
      }
    },
    {
      "type": "Feature",
      "properties": {
        "id": 1290403903,
        "name": "Unnamed Road",
        "highway": "steps",
        "oneway": false,
        "maxspeed": "50"
      },
      "geometry": {
        "type": "LineString",
        "coordinates": [
          [
            77.2223084,
            28.6308483
          ],
          [
            77.222381,
            28.6309084
          ]
        ]
      }
    },
    {
      "type": "Feature",
      "properties": {
        "id": 1290403904,
        "name": "Unnamed Road",
        "highway": "footway",
        "oneway": false,
        "maxspeed": "50"
      },
      "geometry": {
        "type": "LineString",
        "coordinates": [
          [
            77.2222894,
            28.6308642
          ],
          [
            77.2222372,
            28.6308314
          ]
        ]
      }
    },
    {
      "type": "Feature",
      "properties": {
        "id": 1290403905,
        "name": "Unnamed Road",
        "highway": "footway",
        "oneway": false,
        "maxspeed": "50"
      },
      "geometry": {
        "type": "LineString",
        "coordinates": [
          [
            77.2220169,
            28.6309319
          ],
          [
            77.2219696,
            28.6308898
          ]
        ]
      }
    },
    {
      "type": "Feature",
      "properties": {
        "id": 1290403909,
        "name": "Unnamed Road",
        "highway": "footway",
        "oneway": false,
        "maxspeed": "50"
      },
      "geometry": {
        "type": "LineString",
        "coordinates": [
          [
            77.2198007,
            28.6297987
          ],
          [
            77.2197987,
            28.6298842
          ],
          [
            77.219793,
            28.6299526
          ],
          [
            77.2197883,
            28.6300137
          ]
        ]
      }
    },
    {
      "type": "Feature",
      "properties": {
        "id": 1290403916,
        "name": "Unnamed Road",
        "highway": "footway",
        "oneway": false,
        "maxspeed": "50"
      },
      "geometry": {
        "type": "LineString",
        "coordinates": [
          [
            77.2223157,
            28.6308418
          ],
          [
            77.2222372,
            28.6308314
          ],
          [
            77.2220169,
            28.6309319
          ],
          [
            77.2219433,
            28.6309122
          ]
        ]
      }
    },
    {
      "type": "Feature",
      "properties": {
        "id": 1290403917,
        "name": "Unnamed Road",
        "highway": "steps",
        "oneway": false,
        "maxspeed": "50"
      },
      "geometry": {
        "type": "LineString",
        "coordinates": [
          [
            77.2218897,
            28.6308362
          ],
          [
            77.2219623,
            28.6308963
          ]
        ]
      }
    },
    {
      "type": "Feature",
      "properties": {
        "id": 1297388579,
        "name": "Unnamed Road",
        "highway": "footway",
        "oneway": false,
        "maxspeed": "50"
      },
      "geometry": {
        "type": "LineString",
        "coordinates": [
          [
            77.2153339,
            28.6271184
          ],
          [
            77.2153177,
            28.6271718
          ],
          [
            77.2153033,
            28.627219
          ]
        ]
      }
    },
    {
      "type": "Feature",
      "properties": {
        "id": 1297388580,
        "name": "Unnamed Road",
        "highway": "footway",
        "oneway": false,
        "maxspeed": "50"
      },
      "geometry": {
        "type": "LineString",
        "coordinates": [
          [
            77.2154113,
            28.6267973
          ],
          [
            77.2154528,
            28.6268539
          ],
          [
            77.2155136,
            28.6269417
          ],
          [
            77.2155549,
            28.6269986
          ]
        ]
      }
    },
    {
      "type": "Feature",
      "properties": {
        "id": 1297388581,
        "name": "Unnamed Road",
        "highway": "footway",
        "oneway": false,
        "maxspeed": "50"
      },
      "geometry": {
        "type": "LineString",
        "coordinates": [
          [
            77.2155549,
            28.6269986
          ],
          [
            77.2154732,
            28.6270431
          ],
          [
            77.2154047,
            28.6270801
          ],
          [
            77.2153339,
            28.6271184
          ]
        ]
      }
    },
    {
      "type": "Feature",
      "properties": {
        "id": 1297388582,
        "name": "Unnamed Road",
        "highway": "footway",
        "oneway": false,
        "maxspeed": "50"
      },
      "geometry": {
        "type": "LineString",
        "coordinates": [
          [
            77.2155549,
            28.6269986
          ],
          [
            77.2155854,
            28.6270051
          ],
          [
            77.2156978,
            28.6270289
          ]
        ]
      }
    },
    {
      "type": "Feature",
      "properties": {
        "id": 1297388583,
        "name": "Unnamed Road",
        "highway": "footway",
        "oneway": false,
        "maxspeed": "50"
      },
      "geometry": {
        "type": "LineString",
        "coordinates": [
          [
            77.2154113,
            28.6267973
          ],
          [
            77.2154256,
            28.626741
          ],
          [
            77.2154339,
            28.6267058
          ]
        ]
      }
    },
    {
      "type": "Feature",
      "properties": {
        "id": 1297388584,
        "name": "Unnamed Road",
        "highway": "footway",
        "oneway": false,
        "maxspeed": "50"
      },
      "geometry": {
        "type": "LineString",
        "coordinates": [
          [
            77.2153339,
            28.6271184
          ],
          [
            77.2152911,
            28.6270625
          ],
          [
            77.2152261,
            28.6269806
          ],
          [
            77.2151842,
            28.6269232
          ]
        ]
      }
    },
    {
      "type": "Feature",
      "properties": {
        "id": 1297388585,
        "name": "Unnamed Road",
        "highway": "footway",
        "oneway": false,
        "maxspeed": "50"
      },
      "geometry": {
        "type": "LineString",
        "coordinates": [
          [
            77.2151842,
            28.6269232
          ],
          [
            77.2150895,
            28.6269281
          ],
          [
            77.2150414,
            28.6269306
          ]
        ]
      }
    },
    {
      "type": "Feature",
      "properties": {
        "id": 1297388586,
        "name": "Unnamed Road",
        "highway": "footway",
        "oneway": false,
        "maxspeed": "50"
      },
      "geometry": {
        "type": "LineString",
        "coordinates": [
          [
            77.2151842,
            28.6269232
          ],
          [
            77.2152509,
            28.6268862
          ],
          [
            77.2153221,
            28.6268468
          ],
          [
            77.2154113,
            28.6267973
          ]
        ]
      }
    },
    {
      "type": "Feature",
      "properties": {
        "id": 1297388765,
        "name": "Unnamed Road",
        "highway": "footway",
        "oneway": false,
        "maxspeed": "50"
      },
      "geometry": {
        "type": "LineString",
        "coordinates": [
          [
            77.2179195,
            28.630394
          ],
          [
            77.2180872,
            28.6305067
          ]
        ]
      }
    },
    {
      "type": "Feature",
      "properties": {
        "id": 1297388766,
        "name": "Unnamed Road",
        "highway": "steps",
        "oneway": false,
        "maxspeed": "50"
      },
      "geometry": {
        "type": "LineString",
        "coordinates": [
          [
            77.2180872,
            28.6305067
          ],
          [
            77.2181424,
            28.6305867
          ]
        ]
      }
    },
    {
      "type": "Feature",
      "properties": {
        "id": 1300354426,
        "name": "Unnamed Road",
        "highway": "footway",
        "oneway": false,
        "maxspeed": "50"
      },
      "geometry": {
        "type": "LineString",
        "coordinates": [
          [
            77.2226686,
            28.6309652
          ],
          [
            77.2226799,
            28.6309811
          ]
        ]
      }
    },
    {
      "type": "Feature",
      "properties": {
        "id": 1300354427,
        "name": "Unnamed Road",
        "highway": "footway",
        "oneway": false,
        "maxspeed": "50"
      },
      "geometry": {
        "type": "LineString",
        "coordinates": [
          [
            77.2240897,
            28.6301452
          ],
          [
            77.2240705,
            28.6301564
          ]
        ]
      }
    },
    {
      "type": "Feature",
      "properties": {
        "id": 1300354429,
        "name": "Unnamed Road",
        "highway": "footway",
        "oneway": false,
        "maxspeed": "50"
      },
      "geometry": {
        "type": "LineString",
        "coordinates": [
          [
            77.222362,
            28.6309243
          ],
          [
            77.2224232,
            28.630947
          ]
        ]
      }
    },
    {
      "type": "Feature",
      "properties": {
        "id": 1300354430,
        "name": "Unnamed Road",
        "highway": "footway",
        "oneway": false,
        "maxspeed": "50"
      },
      "geometry": {
        "type": "LineString",
        "coordinates": [
          [
            77.2239868,
            28.6302145
          ],
          [
            77.2239677,
            28.6302239
          ]
        ]
      }
    },
    {
      "type": "Feature",
      "properties": {
        "id": 1300354437,
        "name": "Unnamed Road",
        "highway": "residential",
        "oneway": false,
        "maxspeed": "50"
      },
      "geometry": {
        "type": "LineString",
        "coordinates": [
          [
            77.2239972,
            28.6301422
          ],
          [
            77.2240257,
            28.6301828
          ],
          [
            77.2240555,
            28.6302257
          ]
        ]
      }
    },
    {
      "type": "Feature",
      "properties": {
        "id": 1300354439,
        "name": "Unnamed Road",
        "highway": "footway",
        "oneway": false,
        "maxspeed": "50"
      },
      "geometry": {
        "type": "LineString",
        "coordinates": [
          [
            77.223163,
            28.6306549
          ],
          [
            77.2231471,
            28.6306638
          ]
        ]
      }
    },
    {
      "type": "Feature",
      "properties": {
        "id": 1300354440,
        "name": "Unnamed Road",
        "highway": "footway",
        "oneway": false,
        "maxspeed": "50"
      },
      "geometry": {
        "type": "LineString",
        "coordinates": [
          [
            77.2240705,
            28.6301564
          ],
          [
            77.2240257,
            28.6301828
          ],
          [
            77.2239829,
            28.6302069
          ],
          [
            77.2239364,
            28.6302323
          ],
          [
            77.2237902,
            28.630313
          ],
          [
            77.2237653,
            28.6303291
          ],
          [
            77.2236899,
            28.6303713
          ],
          [
            77.2236377,
            28.6304023
          ],
          [
            77.2235698,
            28.6304419
          ],
          [
            77.2232821,
            28.6306095
          ],
          [
            77.2232248,
            28.6306411
          ],
          [
            77.2231719,
            28.6306701
          ],
          [
            77.2231414,
            28.630687
          ],
          [
            77.22266,
            28.6309531
          ],
          [
            77.2225731,
            28.6310012
          ],
          [
            77.2225515,
            28.6310049
          ],
          [
            77.2225319,
            28.6310042
          ],
          [
            77.2225046,
            28.6309963
          ],
          [
            77.2224232,
            28.630947
          ],
          [
            77.2224063,
            28.6308896
          ],
          [
            77.2223158,
            28.6308142
          ],
          [
            77.2222552,
            28.6308182
          ],
          [
            77.221979,
            28.6305837
          ],
          [
            77.2218188,
            28.6304679
          ],
          [
            77.2216561,
            28.6303504
          ],
          [
            77.2216326,
            28.6303334
          ],
          [
            77.2216089,
            28.6303164
          ],
          [
            77.2214725,
            28.6302179
          ],
          [
            77.221423,
            28.6301445
          ],
          [
            77.2214006,
            28.6301024
          ],
          [
            77.2214583,
            28.6299671
          ],
          [
            77.2214459,
            28.6299352
          ]
        ]
      }
    },
    {
      "type": "Feature",
      "properties": {
        "id": 1300354443,
        "name": "Unnamed Road",
        "highway": "footway",
        "oneway": false,
        "maxspeed": "50"
      },
      "geometry": {
        "type": "LineString",
        "coordinates": [
          [
            77.2226799,
            28.6309811
          ],
          [
            77.2227,
            28.63101
          ],
          [
            77.2227449,
            28.6310743
          ],
          [
            77.2227755,
            28.6311131
          ],
          [
            77.2227882,
            28.6311292
          ],
          [
            77.2228238,
            28.6311743
          ]
        ]
      }
    },
    {
      "type": "Feature",
      "properties": {
        "id": 1300354445,
        "name": "Unnamed Road",
        "highway": "footway",
        "oneway": false,
        "maxspeed": "50"
      },
      "geometry": {
        "type": "LineString",
        "coordinates": [
          [
            77.2239677,
            28.6302239
          ],
          [
            77.2239364,
            28.6302323
          ]
        ]
      }
    },
    {
      "type": "Feature",
      "properties": {
        "id": 1300354447,
        "name": "Unnamed Road",
        "highway": "footway",
        "oneway": false,
        "maxspeed": "50"
      },
      "geometry": {
        "type": "LineString",
        "coordinates": [
          [
            77.2232248,
            28.6306411
          ],
          [
            77.223163,
            28.6306549
          ]
        ]
      }
    },
    {
      "type": "Feature",
      "properties": {
        "id": 1300354451,
        "name": "Unnamed Road",
        "highway": "footway",
        "oneway": false,
        "maxspeed": "50"
      },
      "geometry": {
        "type": "LineString",
        "coordinates": [
          [
            77.2231471,
            28.6306638
          ],
          [
            77.2231414,
            28.630687
          ]
        ]
      }
    },
    {
      "type": "Feature",
      "properties": {
        "id": 1300354452,
        "name": "Unnamed Road",
        "highway": "footway",
        "oneway": false,
        "maxspeed": "50"
      },
      "geometry": {
        "type": "LineString",
        "coordinates": [
          [
            77.2240257,
            28.6301828
          ],
          [
            77.2239868,
            28.6302145
          ]
        ]
      }
    },
    {
      "type": "Feature",
      "properties": {
        "id": 1300354455,
        "name": "Unnamed Road",
        "highway": "footway",
        "oneway": false,
        "maxspeed": "50"
      },
      "geometry": {
        "type": "LineString",
        "coordinates": [
          [
            77.222381,
            28.6309084
          ],
          [
            77.2224232,
            28.630947
          ]
        ]
      }
    },
    {
      "type": "Feature",
      "properties": {
        "id": 1300354458,
        "name": "Unnamed Road",
        "highway": "footway",
        "oneway": false,
        "maxspeed": "50"
      },
      "geometry": {
        "type": "LineString",
        "coordinates": [
          [
            77.2223883,
            28.6309019
          ],
          [
            77.2224232,
            28.630947
          ]
        ]
      }
    },
    {
      "type": "Feature",
      "properties": {
        "id": 1300887617,
        "name": "Unnamed Road",
        "highway": "service",
        "oneway": false,
        "maxspeed": "50"
      },
      "geometry": {
        "type": "LineString",
        "coordinates": [
          [
            77.2145354,
            28.6331356
          ],
          [
            77.2145386,
            28.6331923
          ],
          [
            77.2145461,
            28.6333258
          ]
        ]
      }
    },
    {
      "type": "Feature",
      "properties": {
        "id": 1300887619,
        "name": "Unnamed Road",
        "highway": "service",
        "oneway": false,
        "maxspeed": "50"
      },
      "geometry": {
        "type": "LineString",
        "coordinates": [
          [
            77.2140507,
            28.6331701
          ],
          [
            77.2140568,
            28.6332309
          ],
          [
            77.2140624,
            28.6333473
          ],
          [
            77.2145461,
            28.6333258
          ]
        ]
      }
    },
    {
      "type": "Feature",
      "properties": {
        "id": 1302777698,
        "name": "Unnamed Road",
        "highway": "footway",
        "oneway": false,
        "maxspeed": "50"
      },
      "geometry": {
        "type": "LineString",
        "coordinates": [
          [
            77.2217631,
            28.6339634
          ],
          [
            77.2217209,
            28.6339483
          ],
          [
            77.2216873,
            28.6339362
          ]
        ]
      }
    },
    {
      "type": "Feature",
      "properties": {
        "id": 1302777699,
        "name": "Unnamed Road",
        "highway": "corridor",
        "oneway": false,
        "maxspeed": "50"
      },
      "geometry": {
        "type": "LineString",
        "coordinates": [
          [
            77.2216509,
            28.6339035
          ],
          [
            77.2213407,
            28.6337861
          ],
          [
            77.2212783,
            28.6337622
          ],
          [
            77.2213003,
            28.6337211
          ],
          [
            77.2211007,
            28.6336306
          ]
        ]
      }
    },
    {
      "type": "Feature",
      "properties": {
        "id": 1306152423,
        "name": "Unnamed Road",
        "highway": "service",
        "oneway": false,
        "maxspeed": "50"
      },
      "geometry": {
        "type": "LineString",
        "coordinates": [
          [
            77.2231952,
            28.6350415
          ],
          [
            77.2229605,
            28.6348225
          ]
        ]
      }
    },
    {
      "type": "Feature",
      "properties": {
        "id": 1306152424,
        "name": "Unnamed Road",
        "highway": "service",
        "oneway": false,
        "maxspeed": "50"
      },
      "geometry": {
        "type": "LineString",
        "coordinates": [
          [
            77.2224071,
            28.6343881
          ],
          [
            77.2224766,
            28.6344467
          ],
          [
            77.2224965,
            28.6344634
          ],
          [
            77.2228193,
            28.6347357
          ]
        ]
      }
    },
    {
      "type": "Feature",
      "properties": {
        "id": 1306152700,
        "name": "Unnamed Road",
        "highway": "service",
        "oneway": false,
        "maxspeed": "50"
      },
      "geometry": {
        "type": "LineString",
        "coordinates": [
          [
            77.2220831,
            28.6347379
          ],
          [
            77.2221513,
            28.634779
          ],
          [
            77.2221714,
            28.6347911
          ],
          [
            77.222438,
            28.6349519
          ]
        ]
      }
    },
    {
      "type": "Feature",
      "properties": {
        "id": 1306153024,
        "name": "Unnamed Road",
        "highway": "service",
        "oneway": false,
        "maxspeed": "50"
      },
      "geometry": {
        "type": "LineString",
        "coordinates": [
          [
            77.2233681,
            28.6341666
          ],
          [
            77.2233458,
            28.6341461
          ],
          [
            77.2233385,
            28.6341247
          ],
          [
            77.2233348,
            28.6340921
          ],
          [
            77.2234218,
            28.6336894
          ]
        ]
      }
    },
    {
      "type": "Feature",
      "properties": {
        "id": 1306311526,
        "name": "Unnamed Road",
        "highway": "steps",
        "oneway": false,
        "maxspeed": "50"
      },
      "geometry": {
        "type": "LineString",
        "coordinates": [
          [
            77.2194132,
            28.6313466
          ],
          [
            77.2194371,
            28.6313409
          ]
        ]
      }
    },
    {
      "type": "Feature",
      "properties": {
        "id": 1306311528,
        "name": "Unnamed Road",
        "highway": "footway",
        "oneway": false,
        "maxspeed": "50"
      },
      "geometry": {
        "type": "LineString",
        "coordinates": [
          [
            77.2194931,
            28.6313277
          ],
          [
            77.2195662,
            28.631324
          ],
          [
            77.2196095,
            28.6313221
          ],
          [
            77.2196569,
            28.6313201
          ]
        ]
      }
    },
    {
      "type": "Feature",
      "properties": {
        "id": 1306311530,
        "name": "Unnamed Road",
        "highway": "footway",
        "oneway": false,
        "maxspeed": "50"
      },
      "geometry": {
        "type": "LineString",
        "coordinates": [
          [
            77.2190093,
            28.6314496
          ],
          [
            77.219167,
            28.6314051
          ],
          [
            77.2194132,
            28.6313466
          ]
        ]
      }
    },
    {
      "type": "Feature",
      "properties": {
        "id": 1306311531,
        "name": "Unnamed Road",
        "highway": "footway",
        "oneway": false,
        "maxspeed": "50"
      },
      "geometry": {
        "type": "LineString",
        "coordinates": [
          [
            77.2191437,
            28.6313358
          ],
          [
            77.219111,
            28.6312408
          ],
          [
            77.2191046,
            28.6312221
          ]
        ]
      }
    },
    {
      "type": "Feature",
      "properties": {
        "id": 1306311534,
        "name": "Unnamed Road",
        "highway": "footway",
        "oneway": false,
        "maxspeed": "50"
      },
      "geometry": {
        "type": "LineString",
        "coordinates": [
          [
            77.2192275,
            28.631466
          ],
          [
            77.2192334,
            28.6314832
          ],
          [
            77.2192288,
            28.6315008
          ],
          [
            77.2192148,
            28.6315139
          ],
          [
            77.2191951,
            28.6315192
          ],
          [
            77.2191752,
            28.6315151
          ],
          [
            77.2191602,
            28.6315028
          ],
          [
            77.2191543,
            28.6314865
          ],
          [
            77.2191588,
            28.631468
          ],
          [
            77.2191729,
            28.6314549
          ],
          [
            77.219184,
            28.6314507
          ],
          [
            77.2191925,
            28.6314496
          ],
          [
            77.2192125,
            28.6314537
          ],
          [
            77.2192275,
            28.631466
          ]
        ]
      }
    },
    {
      "type": "Feature",
      "properties": {
        "id": 1306311536,
        "name": "Unnamed Road",
        "highway": "footway",
        "oneway": false,
        "maxspeed": "50"
      },
      "geometry": {
        "type": "LineString",
        "coordinates": [
          [
            77.2196569,
            28.6313201
          ],
          [
            77.2199621,
            28.6313399
          ],
          [
            77.2202984,
            28.6314173
          ],
          [
            77.2204333,
            28.6314681
          ],
          [
            77.220533,
            28.6315057
          ],
          [
            77.2205808,
            28.6315295
          ],
          [
            77.2205575,
            28.6315616
          ],
          [
            77.2206893,
            28.631635
          ],
          [
            77.2208034,
            28.6317189
          ],
          [
            77.2209163,
            28.6318204
          ],
          [
            77.2209538,
            28.6318641
          ],
          [
            77.2209992,
            28.6319169
          ],
          [
            77.2210372,
            28.6318924
          ],
          [
            77.2212209,
            28.6317739
          ],
          [
            77.2212602,
            28.6317485
          ]
        ]
      }
    },
    {
      "type": "Feature",
      "properties": {
        "id": 1306311538,
        "name": "Unnamed Road",
        "highway": "footway",
        "oneway": false,
        "maxspeed": "50"
      },
      "geometry": {
        "type": "LineString",
        "coordinates": [
          [
            77.2191951,
            28.6315192
          ],
          [
            77.2191488,
            28.6315365
          ],
          [
            77.2191801,
            28.6316121
          ],
          [
            77.2192365,
            28.6315921
          ]
        ]
      }
    },
    {
      "type": "Feature",
      "properties": {
        "id": 1306311539,
        "name": "Unnamed Road",
        "highway": "steps",
        "oneway": false,
        "maxspeed": "50"
      },
      "geometry": {
        "type": "LineString",
        "coordinates": [
          [
            77.2191538,
            28.6313652
          ],
          [
            77.2191437,
            28.6313358
          ]
        ]
      }
    },
    {
      "type": "Feature",
      "properties": {
        "id": 1306311540,
        "name": "Unnamed Road",
        "highway": "footway",
        "oneway": false,
        "maxspeed": "50"
      },
      "geometry": {
        "type": "LineString",
        "coordinates": [
          [
            77.2192176,
            28.631792
          ],
          [
            77.2191965,
            28.6317464
          ],
          [
            77.2191722,
            28.6316925
          ]
        ]
      }
    },
    {
      "type": "Feature",
      "properties": {
        "id": 1306311541,
        "name": "Unnamed Road",
        "highway": "footway",
        "oneway": false,
        "maxspeed": "50"
      },
      "geometry": {
        "type": "LineString",
        "coordinates": [
          [
            77.2194371,
            28.6313409
          ],
          [
            77.2194931,
            28.6313277
          ]
        ]
      }
    },
    {
      "type": "Feature",
      "properties": {
        "id": 1306311543,
        "name": "Unnamed Road",
        "highway": "footway",
        "oneway": false,
        "maxspeed": "50"
      },
      "geometry": {
        "type": "LineString",
        "coordinates": [
          [
            77.2192148,
            28.6315139
          ],
          [
            77.2194078,
            28.6314649
          ],
          [
            77.2194425,
            28.6314879
          ],
          [
            77.2195293,
            28.6314679
          ],
          [
            77.2194931,
            28.6313277
          ]
        ]
      }
    },
    {
      "type": "Feature",
      "properties": {
        "id": 1306311545,
        "name": "Unnamed Road",
        "highway": "steps",
        "oneway": false,
        "maxspeed": "50"
      },
      "geometry": {
        "type": "LineString",
        "coordinates": [
          [
            77.2189684,
            28.6314611
          ],
          [
            77.2190093,
            28.6314496
          ]
        ]
      }
    },
    {
      "type": "Feature",
      "properties": {
        "id": 1306325798,
        "name": "Unnamed Road",
        "highway": "footway",
        "oneway": false,
        "maxspeed": "50"
      },
      "geometry": {
        "type": "LineString",
        "coordinates": [
          [
            77.2220743,
            28.6324555
          ],
          [
            77.2223611,
            28.6324328
          ],
          [
            77.2223448,
            28.6322931
          ],
          [
            77.2223165,
            28.6321487
          ],
          [
            77.2222737,
            28.6320178
          ],
          [
            77.2219756,
            28.6321115
          ]
        ]
      }
    },
    {
      "type": "Feature",
      "properties": {
        "id": 1306328983,
        "name": "Unnamed Road",
        "highway": "corridor",
        "oneway": false,
        "maxspeed": "50"
      },
      "geometry": {
        "type": "LineString",
        "coordinates": [
          [
            77.2212902,
            28.6333304
          ],
          [
            77.221493,
            28.6334259
          ]
        ]
      }
    },
    {
      "type": "Feature",
      "properties": {
        "id": 1306328986,
        "name": "Unnamed Road",
        "highway": "steps",
        "oneway": false,
        "maxspeed": "50"
      },
      "geometry": {
        "type": "LineString",
        "coordinates": [
          [
            77.2214367,
            28.6325778
          ],
          [
            77.2214953,
            28.6325722
          ]
        ]
      }
    },
    {
      "type": "Feature",
      "properties": {
        "id": 1306328987,
        "name": "Unnamed Road",
        "highway": "service",
        "oneway": false,
        "maxspeed": "50"
      },
      "geometry": {
        "type": "LineString",
        "coordinates": [
          [
            77.2221065,
            28.6328501
          ],
          [
            77.2220163,
            28.632847
          ]
        ]
      }
    },
    {
      "type": "Feature",
      "properties": {
        "id": 1306328991,
        "name": "Unnamed Road",
        "highway": "corridor",
        "oneway": false,
        "maxspeed": "50"
      },
      "geometry": {
        "type": "LineString",
        "coordinates": [
          [
            77.2214953,
            28.6325722
          ],
          [
            77.2214973,
            28.6325832
          ]
        ]
      }
    },
    {
      "type": "Feature",
      "properties": {
        "id": 1306328996,
        "name": "Unnamed Road",
        "highway": "corridor",
        "oneway": false,
        "maxspeed": "50"
      },
      "geometry": {
        "type": "LineString",
        "coordinates": [
          [
            77.221493,
            28.6334259
          ],
          [
            77.2215141,
            28.6333879
          ],
          [
            77.2218363,
            28.6335194
          ]
        ]
      }
    },
    {
      "type": "Feature",
      "properties": {
        "id": 1306476298,
        "name": "Unnamed Road",
        "highway": "corridor",
        "oneway": false,
        "maxspeed": "50"
      },
      "geometry": {
        "type": "LineString",
        "coordinates": [
          [
            77.2223326,
            28.6314718
          ],
          [
            77.2223559,
            28.6315021
          ],
          [
            77.2224395,
            28.6316108
          ],
          [
            77.2223971,
            28.6316364
          ],
          [
            77.222459,
            28.6317379
          ],
          [
            77.2225142,
            28.631843
          ],
          [
            77.2225714,
            28.6319977
          ],
          [
            77.2226029,
            28.6320955
          ],
          [
            77.2226535,
            28.6322712
          ],
          [
            77.2226654,
            28.6323792
          ],
          [
            77.2227171,
            28.632376
          ],
          [
            77.2227237,
            28.6325836
          ]
        ]
      }
    },
    {
      "type": "Feature",
      "properties": {
        "id": 1306476300,
        "name": "Unnamed Road",
        "highway": "service",
        "oneway": false,
        "maxspeed": "50"
      },
      "geometry": {
        "type": "LineString",
        "coordinates": [
          [
            77.2220163,
            28.632847
          ],
          [
            77.2217928,
            28.6328394
          ]
        ]
      }
    },
    {
      "type": "Feature",
      "properties": {
        "id": 1306476303,
        "name": "Unnamed Road",
        "highway": "corridor",
        "oneway": false,
        "maxspeed": "50"
      },
      "geometry": {
        "type": "LineString",
        "coordinates": [
          [
            77.2223326,
            28.6314718
          ],
          [
            77.2221701,
            28.6315628
          ],
          [
            77.2221944,
            28.631598
          ],
          [
            77.2219057,
            28.6317677
          ]
        ]
      }
    },
    {
      "type": "Feature",
      "properties": {
        "id": 1306476304,
        "name": "Unnamed Road",
        "highway": "service",
        "oneway": false,
        "maxspeed": "50"
      },
      "geometry": {
        "type": "LineString",
        "coordinates": [
          [
            77.2217928,
            28.6328394
          ],
          [
            77.221723,
            28.6328368
          ]
        ]
      }
    },
    {
      "type": "Feature",
      "properties": {
        "id": 1312184985,
        "name": "Unnamed Road",
        "highway": "service",
        "oneway": true,
        "maxspeed": "50"
      },
      "geometry": {
        "type": "LineString",
        "coordinates": [
          [
            77.2125849,
            28.6295685
          ],
          [
            77.2127291,
            28.6293352
          ],
          [
            77.2127303,
            28.6293224
          ],
          [
            77.2127251,
            28.6293145
          ],
          [
            77.2127105,
            28.6293036
          ],
          [
            77.2124867,
            28.6292123
          ],
          [
            77.2124801,
            28.6292117
          ],
          [
            77.2124735,
            28.6292129
          ],
          [
            77.2124669,
            28.6292163
          ],
          [
            77.2123345,
            28.6294567
          ]
        ]
      }
    },
    {
      "type": "Feature",
      "properties": {
        "id": 1312237071,
        "name": "Unnamed Road",
        "highway": "service",
        "oneway": true,
        "maxspeed": "50"
      },
      "geometry": {
        "type": "LineString",
        "coordinates": [
          [
            77.2102833,
            28.6286388
          ],
          [
            77.2101248,
            28.6289102
          ],
          [
            77.2101159,
            28.6289293
          ],
          [
            77.2101202,
            28.6289423
          ],
          [
            77.2102401,
            28.6289955
          ],
          [
            77.2102536,
            28.6289909
          ],
          [
            77.2102705,
            28.6289818
          ],
          [
            77.2104276,
            28.6287045
          ]
        ]
      }
    },
    {
      "type": "Feature",
      "properties": {
        "id": 1316315037,
        "name": "Unnamed Road",
        "highway": "service",
        "oneway": false,
        "maxspeed": "50"
      },
      "geometry": {
        "type": "LineString",
        "coordinates": [
          [
            77.2169496,
            28.6286677
          ],
          [
            77.2170649,
            28.6286418
          ]
        ]
      }
    },
    {
      "type": "Feature",
      "properties": {
        "id": 1316315038,
        "name": "Unnamed Road",
        "highway": "service",
        "oneway": true,
        "maxspeed": "50"
      },
      "geometry": {
        "type": "LineString",
        "coordinates": [
          [
            77.2169185,
            28.6287318
          ],
          [
            77.2169496,
            28.6286677
          ],
          [
            77.2169756,
            28.6286141
          ],
          [
            77.2168047,
            28.6283812
          ],
          [
            77.2166664,
            28.6283922
          ]
        ]
      }
    },
    {
      "type": "Feature",
      "properties": {
        "id": 1316382547,
        "name": "Unnamed Road",
        "highway": "footway",
        "oneway": false,
        "maxspeed": "50"
      },
      "geometry": {
        "type": "LineString",
        "coordinates": [
          [
            77.2217646,
            28.6294249
          ],
          [
            77.2217369,
            28.6294668
          ],
          [
            77.2215717,
            28.6297146
          ],
          [
            77.2215537,
            28.6297416
          ],
          [
            77.2215448,
            28.6297573
          ],
          [
            77.221462,
            28.629903
          ],
          [
            77.2214537,
            28.6299206
          ],
          [
            77.2214459,
            28.6299352
          ]
        ]
      }
    },
    {
      "type": "Feature",
      "properties": {
        "id": 1316382550,
        "name": "Unnamed Road",
        "highway": "corridor",
        "oneway": false,
        "maxspeed": "50"
      },
      "geometry": {
        "type": "LineString",
        "coordinates": [
          [
            77.2213826,
            28.6293275
          ],
          [
            77.2211869,
            28.6297098
          ]
        ]
      }
    },
    {
      "type": "Feature",
      "properties": {
        "id": 1316382552,
        "name": "Unnamed Road",
        "highway": "footway",
        "oneway": false,
        "maxspeed": "50"
      },
      "geometry": {
        "type": "LineString",
        "coordinates": [
          [
            77.2214451,
            28.629967
          ],
          [
            77.2214459,
            28.6299352
          ],
          [
            77.2214264,
            28.6299573
          ]
        ]
      }
    },
    {
      "type": "Feature",
      "properties": {
        "id": 1316382553,
        "name": "Unnamed Road",
        "highway": "footway",
        "oneway": false,
        "maxspeed": "50"
      },
      "geometry": {
        "type": "LineString",
        "coordinates": [
          [
            77.2213826,
            28.6293275
          ],
          [
            77.221429,
            28.6292263
          ]
        ]
      }
    },
    {
      "type": "Feature",
      "properties": {
        "id": 1316627336,
        "name": "Unnamed Road",
        "highway": "service",
        "oneway": false,
        "maxspeed": "50"
      },
      "geometry": {
        "type": "LineString",
        "coordinates": [
          [
            77.2133452,
            28.6274853
          ],
          [
            77.2131482,
            28.6273953
          ]
        ]
      }
    },
    {
      "type": "Feature",
      "properties": {
        "id": 1316627338,
        "name": "Unnamed Road",
        "highway": "service",
        "oneway": true,
        "maxspeed": "50"
      },
      "geometry": {
        "type": "LineString",
        "coordinates": [
          [
            77.2137483,
            28.6267696
          ],
          [
            77.2136516,
            28.6269321
          ],
          [
            77.2136105,
            28.6270092
          ]
        ]
      }
    },
    {
      "type": "Feature",
      "properties": {
        "id": 1316627339,
        "name": "Unnamed Road",
        "highway": "footway",
        "oneway": false,
        "maxspeed": "50"
      },
      "geometry": {
        "type": "LineString",
        "coordinates": [
          [
            77.2129513,
            28.6265084
          ],
          [
            77.2130022,
            28.6264357
          ],
          [
            77.2130458,
            28.6263734
          ]
        ]
      }
    },
    {
      "type": "Feature",
      "properties": {
        "id": 1316627340,
        "name": "Unnamed Road",
        "highway": "service",
        "oneway": true,
        "maxspeed": "50"
      },
      "geometry": {
        "type": "LineString",
        "coordinates": [
          [
            77.2139781,
            28.6271726
          ],
          [
            77.2140212,
            28.6270925
          ],
          [
            77.2141083,
            28.6269256
          ]
        ]
      }
    },
    {
      "type": "Feature",
      "properties": {
        "id": 1316627341,
        "name": "Unnamed Road",
        "highway": "service",
        "oneway": false,
        "maxspeed": "50"
      },
      "geometry": {
        "type": "LineString",
        "coordinates": [
          [
            77.2128114,
            28.6266551
          ],
          [
            77.2126512,
            28.62693
          ]
        ]
      }
    },
    {
      "type": "Feature",
      "properties": {
        "id": 1316627342,
        "name": "Unnamed Road",
        "highway": "service",
        "oneway": false,
        "maxspeed": "50"
      },
      "geometry": {
        "type": "LineString",
        "coordinates": [
          [
            77.2133452,
            28.6274853
          ],
          [
            77.2134118,
            28.6273606
          ],
          [
            77.2136105,
            28.6270092
          ]
        ]
      }
    },
    {
      "type": "Feature",
      "properties": {
        "id": 1316627343,
        "name": "Unnamed Road",
        "highway": "service",
        "oneway": false,
        "maxspeed": "50"
      },
      "geometry": {
        "type": "LineString",
        "coordinates": [
          [
            77.2122843,
            28.626142
          ],
          [
            77.2121927,
            28.6262997
          ],
          [
            77.2119791,
            28.6266692
          ]
        ]
      }
    },
    {
      "type": "Feature",
      "properties": {
        "id": 1316627344,
        "name": "Unnamed Road",
        "highway": "footway",
        "oneway": false,
        "maxspeed": "50"
      },
      "geometry": {
        "type": "LineString",
        "coordinates": [
          [
            77.211195,
            28.6257657
          ],
          [
            77.2112537,
            28.6258408
          ],
          [
            77.2112822,
            28.6258773
          ]
        ]
      }
    },
    {
      "type": "Feature",
      "properties": {
        "id": 1316627346,
        "name": "Unnamed Road",
        "highway": "service",
        "oneway": false,
        "maxspeed": "50"
      },
      "geometry": {
        "type": "LineString",
        "coordinates": [
          [
            77.2116038,
            28.6261554
          ],
          [
            77.2112924,
            28.6260056
          ]
        ]
      }
    },
    {
      "type": "Feature",
      "properties": {
        "id": 1316627349,
        "name": "Unnamed Road",
        "highway": "service",
        "oneway": false,
        "maxspeed": "50"
      },
      "geometry": {
        "type": "LineString",
        "coordinates": [
          [
            77.2126512,
            28.62693
          ],
          [
            77.2128801,
            28.6270318
          ]
        ]
      }
    },
    {
      "type": "Feature",
      "properties": {
        "id": 1316627350,
        "name": "Unnamed Road",
        "highway": "service",
        "oneway": true,
        "maxspeed": "50"
      },
      "geometry": {
        "type": "LineString",
        "coordinates": [
          [
            77.2128114,
            28.6266551
          ],
          [
            77.2133595,
            28.6268912
          ],
          [
            77.2134003,
            28.6268206
          ],
          [
            77.2134952,
            28.6266567
          ]
        ]
      }
    },
    {
      "type": "Feature",
      "properties": {
        "id": 1316627351,
        "name": "Unnamed Road",
        "highway": "service",
        "oneway": false,
        "maxspeed": "50"
      },
      "geometry": {
        "type": "LineString",
        "coordinates": [
          [
            77.2134118,
            28.6273606
          ],
          [
            77.2132244,
            28.6272808
          ]
        ]
      }
    },
    {
      "type": "Feature",
      "properties": {
        "id": 1317316787,
        "name": "Unnamed Road",
        "highway": "footway",
        "oneway": false,
        "maxspeed": "50"
      },
      "geometry": {
        "type": "LineString",
        "coordinates": [
          [
            77.216437,
            28.6265977
          ],
          [
            77.2164368,
            28.6266784
          ]
        ]
      }
    },
    {
      "type": "Feature",
      "properties": {
        "id": 1317316788,
        "name": "Unnamed Road",
        "highway": "footway",
        "oneway": false,
        "maxspeed": "50"
      },
      "geometry": {
        "type": "LineString",
        "coordinates": [
          [
            77.216558,
            28.627642
          ],
          [
            77.2164985,
            28.6276443
          ],
          [
            77.2164991,
            28.6275189
          ]
        ]
      }
    },
    {
      "type": "Feature",
      "properties": {
        "id": 1317316789,
        "name": "Unnamed Road",
        "highway": "footway",
        "oneway": false,
        "maxspeed": "50"
      },
      "geometry": {
        "type": "LineString",
        "coordinates": [
          [
            77.2164493,
            28.6264939
          ],
          [
            77.216471,
            28.626393
          ]
        ]
      }
    },
    {
      "type": "Feature",
      "properties": {
        "id": 1317316790,
        "name": "Unnamed Road",
        "highway": "footway",
        "oneway": false,
        "maxspeed": "50"
      },
      "geometry": {
        "type": "LineString",
        "coordinates": [
          [
            77.2168941,
            28.6273013
          ],
          [
            77.216894,
            28.6273366
          ],
          [
            77.2167952,
            28.6273372
          ],
          [
            77.2167949,
            28.6272976
          ],
          [
            77.2167943,
            28.6272584
          ],
          [
            77.2168464,
            28.6272579
          ],
          [
            77.2168935,
            28.6272576
          ],
          [
            77.2168941,
            28.6273013
          ]
        ]
      }
    },
    {
      "type": "Feature",
      "properties": {
        "id": 1317316791,
        "name": "Unnamed Road",
        "highway": "footway",
        "oneway": false,
        "maxspeed": "50"
      },
      "geometry": {
        "type": "LineString",
        "coordinates": [
          [
            77.216479,
            28.6264687
          ],
          [
            77.2164629,
            28.6264802
          ],
          [
            77.2164493,
            28.6264939
          ],
          [
            77.2164386,
            28.6265095
          ],
          [
            77.2164312,
            28.6265265
          ],
          [
            77.216427,
            28.6265479
          ],
          [
            77.216427,
            28.6265578
          ],
          [
            77.216427,
            28.6265625
          ],
          [
            77.2164302,
            28.6265805
          ],
          [
            77.216437,
            28.6265977
          ],
          [
            77.2164471,
            28.6266136
          ],
          [
            77.2164601,
            28.6266277
          ],
          [
            77.2164758,
            28.6266396
          ],
          [
            77.2164935,
            28.626649
          ],
          [
            77.2165129,
            28.6266555
          ],
          [
            77.2165332,
            28.6266589
          ],
          [
            77.216554,
            28.6266592
          ],
          [
            77.2165744,
            28.6266563
          ],
          [
            77.2165968,
            28.6266491
          ],
          [
            77.2166121,
            28.6266416
          ],
          [
            77.2166282,
            28.6266301
          ],
          [
            77.2166418,
            28.6266164
          ],
          [
            77.2166524,
            28.6266008
          ],
          [
            77.2166598,
            28.6265838
          ],
          [
            77.2166638,
            28.6265659
          ],
          [
            77.2166641,
            28.6265477
          ],
          [
            77.2166637,
            28.6265434
          ],
          [
            77.2166608,
            28.6265298
          ],
          [
            77.2166541,
            28.6265126
          ],
          [
            77.216644,
            28.6264967
          ],
          [
            77.2166309,
            28.6264826
          ],
          [
            77.2166153,
            28.6264707
          ],
          [
            77.2165975,
            28.6264613
          ],
          [
            77.2165782,
            28.6264548
          ],
          [
            77.2165578,
            28.6264514
          ],
          [
            77.2165371,
            28.6264511
          ],
          [
            77.2165133,
            28.626455
          ],
          [
            77.2164971,
            28.6264599
          ],
          [
            77.216479,
            28.6264687
          ]
        ]
      }
    },
    {
      "type": "Feature",
      "properties": {
        "id": 1317316792,
        "name": "Unnamed Road",
        "highway": "footway",
        "oneway": false,
        "maxspeed": "50"
      },
      "geometry": {
        "type": "LineString",
        "coordinates": [
          [
            77.2163685,
            28.6273386
          ],
          [
            77.2163719,
            28.6275196
          ],
          [
            77.2164991,
            28.6275189
          ],
          [
            77.2165568,
            28.6275186
          ]
        ]
      }
    },
    {
      "type": "Feature",
      "properties": {
        "id": 1317316793,
        "name": "Unnamed Road",
        "highway": "footway",
        "oneway": false,
        "maxspeed": "50"
      },
      "geometry": {
        "type": "LineString",
        "coordinates": [
          [
            77.2163782,
            28.6272573
          ],
          [
            77.2164304,
            28.6272567
          ],
          [
            77.216431,
            28.6272972
          ],
          [
            77.2164319,
            28.6273375
          ],
          [
            77.2163685,
            28.6273386
          ],
          [
            77.2163134,
            28.6273395
          ],
          [
            77.2163126,
            28.6273006
          ],
          [
            77.2163122,
            28.6272578
          ],
          [
            77.2163782,
            28.6272573
          ]
        ]
      }
    },
    {
      "type": "Feature",
      "properties": {
        "id": 1331474324,
        "name": "Unnamed Road",
        "highway": "service",
        "oneway": false,
        "maxspeed": "50"
      },
      "geometry": {
        "type": "LineString",
        "coordinates": [
          [
            77.2082794,
            28.6276215
          ],
          [
            77.2083413,
            28.6275834
          ],
          [
            77.2083822,
            28.6275584
          ],
          [
            77.2084695,
            28.6275047
          ],
          [
            77.2088478,
            28.6272752
          ],
          [
            77.2099881,
            28.6266234
          ],
          [
            77.2103106,
            28.6264437
          ],
          [
            77.210487,
            28.6263369
          ],
          [
            77.2107233,
            28.626211
          ]
        ]
      }
    },
    {
      "type": "Feature",
      "properties": {
        "id": 1341216984,
        "name": "Unnamed Road",
        "highway": "service",
        "oneway": false,
        "maxspeed": "50"
      },
      "geometry": {
        "type": "LineString",
        "coordinates": [
          [
            77.2139665,
            28.6338164
          ],
          [
            77.2140325,
            28.6346082
          ]
        ]
      }
    },
    {
      "type": "Feature",
      "properties": {
        "id": 1360298908,
        "name": "Unnamed Road",
        "highway": "steps",
        "oneway": false,
        "maxspeed": "50"
      },
      "geometry": {
        "type": "LineString",
        "coordinates": [
          [
            77.2195594,
            28.6334067
          ],
          [
            77.219593,
            28.6335111
          ]
        ]
      }
    },
    {
      "type": "Feature",
      "properties": {
        "id": 1360298909,
        "name": "Unnamed Road",
        "highway": "steps",
        "oneway": false,
        "maxspeed": "50"
      },
      "geometry": {
        "type": "LineString",
        "coordinates": [
          [
            77.2192364,
            28.632526
          ],
          [
            77.2191913,
            28.6324292
          ]
        ]
      }
    },
    {
      "type": "Feature",
      "properties": {
        "id": 1365967388,
        "name": "Unnamed Road",
        "highway": "service",
        "oneway": false,
        "maxspeed": "50"
      },
      "geometry": {
        "type": "LineString",
        "coordinates": [
          [
            77.2125935,
            28.6340373
          ],
          [
            77.2126254,
            28.6339812
          ],
          [
            77.2125803,
            28.6335368
          ],
          [
            77.2125546,
            28.6334878
          ],
          [
            77.2124623,
            28.6334746
          ],
          [
            77.2091793,
            28.6336912
          ]
        ]
      }
    },
    {
      "type": "Feature",
      "properties": {
        "id": 1374634869,
        "name": "Connaught Lane",
        "highway": "unclassified",
        "oneway": false,
        "maxspeed": "50"
      },
      "geometry": {
        "type": "LineString",
        "coordinates": [
          [
            77.2254922,
            28.6328887
          ],
          [
            77.2254643,
            28.6327716
          ],
          [
            77.2253915,
            28.6326094
          ],
          [
            77.2249923,
            28.6320355
          ],
          [
            77.2247024,
            28.6316249
          ],
          [
            77.224305,
            28.6315805
          ],
          [
            77.2241958,
            28.6315533
          ],
          [
            77.2241251,
            28.6315149
          ],
          [
            77.2240419,
            28.6314336
          ]
        ]
      }
    },
    {
      "type": "Feature",
      "properties": {
        "id": 1375201075,
        "name": "Radial Road 7",
        "highway": "tertiary",
        "oneway": true,
        "maxspeed": "50"
      },
      "geometry": {
        "type": "LineString",
        "coordinates": [
          [
            77.2217092,
            28.631635
          ],
          [
            77.2222317,
            28.6313427
          ],
          [
            77.2222428,
            28.6313365
          ],
          [
            77.2224344,
            28.631252
          ]
        ]
      }
    },
    {
      "type": "Feature",
      "properties": {
        "id": 1384226015,
        "name": "Unnamed Road",
        "highway": "secondary_link",
        "oneway": false,
        "maxspeed": "50"
      },
      "geometry": {
        "type": "LineString",
        "coordinates": [
          [
            77.2176977,
            28.6301219
          ],
          [
            77.2177886,
            28.6300736
          ]
        ]
      }
    },
    {
      "type": "Feature",
      "properties": {
        "id": 1386161115,
        "name": "Unnamed Road",
        "highway": "service",
        "oneway": false,
        "maxspeed": "50"
      },
      "geometry": {
        "type": "LineString",
        "coordinates": [
          [
            77.2129828,
            28.6324485
          ],
          [
            77.2128945,
            28.6324199
          ],
          [
            77.2127551,
            28.6323747
          ],
          [
            77.2126696,
            28.632384
          ],
          [
            77.2124489,
            28.632408
          ],
          [
            77.2123913,
            28.6324366
          ]
        ]
      }
    },
    {
      "type": "Feature",
      "properties": {
        "id": 1386161118,
        "name": "Unnamed Road",
        "highway": "service",
        "oneway": false,
        "maxspeed": "50"
      },
      "geometry": {
        "type": "LineString",
        "coordinates": [
          [
            77.2127179,
            28.6327399
          ],
          [
            77.2127134,
            28.6327079
          ],
          [
            77.2126696,
            28.632384
          ]
        ]
      }
    },
    {
      "type": "Feature",
      "properties": {
        "id": 1386548336,
        "name": "Unnamed Road",
        "highway": "unclassified",
        "oneway": false,
        "maxspeed": "50"
      },
      "geometry": {
        "type": "LineString",
        "coordinates": [
          [
            77.2229795,
            28.632977
          ],
          [
            77.2230546,
            28.6329798
          ]
        ]
      }
    },
    {
      "type": "Feature",
      "properties": {
        "id": 1393046382,
        "name": "Unnamed Road",
        "highway": "footway",
        "oneway": false,
        "maxspeed": "50"
      },
      "geometry": {
        "type": "LineString",
        "coordinates": [
          [
            77.2086496,
            28.633416
          ],
          [
            77.2090334,
            28.6333958
          ],
          [
            77.2090734,
            28.6333808
          ],
          [
            77.209105,
            28.6333698
          ],
          [
            77.2095979,
            28.6333415
          ],
          [
            77.20988,
            28.6333253
          ],
          [
            77.2106246,
            28.6333079
          ],
          [
            77.2127429,
            28.6331686
          ],
          [
            77.2147235,
            28.6330325
          ],
          [
            77.2151251,
            28.6330029
          ]
        ]
      }
    },
    {
      "type": "Feature",
      "properties": {
        "id": 1393046383,
        "name": "Unnamed Road",
        "highway": "footway",
        "oneway": false,
        "maxspeed": "50"
      },
      "geometry": {
        "type": "LineString",
        "coordinates": [
          [
            77.2106486,
            28.633376
          ],
          [
            77.2106246,
            28.6333079
          ],
          [
            77.2105709,
            28.6331518
          ],
          [
            77.2105451,
            28.6330761
          ]
        ]
      }
    },
    {
      "type": "Feature",
      "properties": {
        "id": 1393463455,
        "name": "Shaheed Bhagat Singh Marg",
        "highway": "tertiary",
        "oneway": true,
        "maxspeed": "50"
      },
      "geometry": {
        "type": "LineString",
        "coordinates": [
          [
            77.216192,
            28.6330133
          ],
          [
            77.2160868,
            28.6330299
          ],
          [
            77.2158749,
            28.6330435
          ],
          [
            77.2157846,
            28.6330477
          ],
          [
            77.2157793,
            28.6330473
          ],
          [
            77.215682,
            28.6330539
          ]
        ]
      }
    },
    {
      "type": "Feature",
      "properties": {
        "id": 1393736850,
        "name": "Unnamed Road",
        "highway": "steps",
        "oneway": false,
        "maxspeed": "50"
      },
      "geometry": {
        "type": "LineString",
        "coordinates": [
          [
            77.2174555,
            28.6315326
          ],
          [
            77.2174046,
            28.6315476
          ]
        ]
      }
    },
    {
      "type": "Feature",
      "properties": {
        "id": 1393736851,
        "name": "Unnamed Road",
        "highway": "footway",
        "oneway": false,
        "maxspeed": "50"
      },
      "geometry": {
        "type": "LineString",
        "coordinates": [
          [
            77.2185175,
            28.6315178
          ],
          [
            77.2186079,
            28.6314685
          ],
          [
            77.218698,
            28.63142
          ]
        ]
      }
    },
    {
      "type": "Feature",
      "properties": {
        "id": 1393736852,
        "name": "Unnamed Road",
        "highway": "steps",
        "oneway": false,
        "maxspeed": "50"
      },
      "geometry": {
        "type": "LineString",
        "coordinates": [
          [
            77.2180091,
            28.6309763
          ],
          [
            77.2180513,
            28.6309335
          ]
        ]
      }
    },
    {
      "type": "Feature",
      "properties": {
        "id": 1393736854,
        "name": "Unnamed Road",
        "highway": "footway",
        "oneway": false,
        "maxspeed": "50"
      },
      "geometry": {
        "type": "LineString",
        "coordinates": [
          [
            77.2186492,
            28.631678
          ],
          [
            77.2183099,
            28.6319936
          ]
        ]
      }
    },
    {
      "type": "Feature",
      "properties": {
        "id": 1393736855,
        "name": "Unnamed Road",
        "highway": "footway",
        "oneway": false,
        "maxspeed": "50"
      },
      "geometry": {
        "type": "LineString",
        "coordinates": [
          [
            77.2174046,
            28.6315476
          ],
          [
            77.2173134,
            28.6316468
          ],
          [
            77.2172822,
            28.6316826
          ]
        ]
      }
    },
    {
      "type": "Feature",
      "properties": {
        "id": 1393736856,
        "name": "Unnamed Road",
        "highway": "steps",
        "oneway": false,
        "maxspeed": "50"
      },
      "geometry": {
        "type": "LineString",
        "coordinates": [
          [
            77.2183099,
            28.6319936
          ],
          [
            77.2182914,
            28.6320264
          ]
        ]
      }
    },
    {
      "type": "Feature",
      "properties": {
        "id": 1393736857,
        "name": "Unnamed Road",
        "highway": "footway",
        "oneway": false,
        "maxspeed": "50"
      },
      "geometry": {
        "type": "LineString",
        "coordinates": [
          [
            77.2181291,
            28.631925
          ],
          [
            77.2180982,
            28.6319889
          ],
          [
            77.2180698,
            28.6320468
          ]
        ]
      }
    },
    {
      "type": "Feature",
      "properties": {
        "id": 1393736858,
        "name": "Unnamed Road",
        "highway": "footway",
        "oneway": false,
        "maxspeed": "50"
      },
      "geometry": {
        "type": "LineString",
        "coordinates": [
          [
            77.2182914,
            28.6320264
          ],
          [
            77.2182765,
            28.6320668
          ],
          [
            77.2182548,
            28.6321267
          ]
        ]
      }
    },
    {
      "type": "Feature",
      "properties": {
        "id": 1393736861,
        "name": "Unnamed Road",
        "highway": "steps",
        "oneway": false,
        "maxspeed": "50"
      },
      "geometry": {
        "type": "LineString",
        "coordinates": [
          [
            77.2181724,
            28.6318832
          ],
          [
            77.2181291,
            28.631925
          ]
        ]
      }
    },
    {
      "type": "Feature",
      "properties": {
        "id": 1393736862,
        "name": "Unnamed Road",
        "highway": "footway",
        "oneway": false,
        "maxspeed": "50"
      },
      "geometry": {
        "type": "LineString",
        "coordinates": [
          [
            77.218732,
            28.6316279
          ],
          [
            77.2186866,
            28.6316559
          ]
        ]
      }
    },
    {
      "type": "Feature",
      "properties": {
        "id": 1393736863,
        "name": "Unnamed Road",
        "highway": "steps",
        "oneway": false,
        "maxspeed": "50"
      },
      "geometry": {
        "type": "LineString",
        "coordinates": [
          [
            77.2186866,
            28.6316559
          ],
          [
            77.2186492,
            28.631678
          ]
        ]
      }
    },
    {
      "type": "Feature",
      "properties": {
        "id": 1393736864,
        "name": "Unnamed Road",
        "highway": "service",
        "oneway": false,
        "maxspeed": "50"
      },
      "geometry": {
        "type": "LineString",
        "coordinates": [
          [
            77.218269,
            28.631354
          ],
          [
            77.2179149,
            28.6317102
          ]
        ]
      }
    },
    {
      "type": "Feature",
      "properties": {
        "id": 1393736865,
        "name": "Unnamed Road",
        "highway": "footway",
        "oneway": false,
        "maxspeed": "50"
      },
      "geometry": {
        "type": "LineString",
        "coordinates": [
          [
            77.2175388,
            28.6314494
          ],
          [
            77.2174824,
            28.6314017
          ],
          [
            77.2174321,
            28.6314476
          ],
          [
            77.2173642,
            28.6313903
          ],
          [
            77.2172317,
            28.631405
          ]
        ]
      }
    },
    {
      "type": "Feature",
      "properties": {
        "id": 1393736866,
        "name": "Unnamed Road",
        "highway": "footway",
        "oneway": false,
        "maxspeed": "50"
      },
      "geometry": {
        "type": "LineString",
        "coordinates": [
          [
            77.2180513,
            28.6309335
          ],
          [
            77.2182094,
            28.630844
          ],
          [
            77.2182679,
            28.6308122
          ]
        ]
      }
    },
    {
      "type": "Feature",
      "properties": {
        "id": 1393736867,
        "name": "Unnamed Road",
        "highway": "steps",
        "oneway": false,
        "maxspeed": "50"
      },
      "geometry": {
        "type": "LineString",
        "coordinates": [
          [
            77.2184654,
            28.6315483
          ],
          [
            77.2185175,
            28.6315178
          ]
        ]
      }
    },
    {
      "type": "Feature",
      "properties": {
        "id": 1409462997,
        "name": "Unnamed Road",
        "highway": "service",
        "oneway": false,
        "maxspeed": "50"
      },
      "geometry": {
        "type": "LineString",
        "coordinates": [
          [
            77.223029,
            28.6317991
          ],
          [
            77.2230103,
            28.6317482
          ],
          [
            77.2228554,
            28.6313458
          ],
          [
            77.2230039,
            28.6312562
          ],
          [
            77.2230426,
            28.6312164
          ],
          [
            77.2233447,
            28.6310426
          ]
        ]
      }
    },
    {
      "type": "Feature",
      "properties": {
        "id": 1412259611,
        "name": "Unnamed Road",
        "highway": "footway",
        "oneway": false,
        "maxspeed": "50"
      },
      "geometry": {
        "type": "LineString",
        "coordinates": [
          [
            77.2215446,
            28.6314864
          ],
          [
            77.2215558,
            28.631478
          ],
          [
            77.221582,
            28.6314584
          ],
          [
            77.2216057,
            28.6314407
          ],
          [
            77.2216202,
            28.6314297
          ]
        ]
      }
    },
    {
      "type": "Feature",
      "properties": {
        "id": 1412259614,
        "name": "Unnamed Road",
        "highway": "footway",
        "oneway": false,
        "maxspeed": "50"
      },
      "geometry": {
        "type": "LineString",
        "coordinates": [
          [
            77.2200739,
            28.6307132
          ],
          [
            77.2200124,
            28.6310095
          ]
        ]
      }
    },
    {
      "type": "Feature",
      "properties": {
        "id": 1412259616,
        "name": "Unnamed Road",
        "highway": "footway",
        "oneway": false,
        "maxspeed": "50"
      },
      "geometry": {
        "type": "LineString",
        "coordinates": [
          [
            77.2212209,
            28.6317739
          ],
          [
            77.221238,
            28.6317941
          ],
          [
            77.2212982,
            28.6318649
          ]
        ]
      }
    },
    {
      "type": "Feature",
      "properties": {
        "id": 1412259620,
        "name": "Unnamed Road",
        "highway": "footway",
        "oneway": false,
        "maxspeed": "50"
      },
      "geometry": {
        "type": "LineString",
        "coordinates": [
          [
            77.2208034,
            28.6317189
          ],
          [
            77.2207825,
            28.631738
          ],
          [
            77.2207214,
            28.6317923
          ]
        ]
      }
    },
    {
      "type": "Feature",
      "properties": {
        "id": 1412259621,
        "name": "Unnamed Road",
        "highway": "footway",
        "oneway": false,
        "maxspeed": "50"
      },
      "geometry": {
        "type": "LineString",
        "coordinates": [
          [
            77.2209538,
            28.6318641
          ],
          [
            77.2208623,
            28.6319303
          ]
        ]
      }
    },
    {
      "type": "Feature",
      "properties": {
        "id": 1415607182,
        "name": "Unnamed Road",
        "highway": "service",
        "oneway": false,
        "maxspeed": "50"
      },
      "geometry": {
        "type": "LineString",
        "coordinates": [
          [
            77.2219373,
            28.6289882
          ],
          [
            77.2220866,
            28.6290536
          ],
          [
            77.222636,
            28.6292942
          ]
        ]
      }
    },
    {
      "type": "Feature",
      "properties": {
        "id": 1415607183,
        "name": "Unnamed Road",
        "highway": "service",
        "oneway": false,
        "maxspeed": "50"
      },
      "geometry": {
        "type": "LineString",
        "coordinates": [
          [
            77.2222724,
            28.6286212
          ],
          [
            77.2224572,
            28.6283057
          ],
          [
            77.2228371,
            28.6276572
          ],
          [
            77.2227392,
            28.6276116
          ]
        ]
      }
    },
    {
      "type": "Feature",
      "properties": {
        "id": 1427873614,
        "name": "Raja Bazar Road",
        "highway": "residential",
        "oneway": false,
        "maxspeed": "50"
      },
      "geometry": {
        "type": "LineString",
        "coordinates": [
          [
            77.2122221,
            28.6322487
          ],
          [
            77.2123494,
            28.6320131
          ],
          [
            77.212541,
            28.6316806
          ],
          [
            77.2125564,
            28.6315856
          ],
          [
            77.2125462,
            28.6314802
          ],
          [
            77.2125147,
            28.631358
          ],
          [
            77.2125133,
            28.63127
          ],
          [
            77.2125431,
            28.631186
          ],
          [
            77.2129482,
            28.6305163
          ]
        ]
      }
    },
    {
      "type": "Feature",
      "properties": {
        "id": 1427873854,
        "name": "Unnamed Road",
        "highway": "residential",
        "oneway": false,
        "maxspeed": "50"
      },
      "geometry": {
        "type": "LineString",
        "coordinates": [
          [
            77.2114963,
            28.6298604
          ],
          [
            77.2117262,
            28.6294544
          ],
          [
            77.2118078,
            28.6293103
          ]
        ]
      }
    },
    {
      "type": "Feature",
      "properties": {
        "id": 1458665523,
        "name": "Unnamed Road",
        "highway": "service",
        "oneway": false,
        "maxspeed": "50"
      },
      "geometry": {
        "type": "LineString",
        "coordinates": [
          [
            77.2246925,
            28.6284358
          ],
          [
            77.2247152,
            28.6284129
          ],
          [
            77.2247222,
            28.628395
          ],
          [
            77.2247251,
            28.6283734
          ],
          [
            77.2247369,
            28.6283589
          ]
        ]
      }
    },
    {
      "type": "Feature",
      "properties": {
        "id": 1458665524,
        "name": "Unnamed Road",
        "highway": "service",
        "oneway": false,
        "maxspeed": "50"
      },
      "geometry": {
        "type": "LineString",
        "coordinates": [
          [
            77.2248034,
            28.6284222
          ],
          [
            77.2247346,
            28.6284714
          ],
          [
            77.2247262,
            28.6284778
          ]
        ]
      }
    },
    {
      "type": "Feature",
      "properties": {
        "id": 1458665527,
        "name": "Unnamed Road",
        "highway": "service",
        "oneway": false,
        "maxspeed": "50"
      },
      "geometry": {
        "type": "LineString",
        "coordinates": [
          [
            77.2247262,
            28.6284778
          ],
          [
            77.2246951,
            28.6285014
          ]
        ]
      }
    },
    {
      "type": "Feature",
      "properties": {
        "id": 1458665528,
        "name": "Unnamed Road",
        "highway": "service",
        "oneway": false,
        "maxspeed": "50"
      },
      "geometry": {
        "type": "LineString",
        "coordinates": [
          [
            77.2246567,
            28.6284719
          ],
          [
            77.2246925,
            28.6284358
          ]
        ]
      }
    },
    {
      "type": "Feature",
      "properties": {
        "id": 1463536004,
        "name": "Unnamed Road",
        "highway": "service",
        "oneway": false,
        "maxspeed": "50"
      },
      "geometry": {
        "type": "LineString",
        "coordinates": [
          [
            77.2254303,
            28.6279919
          ],
          [
            77.2251565,
            28.6281979
          ],
          [
            77.2250119,
            28.6283094
          ],
          [
            77.2248778,
            28.6284289
          ],
          [
            77.2249326,
            28.6284874
          ],
          [
            77.2255663,
            28.6281096
          ]
        ]
      }
    },
    {
      "type": "Feature",
      "properties": {
        "id": 1465335801,
        "name": "Unnamed Road",
        "highway": "service",
        "oneway": false,
        "maxspeed": "50"
      },
      "geometry": {
        "type": "LineString",
        "coordinates": [
          [
            77.2155523,
            28.6301426
          ],
          [
            77.2157993,
            28.6297054
          ],
          [
            77.2159829,
            28.6297853
          ],
          [
            77.2161283,
            28.6298499
          ],
          [
            77.2158874,
            28.6302673
          ]
        ]
      }
    },
    {
      "type": "Feature",
      "properties": {
        "id": 1465628557,
        "name": "Unnamed Road",
        "highway": "footway",
        "oneway": false,
        "maxspeed": "50"
      },
      "geometry": {
        "type": "LineString",
        "coordinates": [
          [
            77.2186944,
            28.6336928
          ],
          [
            77.2187521,
            28.6337363
          ]
        ]
      }
    },
    {
      "type": "Feature",
      "properties": {
        "id": 1465628558,
        "name": "Unnamed Road",
        "highway": "steps",
        "oneway": false,
        "maxspeed": "50"
      },
      "geometry": {
        "type": "LineString",
        "coordinates": [
          [
            77.2185265,
            28.6338969
          ],
          [
            77.2184913,
            28.633928
          ]
        ]
      }
    },
    {
      "type": "Feature",
      "properties": {
        "id": 1466162135,
        "name": "Unnamed Road",
        "highway": "service",
        "oneway": false,
        "maxspeed": "50"
      },
      "geometry": {
        "type": "LineString",
        "coordinates": [
          [
            77.2243672,
            28.6333857
          ],
          [
            77.2244858,
            28.6335344
          ]
        ]
      }
    },
    {
      "type": "Feature",
      "properties": {
        "id": 1466162136,
        "name": "Unnamed Road",
        "highway": "service",
        "oneway": false,
        "maxspeed": "50"
      },
      "geometry": {
        "type": "LineString",
        "coordinates": [
          [
            77.224106,
            28.6328759
          ],
          [
            77.224205,
            28.6330423
          ],
          [
            77.2241532,
            28.6331173
          ],
          [
            77.2243018,
            28.6333037
          ]
        ]
      }
    },
    {
      "type": "Feature",
      "properties": {
        "id": 1466162137,
        "name": "Unnamed Road",
        "highway": "service",
        "oneway": false,
        "maxspeed": "50"
      },
      "geometry": {
        "type": "LineString",
        "coordinates": [
          [
            77.2243018,
            28.6333037
          ],
          [
            77.2243672,
            28.6333857
          ]
        ]
      }
    },
    {
      "type": "Feature",
      "properties": {
        "id": 1466163953,
        "name": "Unnamed Road",
        "highway": "unclassified",
        "oneway": false,
        "maxspeed": "50"
      },
      "geometry": {
        "type": "LineString",
        "coordinates": [
          [
            77.2230546,
            28.6329798
          ],
          [
            77.2234235,
            28.6329938
          ]
        ]
      }
    },
    {
      "type": "Feature",
      "properties": {
        "id": 1466165078,
        "name": "Unnamed Road",
        "highway": "service",
        "oneway": false,
        "maxspeed": "50"
      },
      "geometry": {
        "type": "LineString",
        "coordinates": [
          [
            77.2241282,
            28.6336312
          ],
          [
            77.2241474,
            28.6334841
          ],
          [
            77.2242162,
            28.633444
          ]
        ]
      }
    },
    {
      "type": "Feature",
      "properties": {
        "id": 1466288326,
        "name": "Unnamed Road",
        "highway": "footway",
        "oneway": false,
        "maxspeed": "50"
      },
      "geometry": {
        "type": "LineString",
        "coordinates": [
          [
            77.2175119,
            28.6320018
          ],
          [
            77.2174312,
            28.632204
          ],
          [
            77.2173768,
            28.6324194
          ],
          [
            77.2173517,
            28.6326212
          ],
          [
            77.2173487,
            28.6326653
          ],
          [
            77.2173519,
            28.6328263
          ],
          [
            77.217356,
            28.632876
          ],
          [
            77.2173651,
            28.632985
          ],
          [
            77.2174086,
            28.6332308
          ],
          [
            77.2174664,
            28.6334508
          ],
          [
            77.2175079,
            28.6335519
          ],
          [
            77.2175653,
            28.63366
          ],
          [
            77.217597,
            28.6337109
          ],
          [
            77.2175982,
            28.6337129
          ],
          [
            77.2176208,
            28.6337498
          ],
          [
            77.217681,
            28.6338481
          ]
        ]
      }
    },
    {
      "type": "Feature",
      "properties": {
        "id": 1466288327,
        "name": "Unnamed Road",
        "highway": "footway",
        "oneway": false,
        "maxspeed": "50"
      },
      "geometry": {
        "type": "LineString",
        "coordinates": [
          [
            77.2173795,
            28.6320156
          ],
          [
            77.2173178,
            28.6321769
          ],
          [
            77.2172634,
            28.6323923
          ],
          [
            77.2172215,
            28.6326734
          ],
          [
            77.2172288,
            28.6329588
          ],
          [
            77.2172805,
            28.6332086
          ],
          [
            77.2173439,
            28.633428
          ],
          [
            77.2174446,
            28.6336671
          ],
          [
            77.2175152,
            28.6338019
          ],
          [
            77.2175587,
            28.633885
          ]
        ]
      }
    },
    {
      "type": "Feature",
      "properties": {
        "id": 1466377050,
        "name": "Unnamed Road",
        "highway": "pedestrian",
        "oneway": false,
        "maxspeed": "50"
      },
      "geometry": {
        "type": "LineString",
        "coordinates": [
          [
            77.2167786,
            28.6329962
          ],
          [
            77.2172288,
            28.6329588
          ],
          [
            77.2173009,
            28.6329528
          ]
        ]
      }
    },
    {
      "type": "Feature",
      "properties": {
        "id": 1466377051,
        "name": "Unnamed Road",
        "highway": "service",
        "oneway": false,
        "maxspeed": "50"
      },
      "geometry": {
        "type": "LineString",
        "coordinates": [
          [
            77.2166711,
            28.6330021
          ],
          [
            77.2167786,
            28.6329962
          ]
        ]
      }
    },
    {
      "type": "Feature",
      "properties": {
        "id": 1466377052,
        "name": "Unnamed Road",
        "highway": "footway",
        "oneway": false,
        "maxspeed": "50"
      },
      "geometry": {
        "type": "LineString",
        "coordinates": [
          [
            77.2173795,
            28.6320156
          ],
          [
            77.2174012,
            28.631966
          ],
          [
            77.2174583,
            28.6319853
          ],
          [
            77.217476,
            28.6319913
          ],
          [
            77.2174963,
            28.6319972
          ],
          [
            77.2175119,
            28.6320018
          ]
        ]
      }
    },
    {
      "type": "Feature",
      "properties": {
        "id": 1466621305,
        "name": "Unnamed Road",
        "highway": "service",
        "oneway": false,
        "maxspeed": "50"
      },
      "geometry": {
        "type": "LineString",
        "coordinates": [
          [
            77.2229265,
            28.6321686
          ],
          [
            77.2230356,
            28.6321394
          ]
        ]
      }
    },
    {
      "type": "Feature",
      "properties": {
        "id": 1484217567,
        "name": "Unnamed Road",
        "highway": "service",
        "oneway": false,
        "maxspeed": "50"
      },
      "geometry": {
        "type": "LineString",
        "coordinates": [
          [
            77.2163143,
            28.632483
          ],
          [
            77.2162545,
            28.63277
          ],
          [
            77.2162398,
            28.6328355
          ]
        ]
      }
    },
    {
      "type": "Feature",
      "properties": {
        "id": 1484217568,
        "name": "Unnamed Road",
        "highway": "footway",
        "oneway": false,
        "maxspeed": "50"
      },
      "geometry": {
        "type": "LineString",
        "coordinates": [
          [
            77.2166929,
            28.6312696
          ],
          [
            77.2167421,
            28.6314291
          ],
          [
            77.2168885,
            28.6314277
          ]
        ]
      }
    },
    {
      "type": "Feature",
      "properties": {
        "id": 1484217569,
        "name": "Unnamed Road",
        "highway": "steps",
        "oneway": false,
        "maxspeed": "50"
      },
      "geometry": {
        "type": "LineString",
        "coordinates": [
          [
            77.2168885,
            28.6314277
          ],
          [
            77.2169341,
            28.6314849
          ]
        ]
      }
    },
    {
      "type": "Feature",
      "properties": {
        "id": 1484217571,
        "name": "Unnamed Road",
        "highway": "footway",
        "oneway": false,
        "maxspeed": "50"
      },
      "geometry": {
        "type": "LineString",
        "coordinates": [
          [
            77.2169341,
            28.6314849
          ],
          [
            77.2169716,
            28.6314584
          ]
        ]
      }
    },
    {
      "type": "Feature",
      "properties": {
        "id": 1484217572,
        "name": "Unnamed Road",
        "highway": "footway",
        "oneway": false,
        "maxspeed": "50"
      },
      "geometry": {
        "type": "LineString",
        "coordinates": [
          [
            77.2167421,
            28.6314291
          ],
          [
            77.2165816,
            28.6315384
          ],
          [
            77.216506,
            28.6315899
          ]
        ]
      }
    },
    {
      "type": "Feature",
      "properties": {
        "id": 1484217573,
        "name": "Unnamed Road",
        "highway": "steps",
        "oneway": false,
        "maxspeed": "50"
      },
      "geometry": {
        "type": "LineString",
        "coordinates": [
          [
            77.216756,
            28.6312114
          ],
          [
            77.2166929,
            28.6312696
          ]
        ]
      }
    },
    {
      "type": "Feature",
      "properties": {
        "id": 1484217574,
        "name": "Unnamed Road",
        "highway": "steps",
        "oneway": false,
        "maxspeed": "50"
      },
      "geometry": {
        "type": "LineString",
        "coordinates": [
          [
            77.2164832,
            28.6316857
          ],
          [
            77.216506,
            28.6315899
          ]
        ]
      }
    },
    {
      "type": "Feature",
      "properties": {
        "id": 1484217576,
        "name": "Unnamed Road",
        "highway": "footway",
        "oneway": false,
        "maxspeed": "50"
      },
      "geometry": {
        "type": "LineString",
        "coordinates": [
          [
            77.2164431,
            28.6314994
          ],
          [
            77.2163842,
            28.6315996
          ]
        ]
      }
    },
    {
      "type": "Feature",
      "properties": {
        "id": 1484217577,
        "name": "Unnamed Road",
        "highway": "footway",
        "oneway": false,
        "maxspeed": "50"
      },
      "geometry": {
        "type": "LineString",
        "coordinates": [
          [
            77.2164832,
            28.6316857
          ],
          [
            77.2163983,
            28.6316715
          ]
        ]
      }
    },
    {
      "type": "Feature",
      "properties": {
        "id": 1484217578,
        "name": "Unnamed Road",
        "highway": "footway",
        "oneway": false,
        "maxspeed": "50"
      },
      "geometry": {
        "type": "LineString",
        "coordinates": [
          [
            77.2165882,
            28.6312647
          ],
          [
            77.2166207,
            28.6312197
          ],
          [
            77.2166796,
            28.6312491
          ],
          [
            77.2167376,
            28.6311981
          ],
          [
            77.216756,
            28.6312114
          ]
        ]
      }
    },
    {
      "type": "Feature",
      "properties": {
        "id": 1486892733,
        "name": "Unnamed Road",
        "highway": "footway",
        "oneway": false,
        "maxspeed": "50"
      },
      "geometry": {
        "type": "LineString",
        "coordinates": [
          [
            77.2227237,
            28.6325836
          ],
          [
            77.222726,
            28.6326348
          ]
        ]
      }
    },
    {
      "type": "Feature",
      "properties": {
        "id": 1486892734,
        "name": "Unnamed Road",
        "highway": "footway",
        "oneway": false,
        "maxspeed": "50"
      },
      "geometry": {
        "type": "LineString",
        "coordinates": [
          [
            77.2218911,
            28.63178
          ],
          [
            77.2218375,
            28.6318251
          ],
          [
            77.2218215,
            28.6318397
          ]
        ]
      }
    },
    {
      "type": "Feature",
      "properties": {
        "id": 1486892735,
        "name": "Unnamed Road",
        "highway": "footway",
        "oneway": false,
        "maxspeed": "50"
      },
      "geometry": {
        "type": "LineString",
        "coordinates": [
          [
            77.222726,
            28.6326348
          ],
          [
            77.222729,
            28.6326945
          ]
        ]
      }
    },
    {
      "type": "Feature",
      "properties": {
        "id": 1486892736,
        "name": "Unnamed Road",
        "highway": "corridor",
        "oneway": false,
        "maxspeed": "50"
      },
      "geometry": {
        "type": "LineString",
        "coordinates": [
          [
            77.222729,
            28.6326945
          ],
          [
            77.2227427,
            28.6329115
          ]
        ]
      }
    },
    {
      "type": "Feature",
      "properties": {
        "id": 1487225949,
        "name": "Unnamed Road",
        "highway": "footway",
        "oneway": false,
        "maxspeed": "50"
      },
      "geometry": {
        "type": "LineString",
        "coordinates": [
          [
            77.2196703,
            28.6343029
          ],
          [
            77.2197665,
            28.6343009
          ],
          [
            77.2198021,
            28.6343002
          ],
          [
            77.2198489,
            28.6342993
          ],
          [
            77.2198889,
            28.6342985
          ]
        ]
      }
    },
    {
      "type": "Feature",
      "properties": {
        "id": 1487225950,
        "name": "Unnamed Road",
        "highway": "footway",
        "oneway": false,
        "maxspeed": "50"
      },
      "geometry": {
        "type": "LineString",
        "coordinates": [
          [
            77.2195839,
            28.6343046
          ],
          [
            77.2196703,
            28.6343029
          ]
        ]
      }
    },
    {
      "type": "Feature",
      "properties": {
        "id": 1487225951,
        "name": "Unnamed Road",
        "highway": "footway",
        "oneway": false,
        "maxspeed": "50"
      },
      "geometry": {
        "type": "LineString",
        "coordinates": [
          [
            77.2198889,
            28.6342985
          ],
          [
            77.2199712,
            28.6342968
          ]
        ]
      }
    },
    {
      "type": "Feature",
      "properties": {
        "id": 1487225952,
        "name": "Unnamed Road",
        "highway": "footway",
        "oneway": false,
        "maxspeed": "50"
      },
      "geometry": {
        "type": "LineString",
        "coordinates": [
          [
            77.2204483,
            28.6341524
          ],
          [
            77.2204935,
            28.6341233
          ]
        ]
      }
    },
    {
      "type": "Feature",
      "properties": {
        "id": 1487225953,
        "name": "Unnamed Road",
        "highway": "footway",
        "oneway": false,
        "maxspeed": "50"
      },
      "geometry": {
        "type": "LineString",
        "coordinates": [
          [
            77.2211007,
            28.6336306
          ],
          [
            77.2211266,
            28.6335895
          ]
        ]
      }
    },
    {
      "type": "Feature",
      "properties": {
        "id": 1487225954,
        "name": "Unnamed Road",
        "highway": "footway",
        "oneway": false,
        "maxspeed": "50"
      },
      "geometry": {
        "type": "LineString",
        "coordinates": [
          [
            77.2212647,
            28.6333709
          ],
          [
            77.2212902,
            28.6333304
          ]
        ]
      }
    },
    {
      "type": "Feature",
      "properties": {
        "id": 1487225955,
        "name": "Unnamed Road",
        "highway": "footway",
        "oneway": false,
        "maxspeed": "50"
      },
      "geometry": {
        "type": "LineString",
        "coordinates": [
          [
            77.221187,
            28.6320787
          ],
          [
            77.2212142,
            28.6321125
          ]
        ]
      }
    },
    {
      "type": "Feature",
      "properties": {
        "id": 1488006963,
        "name": "Unnamed Road",
        "highway": "footway",
        "oneway": false,
        "maxspeed": "50"
      },
      "geometry": {
        "type": "LineString",
        "coordinates": [
          [
            77.2183019,
            28.633646
          ],
          [
            77.2183808,
            28.6337586
          ]
        ]
      }
    },
    {
      "type": "Feature",
      "properties": {
        "id": 1488006964,
        "name": "Unnamed Road",
        "highway": "footway",
        "oneway": false,
        "maxspeed": "50"
      },
      "geometry": {
        "type": "LineString",
        "coordinates": [
          [
            77.218147,
            28.6334233
          ],
          [
            77.2182222,
            28.6335312
          ]
        ]
      }
    },
    {
      "type": "Feature",
      "properties": {
        "id": 1488006965,
        "name": "Unnamed Road",
        "highway": "corridor",
        "oneway": false,
        "maxspeed": "50"
      },
      "geometry": {
        "type": "LineString",
        "coordinates": [
          [
            77.221023,
            28.6318727
          ],
          [
            77.2209921,
            28.63183
          ],
          [
            77.2210099,
            28.6318114
          ],
          [
            77.2208707,
            28.631683
          ],
          [
            77.2206371,
            28.6315323
          ],
          [
            77.2206731,
            28.6314889
          ],
          [
            77.2203369,
            28.6313489
          ],
          [
            77.2203154,
            28.6313908
          ],
          [
            77.2199829,
            28.6313168
          ],
          [
            77.2197812,
            28.6313072
          ],
          [
            77.2197625,
            28.6313063
          ]
        ]
      }
    },
    {
      "type": "Feature",
      "properties": {
        "id": 1488006966,
        "name": "Unnamed Road",
        "highway": "footway",
        "oneway": false,
        "maxspeed": "50"
      },
      "geometry": {
        "type": "LineString",
        "coordinates": [
          [
            77.2210372,
            28.6318924
          ],
          [
            77.221023,
            28.6318727
          ]
        ]
      }
    },
    {
      "type": "Feature",
      "properties": {
        "id": 1488063430,
        "name": "Unnamed Road",
        "highway": "service",
        "oneway": false,
        "maxspeed": "50"
      },
      "geometry": {
        "type": "LineString",
        "coordinates": [
          [
            77.225299,
            28.631547
          ],
          [
            77.225294,
            28.6317135
          ],
          [
            77.2252461,
            28.631843
          ],
          [
            77.2251579,
            28.6319336
          ],
          [
            77.2249923,
            28.6320355
          ]
        ]
      }
    },
    {
      "type": "Feature",
      "properties": {
        "id": 1493039595,
        "name": "Unnamed Road",
        "highway": "footway",
        "oneway": false,
        "maxspeed": "50"
      },
      "geometry": {
        "type": "LineString",
        "coordinates": [
          [
            77.2157339,
            28.6264704
          ],
          [
            77.2158046,
            28.6260503
          ],
          [
            77.2157672,
            28.6258332
          ],
          [
            77.2156625,
            28.6250532
          ],
          [
            77.2156652,
            28.6247696
          ]
        ]
      }
    },
    {
      "type": "Feature",
      "properties": {
        "id": 1493645473,
        "name": "Jain Mandir Marg",
        "highway": "residential",
        "oneway": false,
        "maxspeed": "50"
      },
      "geometry": {
        "type": "LineString",
        "coordinates": [
          [
            77.2159983,
            28.6315006
          ],
          [
            77.2158251,
            28.6317918
          ],
          [
            77.2157151,
            28.6319419
          ],
          [
            77.2156626,
            28.6319895
          ],
          [
            77.2156013,
            28.6320191
          ]
        ]
      }
    },
    {
      "type": "Feature",
      "properties": {
        "id": 1494413070,
        "name": "Unnamed Road",
        "highway": "footway",
        "oneway": false,
        "maxspeed": "50"
      },
      "geometry": {
        "type": "LineString",
        "coordinates": [
          [
            77.2170099,
            28.6340574
          ],
          [
            77.217109,
            28.6339955
          ]
        ]
      }
    },
    {
      "type": "Feature",
      "properties": {
        "id": 1494413071,
        "name": "Unnamed Road",
        "highway": "footway",
        "oneway": false,
        "maxspeed": "50"
      },
      "geometry": {
        "type": "LineString",
        "coordinates": [
          [
            77.217476,
            28.6338226
          ],
          [
            77.2175152,
            28.6338019
          ]
        ]
      }
    },
    {
      "type": "Feature",
      "properties": {
        "id": 1494413072,
        "name": "Unnamed Road",
        "highway": "footway",
        "oneway": false,
        "maxspeed": "50"
      },
      "geometry": {
        "type": "LineString",
        "coordinates": [
          [
            77.2173347,
            28.631999
          ],
          [
            77.2173795,
            28.6320156
          ]
        ]
      }
    },
    {
      "type": "Feature",
      "properties": {
        "id": 1494413073,
        "name": "Unnamed Road",
        "highway": "footway",
        "oneway": false,
        "maxspeed": "50"
      },
      "geometry": {
        "type": "LineString",
        "coordinates": [
          [
            77.2176163,
            28.6337022
          ],
          [
            77.2175982,
            28.6337129
          ]
        ]
      }
    },
    {
      "type": "Feature",
      "properties": {
        "id": 1494413074,
        "name": "Unnamed Road",
        "highway": "footway",
        "oneway": false,
        "maxspeed": "50"
      },
      "geometry": {
        "type": "LineString",
        "coordinates": [
          [
            77.2175152,
            28.6338019
          ],
          [
            77.2175514,
            28.633784
          ]
        ]
      }
    },
    {
      "type": "Feature",
      "properties": {
        "id": 1494413075,
        "name": "Unnamed Road",
        "highway": "footway",
        "oneway": false,
        "maxspeed": "50"
      },
      "geometry": {
        "type": "LineString",
        "coordinates": [
          [
            77.2177576,
            28.6341692
          ],
          [
            77.2178085,
            28.6341417
          ],
          [
            77.2178186,
            28.6341362
          ],
          [
            77.2178323,
            28.6341288
          ],
          [
            77.21785,
            28.6341193
          ],
          [
            77.2178625,
            28.6341125
          ],
          [
            77.2179389,
            28.6340712
          ]
        ]
      }
    },
    {
      "type": "Feature",
      "properties": {
        "id": 1494413076,
        "name": "Unnamed Road",
        "highway": "footway",
        "oneway": false,
        "maxspeed": "50"
      },
      "geometry": {
        "type": "LineString",
        "coordinates": [
          [
            77.2177769,
            28.6340173
          ],
          [
            77.2178625,
            28.6341125
          ],
          [
            77.2178971,
            28.6341509
          ],
          [
            77.2180728,
            28.6343086
          ],
          [
            77.218318,
            28.6344931
          ],
          [
            77.2185968,
            28.6346446
          ],
          [
            77.2188608,
            28.6347424
          ],
          [
            77.2191047,
            28.6348158
          ],
          [
            77.2193923,
            28.6348635
          ],
          [
            77.219557,
            28.6348864
          ],
          [
            77.2196831,
            28.634886
          ],
          [
            77.2197803,
            28.6348823
          ]
        ]
      }
    },
    {
      "type": "Feature",
      "properties": {
        "id": 1494413077,
        "name": "Unnamed Road",
        "highway": "footway",
        "oneway": false,
        "maxspeed": "50"
      },
      "geometry": {
        "type": "LineString",
        "coordinates": [
          [
            77.2177414,
            28.634067
          ],
          [
            77.2178085,
            28.6341417
          ],
          [
            77.2178269,
            28.6341622
          ],
          [
            77.2178615,
            28.6342006
          ],
          [
            77.2180372,
            28.6343583
          ],
          [
            77.2182824,
            28.6345428
          ],
          [
            77.2185612,
            28.6346943
          ],
          [
            77.2185977,
            28.6347078
          ],
          [
            77.2188252,
            28.6347921
          ],
          [
            77.2190692,
            28.6348655
          ],
          [
            77.2193567,
            28.6349132
          ],
          [
            77.219521,
            28.6349364
          ],
          [
            77.2195589,
            28.6349362
          ],
          [
            77.2196475,
            28.6349357
          ],
          [
            77.2197447,
            28.634932
          ]
        ]
      }
    },
    {
      "type": "Feature",
      "properties": {
        "id": 1494413078,
        "name": "Unnamed Road",
        "highway": "corridor",
        "oneway": false,
        "maxspeed": "50"
      },
      "geometry": {
        "type": "LineString",
        "coordinates": [
          [
            77.2173788,
            28.6343655
          ],
          [
            77.2173945,
            28.6343826
          ],
          [
            77.2175155,
            28.6345163
          ],
          [
            77.2176592,
            28.6346505
          ],
          [
            77.2178539,
            28.6347873
          ],
          [
            77.2180444,
            28.6349161
          ],
          [
            77.2181372,
            28.6349609
          ],
          [
            77.218076,
            28.6350736
          ],
          [
            77.218232,
            28.6351487
          ],
          [
            77.2182554,
            28.6351228
          ],
          [
            77.2183522,
            28.6351576
          ],
          [
            77.2184195,
            28.6351818
          ],
          [
            77.2184052,
            28.6352337
          ],
          [
            77.2185928,
            28.6353124
          ],
          [
            77.2186274,
            28.6352686
          ],
          [
            77.2188333,
            28.6353446
          ],
          [
            77.2190952,
            28.6354063
          ],
          [
            77.2193398,
            28.6354493
          ],
          [
            77.2195263,
            28.6354538
          ],
          [
            77.219612,
            28.6354511
          ],
          [
            77.2195604,
            28.6349765
          ]
        ]
      }
    },
    {
      "type": "Feature",
      "properties": {
        "id": 1494413079,
        "name": "Unnamed Road",
        "highway": "footway",
        "oneway": false,
        "maxspeed": "50"
      },
      "geometry": {
        "type": "LineString",
        "coordinates": [
          [
            77.2195585,
            28.6349259
          ],
          [
            77.2195578,
            28.6349079
          ],
          [
            77.2195574,
            28.6348954
          ]
        ]
      }
    },
    {
      "type": "Feature",
      "properties": {
        "id": 1498927350,
        "name": "Unnamed Road",
        "highway": "residential",
        "oneway": false,
        "maxspeed": "50"
      },
      "geometry": {
        "type": "LineString",
        "coordinates": [
          [
            77.2191234,
            28.6289902
          ],
          [
            77.2194243,
            28.6289846
          ]
        ]
      }
    },
    {
      "type": "Feature",
      "properties": {
        "id": 1502797233,
        "name": "Unnamed Road",
        "highway": "service",
        "oneway": false,
        "maxspeed": "50"
      },
      "geometry": {
        "type": "LineString",
        "coordinates": [
          [
            77.2230097,
            28.6269721
          ],
          [
            77.222887,
            28.6269153
          ],
          [
            77.2230265,
            28.6266269
          ],
          [
            77.2230171,
            28.6265245
          ],
          [
            77.2229715,
            28.6264409
          ],
          [
            77.2229312,
            28.6264056
          ]
        ]
      }
    },
    {
      "type": "Feature",
      "properties": {
        "id": 1502797234,
        "name": "Unnamed Road",
        "highway": "footway",
        "oneway": false,
        "maxspeed": "50"
      },
      "geometry": {
        "type": "LineString",
        "coordinates": [
          [
            77.2225602,
            28.6269362
          ],
          [
            77.2225039,
            28.6270366
          ]
        ]
      }
    },
    {
      "type": "Feature",
      "properties": {
        "id": 1502797235,
        "name": "Unnamed Road",
        "highway": "footway",
        "oneway": false,
        "maxspeed": "50"
      },
      "geometry": {
        "type": "LineString",
        "coordinates": [
          [
            77.2224588,
            28.6270172
          ],
          [
            77.2225039,
            28.6270366
          ],
          [
            77.2226262,
            28.6270894
          ]
        ]
      }
    },
    {
      "type": "Feature",
      "properties": {
        "id": 1510743783,
        "name": "Unnamed Road",
        "highway": "corridor",
        "oneway": false,
        "maxspeed": "50"
      },
      "geometry": {
        "type": "LineString",
        "coordinates": [
          [
            77.2220238,
            28.6335787
          ],
          [
            77.222356,
            28.6337272
          ],
          [
            77.2223227,
            28.6337726
          ],
          [
            77.2224772,
            28.6338387
          ],
          [
            77.2225618,
            28.6336949
          ],
          [
            77.2225209,
            28.6336796
          ],
          [
            77.2225691,
            28.6335931
          ],
          [
            77.222604,
            28.6335172
          ],
          [
            77.2226416,
            28.6333977
          ],
          [
            77.222665,
            28.6332953
          ],
          [
            77.2226825,
            28.6331941
          ],
          [
            77.2226898,
            28.633094
          ],
          [
            77.2226915,
            28.6329828
          ],
          [
            77.2226821,
            28.6329119
          ],
          [
            77.2227427,
            28.6329115
          ]
        ]
      }
    },
    {
      "type": "Feature",
      "properties": {
        "id": 1510743784,
        "name": "The Colonnade",
        "highway": "service",
        "oneway": false,
        "maxspeed": "50"
      },
      "geometry": {
        "type": "LineString",
        "coordinates": [
          [
            77.2189123,
            28.6344765
          ],
          [
            77.2187906,
            28.6347546
          ]
        ]
      }
    },
    {
      "type": "Feature",
      "properties": {
        "id": 1510743785,
        "name": "Connaught High Street",
        "highway": "service",
        "oneway": false,
        "maxspeed": "50"
      },
      "geometry": {
        "type": "LineString",
        "coordinates": [
          [
            77.2187496,
            28.6347405
          ],
          [
            77.2188498,
            28.6345354
          ]
        ]
      }
    },
    {
      "type": "Feature",
      "properties": {
        "id": 1514379109,
        "name": "Unnamed Road",
        "highway": "footway",
        "oneway": false,
        "maxspeed": "50"
      },
      "geometry": {
        "type": "LineString",
        "coordinates": [
          [
            77.2188724,
            28.6338402
          ],
          [
            77.2188862,
            28.633824
          ]
        ]
      }
    },
    {
      "type": "Feature",
      "properties": {
        "id": 1514379110,
        "name": "Unnamed Road",
        "highway": "footway",
        "oneway": false,
        "maxspeed": "50"
      },
      "geometry": {
        "type": "LineString",
        "coordinates": [
          [
            77.2187614,
            28.6337251
          ],
          [
            77.2187521,
            28.6337363
          ]
        ]
      }
    },
    {
      "type": "Feature",
      "properties": {
        "id": 1514379111,
        "name": "Unnamed Road",
        "highway": "steps",
        "oneway": false,
        "maxspeed": "50"
      },
      "geometry": {
        "type": "LineString",
        "coordinates": [
          [
            77.2188862,
            28.633824
          ],
          [
            77.2187614,
            28.6337251
          ]
        ]
      }
    },
    {
      "type": "Feature",
      "properties": {
        "id": 1514379112,
        "name": "Unnamed Road",
        "highway": "footway",
        "oneway": false,
        "maxspeed": "50"
      },
      "geometry": {
        "type": "LineString",
        "coordinates": [
          [
            77.2191554,
            28.6335683
          ],
          [
            77.2192121,
            28.6335912
          ],
          [
            77.2191831,
            28.6336525
          ],
          [
            77.2191567,
            28.6337082
          ],
          [
            77.219097,
            28.6336894
          ]
        ]
      }
    },
    {
      "type": "Feature",
      "properties": {
        "id": 1514833513,
        "name": "Unnamed Road",
        "highway": "footway",
        "oneway": false,
        "maxspeed": "50"
      },
      "geometry": {
        "type": "LineString",
        "coordinates": [
          [
            77.2168394,
            28.631712
          ],
          [
            77.2169119,
            28.631651
          ]
        ]
      }
    },
    {
      "type": "Feature",
      "properties": {
        "id": 1514833514,
        "name": "Unnamed Road",
        "highway": "footway",
        "oneway": false,
        "maxspeed": "50"
      },
      "geometry": {
        "type": "LineString",
        "coordinates": [
          [
            77.2195574,
            28.6348954
          ],
          [
            77.219557,
            28.6348864
          ],
          [
            77.2195546,
            28.6348215
          ]
        ]
      }
    },
    {
      "type": "Feature",
      "properties": {
        "id": 1514833515,
        "name": "Unnamed Road",
        "highway": "footway",
        "oneway": false,
        "maxspeed": "50"
      },
      "geometry": {
        "type": "LineString",
        "coordinates": [
          [
            77.2195604,
            28.6349765
          ],
          [
            77.2195589,
            28.6349362
          ],
          [
            77.2195585,
            28.6349259
          ]
        ]
      }
    },
    {
      "type": "Feature",
      "properties": {
        "id": 1514833516,
        "name": "Unnamed Road",
        "highway": "footway",
        "oneway": false,
        "maxspeed": "50"
      },
      "geometry": {
        "type": "LineString",
        "coordinates": [
          [
            77.2175861,
            28.6337669
          ],
          [
            77.2176208,
            28.6337498
          ]
        ]
      }
    },
    {
      "type": "Feature",
      "properties": {
        "id": 1514833517,
        "name": "Unnamed Road",
        "highway": "footway",
        "oneway": false,
        "maxspeed": "50"
      },
      "geometry": {
        "type": "LineString",
        "coordinates": [
          [
            77.2175514,
            28.633784
          ],
          [
            77.2175675,
            28.6337761
          ],
          [
            77.2175861,
            28.6337669
          ]
        ]
      }
    },
    {
      "type": "Feature",
      "properties": {
        "id": 1514833518,
        "name": "Unnamed Road",
        "highway": "footway",
        "oneway": false,
        "maxspeed": "50"
      },
      "geometry": {
        "type": "LineString",
        "coordinates": [
          [
            77.2218215,
            28.6318397
          ],
          [
            77.221784,
            28.631874
          ]
        ]
      }
    },
    {
      "type": "Feature",
      "properties": {
        "id": 1514833519,
        "name": "Unnamed Road",
        "highway": "footway",
        "oneway": false,
        "maxspeed": "50"
      },
      "geometry": {
        "type": "LineString",
        "coordinates": [
          [
            77.2219057,
            28.6317677
          ],
          [
            77.2218911,
            28.63178
          ]
        ]
      }
    },
    {
      "type": "Feature",
      "properties": {
        "id": 1514833520,
        "name": "Unnamed Road",
        "highway": "footway",
        "oneway": false,
        "maxspeed": "50"
      },
      "geometry": {
        "type": "LineString",
        "coordinates": [
          [
            77.2216202,
            28.6314297
          ],
          [
            77.2216238,
            28.6314075
          ]
        ]
      }
    },
    {
      "type": "Feature",
      "properties": {
        "id": 1514833521,
        "name": "Unnamed Road",
        "highway": "footway",
        "oneway": false,
        "maxspeed": "50"
      },
      "geometry": {
        "type": "LineString",
        "coordinates": [
          [
            77.2197363,
            28.6306501
          ],
          [
            77.2197362,
            28.6306881
          ],
          [
            77.2197362,
            28.6307204
          ]
        ]
      }
    },
    {
      "type": "Feature",
      "properties": {
        "id": 1514833522,
        "name": "Unnamed Road",
        "highway": "footway",
        "oneway": false,
        "maxspeed": "50"
      },
      "geometry": {
        "type": "LineString",
        "coordinates": [
          [
            77.2197362,
            28.6307204
          ],
          [
            77.219736,
            28.6307297
          ]
        ]
      }
    },
    {
      "type": "Feature",
      "properties": {
        "id": 1514833523,
        "name": "Unnamed Road",
        "highway": "footway",
        "oneway": false,
        "maxspeed": "50"
      },
      "geometry": {
        "type": "LineString",
        "coordinates": [
          [
            77.2197359,
            28.6306228
          ],
          [
            77.2197363,
            28.6306501
          ]
        ]
      }
    },
    {
      "type": "Feature",
      "properties": {
        "id": 1514833524,
        "name": "Unnamed Road",
        "highway": "corridor",
        "oneway": false,
        "maxspeed": "50"
      },
      "geometry": {
        "type": "LineString",
        "coordinates": [
          [
            77.219736,
            28.6307297
          ],
          [
            77.2197394,
            28.6307678
          ],
          [
            77.2198279,
            28.6307634
          ],
          [
            77.2198537,
            28.6310815
          ],
          [
            77.219779,
            28.6310835
          ],
          [
            77.2197812,
            28.6313072
          ]
        ]
      }
    },
    {
      "type": "Feature",
      "properties": {
        "id": 1514833525,
        "name": "Unnamed Road",
        "highway": "footway",
        "oneway": false,
        "maxspeed": "50"
      },
      "geometry": {
        "type": "LineString",
        "coordinates": [
          [
            77.2208993,
            28.6306443
          ],
          [
            77.2210392,
            28.6304151
          ]
        ]
      }
    },
    {
      "type": "Feature",
      "properties": {
        "id": 1514833526,
        "name": "Unnamed Road",
        "highway": "footway",
        "oneway": false,
        "maxspeed": "50"
      },
      "geometry": {
        "type": "LineString",
        "coordinates": [
          [
            77.2222096,
            28.6313168
          ],
          [
            77.2222317,
            28.6313427
          ],
          [
            77.2222531,
            28.6313678
          ]
        ]
      }
    },
    {
      "type": "Feature",
      "properties": {
        "id": 1514833527,
        "name": "Unnamed Road",
        "highway": "footway",
        "oneway": false,
        "maxspeed": "50"
      },
      "geometry": {
        "type": "LineString",
        "coordinates": [
          [
            77.2223186,
            28.6314536
          ],
          [
            77.2222531,
            28.6313678
          ]
        ]
      }
    },
    {
      "type": "Feature",
      "properties": {
        "id": 1514833528,
        "name": "Unnamed Road",
        "highway": "footway",
        "oneway": false,
        "maxspeed": "50"
      },
      "geometry": {
        "type": "LineString",
        "coordinates": [
          [
            77.2220978,
            28.6312124
          ],
          [
            77.2222096,
            28.6313168
          ]
        ]
      }
    },
    {
      "type": "Feature",
      "properties": {
        "id": 1514833529,
        "name": "Unnamed Road",
        "highway": "corridor",
        "oneway": false,
        "maxspeed": "50"
      },
      "geometry": {
        "type": "LineString",
        "coordinates": [
          [
            77.2220609,
            28.6311542
          ],
          [
            77.2220978,
            28.6312124
          ]
        ]
      }
    },
    {
      "type": "Feature",
      "properties": {
        "id": 1514833530,
        "name": "Unnamed Road",
        "highway": "footway",
        "oneway": false,
        "maxspeed": "50"
      },
      "geometry": {
        "type": "LineString",
        "coordinates": [
          [
            77.2213152,
            28.6350445
          ],
          [
            77.2213471,
            28.6350297
          ],
          [
            77.2214301,
            28.6349913
          ]
        ]
      }
    },
    {
      "type": "Feature",
      "properties": {
        "id": 1514833532,
        "name": "Unnamed Road",
        "highway": "footway",
        "oneway": false,
        "maxspeed": "50"
      },
      "geometry": {
        "type": "LineString",
        "coordinates": [
          [
            77.2215798,
            28.6348592
          ],
          [
            77.2214301,
            28.6349913
          ]
        ]
      }
    },
    {
      "type": "Feature",
      "properties": {
        "id": 1514833533,
        "name": "Unnamed Road",
        "highway": "corridor",
        "oneway": false,
        "maxspeed": "50"
      },
      "geometry": {
        "type": "LineString",
        "coordinates": [
          [
            77.2216116,
            28.6348444
          ],
          [
            77.2215798,
            28.6348592
          ]
        ]
      }
    },
    {
      "type": "Feature",
      "properties": {
        "id": 1514833538,
        "name": "Unnamed Road",
        "highway": "footway",
        "oneway": false,
        "maxspeed": "50"
      },
      "geometry": {
        "type": "LineString",
        "coordinates": [
          [
            77.2211857,
            28.6344117
          ],
          [
            77.2212215,
            28.6344376
          ],
          [
            77.2212651,
            28.6344691
          ]
        ]
      }
    },
    {
      "type": "Feature",
      "properties": {
        "id": 1514833539,
        "name": "Unnamed Road",
        "highway": "footway",
        "oneway": false,
        "maxspeed": "50"
      },
      "geometry": {
        "type": "LineString",
        "coordinates": [
          [
            77.2212651,
            28.6344691
          ],
          [
            77.2213001,
            28.6344744
          ]
        ]
      }
    },
    {
      "type": "Feature",
      "properties": {
        "id": 1514833540,
        "name": "Unnamed Road",
        "highway": "footway",
        "oneway": false,
        "maxspeed": "50"
      },
      "geometry": {
        "type": "LineString",
        "coordinates": [
          [
            77.2211542,
            28.6344074
          ],
          [
            77.2211857,
            28.6344117
          ]
        ]
      }
    },
    {
      "type": "Feature",
      "properties": {
        "id": 1514833541,
        "name": "Unnamed Road",
        "highway": "footway",
        "oneway": false,
        "maxspeed": "50"
      },
      "geometry": {
        "type": "LineString",
        "coordinates": [
          [
            77.2207464,
            28.6346394
          ],
          [
            77.2207524,
            28.6346499
          ]
        ]
      }
    },
    {
      "type": "Feature",
      "properties": {
        "id": 1514833542,
        "name": "Unnamed Road",
        "highway": "footway",
        "oneway": false,
        "maxspeed": "50"
      },
      "geometry": {
        "type": "LineString",
        "coordinates": [
          [
            77.222308,
            28.6341163
          ],
          [
            77.2223579,
            28.6340251
          ]
        ]
      }
    },
    {
      "type": "Feature",
      "properties": {
        "id": 1514833543,
        "name": "Unnamed Road",
        "highway": "footway",
        "oneway": false,
        "maxspeed": "50"
      },
      "geometry": {
        "type": "LineString",
        "coordinates": [
          [
            77.2216873,
            28.6339362
          ],
          [
            77.2216509,
            28.6339035
          ]
        ]
      }
    },
    {
      "type": "Feature",
      "properties": {
        "id": 1514833544,
        "name": "Unnamed Road",
        "highway": "footway",
        "oneway": false,
        "maxspeed": "50"
      },
      "geometry": {
        "type": "LineString",
        "coordinates": [
          [
            77.2219189,
            28.633547
          ],
          [
            77.2219474,
            28.6335548
          ],
          [
            77.2220101,
            28.6335719
          ]
        ]
      }
    },
    {
      "type": "Feature",
      "properties": {
        "id": 1514833545,
        "name": "Unnamed Road",
        "highway": "footway",
        "oneway": false,
        "maxspeed": "50"
      },
      "geometry": {
        "type": "LineString",
        "coordinates": [
          [
            77.2220101,
            28.6335719
          ],
          [
            77.2220238,
            28.6335787
          ]
        ]
      }
    },
    {
      "type": "Feature",
      "properties": {
        "id": 1514833546,
        "name": "Unnamed Road",
        "highway": "footway",
        "oneway": false,
        "maxspeed": "50"
      },
      "geometry": {
        "type": "LineString",
        "coordinates": [
          [
            77.2218363,
            28.6335194
          ],
          [
            77.2219189,
            28.633547
          ]
        ]
      }
    },
    {
      "type": "Feature",
      "properties": {
        "id": 1514833547,
        "name": "Unnamed Road",
        "highway": "footway",
        "oneway": false,
        "maxspeed": "50"
      },
      "geometry": {
        "type": "LineString",
        "coordinates": [
          [
            77.2223579,
            28.6340251
          ],
          [
            77.2223711,
            28.6340049
          ],
          [
            77.2224042,
            28.6339544
          ]
        ]
      }
    },
    {
      "type": "Feature",
      "properties": {
        "id": 1514833548,
        "name": "Unnamed Road",
        "highway": "footway",
        "oneway": false,
        "maxspeed": "50"
      },
      "geometry": {
        "type": "LineString",
        "coordinates": [
          [
            77.2224042,
            28.6339544
          ],
          [
            77.2224677,
            28.6338572
          ]
        ]
      }
    },
    {
      "type": "Feature",
      "properties": {
        "id": 1514833549,
        "name": "Unnamed Road",
        "highway": "corridor",
        "oneway": false,
        "maxspeed": "50"
      },
      "geometry": {
        "type": "LineString",
        "coordinates": [
          [
            77.2222801,
            28.6341652
          ],
          [
            77.222308,
            28.6341163
          ]
        ]
      }
    },
    {
      "type": "Feature",
      "properties": {
        "id": 1514833550,
        "name": "Unnamed Road",
        "highway": "corridor",
        "oneway": false,
        "maxspeed": "50"
      },
      "geometry": {
        "type": "LineString",
        "coordinates": [
          [
            77.2224772,
            28.6338387
          ],
          [
            77.2224677,
            28.6338572
          ]
        ]
      }
    },
    {
      "type": "Feature",
      "properties": {
        "id": 1514833551,
        "name": "Unnamed Road",
        "highway": "corridor",
        "oneway": false,
        "maxspeed": "50"
      },
      "geometry": {
        "type": "LineString",
        "coordinates": [
          [
            77.2223326,
            28.6314718
          ],
          [
            77.2223186,
            28.6314536
          ]
        ]
      }
    },
    {
      "type": "Feature",
      "properties": {
        "id": 1514833552,
        "name": "Unnamed Road",
        "highway": "footway",
        "oneway": false,
        "maxspeed": "50"
      },
      "geometry": {
        "type": "LineString",
        "coordinates": [
          [
            77.2217894,
            28.6339736
          ],
          [
            77.2217631,
            28.6339634
          ]
        ]
      }
    },
    {
      "type": "Feature",
      "properties": {
        "id": 1514833553,
        "name": "Unnamed Road",
        "highway": "corridor",
        "oneway": false,
        "maxspeed": "50"
      },
      "geometry": {
        "type": "LineString",
        "coordinates": [
          [
            77.2213001,
            28.6344744
          ],
          [
            77.2216116,
            28.6348444
          ],
          [
            77.221741,
            28.6347726
          ],
          [
            77.2218228,
            28.6347096
          ],
          [
            77.2218952,
            28.6346431
          ],
          [
            77.2219884,
            28.6345542
          ],
          [
            77.2220877,
            28.6344448
          ],
          [
            77.2221635,
            28.6343524
          ],
          [
            77.2222131,
            28.6342794
          ],
          [
            77.2222801,
            28.6341652
          ],
          [
            77.2217894,
            28.6339736
          ]
        ]
      }
    },
    {
      "type": "Feature",
      "properties": {
        "id": 1514833555,
        "name": "Unnamed Road",
        "highway": "footway",
        "oneway": false,
        "maxspeed": "50"
      },
      "geometry": {
        "type": "LineString",
        "coordinates": [
          [
            77.2207938,
            28.6347183
          ],
          [
            77.22081,
            28.6347681
          ]
        ]
      }
    },
    {
      "type": "Feature",
      "properties": {
        "id": 1514833556,
        "name": "Unnamed Road",
        "highway": "footway",
        "oneway": false,
        "maxspeed": "50"
      },
      "geometry": {
        "type": "LineString",
        "coordinates": [
          [
            77.2207524,
            28.6346499
          ],
          [
            77.2207766,
            28.6346899
          ],
          [
            77.2207938,
            28.6347183
          ]
        ]
      }
    },
    {
      "type": "Feature",
      "properties": {
        "id": 1514833557,
        "name": "Unnamed Road",
        "highway": "corridor",
        "oneway": false,
        "maxspeed": "50"
      },
      "geometry": {
        "type": "LineString",
        "coordinates": [
          [
            77.2207319,
            28.6346203
          ],
          [
            77.2207464,
            28.6346394
          ]
        ]
      }
    },
    {
      "type": "Feature",
      "properties": {
        "id": 1514833558,
        "name": "Unnamed Road",
        "highway": "footway",
        "oneway": false,
        "maxspeed": "50"
      },
      "geometry": {
        "type": "LineString",
        "coordinates": [
          [
            77.2180747,
            28.6322405
          ],
          [
            77.2180847,
            28.6322234
          ],
          [
            77.2181628,
            28.632171
          ]
        ]
      }
    },
    {
      "type": "Feature",
      "properties": {
        "id": 1514833559,
        "name": "Unnamed Road",
        "highway": "corridor",
        "oneway": false,
        "maxspeed": "50"
      },
      "geometry": {
        "type": "LineString",
        "coordinates": [
          [
            77.2168279,
            28.6317321
          ],
          [
            77.2168394,
            28.631712
          ]
        ]
      }
    },
    {
      "type": "Feature",
      "properties": {
        "id": 1514833560,
        "name": "Unnamed Road",
        "highway": "footway",
        "oneway": false,
        "maxspeed": "50"
      },
      "geometry": {
        "type": "LineString",
        "coordinates": [
          [
            77.2173788,
            28.6343655
          ],
          [
            77.2173033,
            28.6342428
          ]
        ]
      }
    },
    {
      "type": "Feature",
      "properties": {
        "id": 1514833561,
        "name": "Unnamed Road",
        "highway": "footway",
        "oneway": false,
        "maxspeed": "50"
      },
      "geometry": {
        "type": "LineString",
        "coordinates": [
          [
            77.2172368,
            28.6341534
          ],
          [
            77.2171442,
            28.63404
          ]
        ]
      }
    },
    {
      "type": "Feature",
      "properties": {
        "id": 1514833562,
        "name": "Unnamed Road",
        "highway": "corridor",
        "oneway": false,
        "maxspeed": "50"
      },
      "geometry": {
        "type": "LineString",
        "coordinates": [
          [
            77.2171283,
            28.6340216
          ],
          [
            77.2171442,
            28.63404
          ]
        ]
      }
    },
    {
      "type": "Feature",
      "properties": {
        "id": 1528337559,
        "name": "Unnamed Road",
        "highway": "footway",
        "oneway": false,
        "maxspeed": "50"
      },
      "geometry": {
        "type": "LineString",
        "coordinates": [
          [
            77.2237187,
            28.6306255
          ],
          [
            77.2236585,
            28.6305508
          ],
          [
            77.2236052,
            28.630485
          ],
          [
            77.2235797,
            28.6304536
          ],
          [
            77.2235698,
            28.6304419
          ]
        ]
      }
    },
    {
      "type": "Feature",
      "properties": {
        "id": 1533055893,
        "name": "Unnamed Road",
        "highway": "service",
        "oneway": true,
        "maxspeed": "50"
      },
      "geometry": {
        "type": "LineString",
        "coordinates": [
          [
            77.2195519,
            28.6341216
          ],
          [
            77.2195591,
            28.6340684
          ],
          [
            77.2195791,
            28.6339187
          ]
        ]
      }
    },
    {
      "type": "Feature",
      "properties": {
        "id": 1533055894,
        "name": "Unnamed Road",
        "highway": "service",
        "oneway": false,
        "maxspeed": "50"
      },
      "geometry": {
        "type": "LineString",
        "coordinates": [
          [
            77.2185969,
            28.6337069
          ],
          [
            77.2186019,
            28.6337118
          ],
          [
            77.2186416,
            28.6337462
          ],
          [
            77.2186707,
            28.6337714
          ],
          [
            77.2187395,
            28.6338242
          ],
          [
            77.2188194,
            28.6338782
          ],
          [
            77.2188915,
            28.6339212
          ],
          [
            77.2189511,
            28.6339522
          ],
          [
            77.2189827,
            28.6339686
          ]
        ]
      }
    },
    {
      "type": "Feature",
      "properties": {
        "id": 1534580126,
        "name": "Unnamed Road",
        "highway": "service",
        "oneway": false,
        "maxspeed": "50"
      },
      "geometry": {
        "type": "LineString",
        "coordinates": [
          [
            77.2122092,
            28.6290249
          ],
          [
            77.2122749,
            28.6289608
          ],
          [
            77.2123189,
            28.628903
          ],
          [
            77.2123292,
            28.6288963
          ],
          [
            77.2123448,
            28.6288974
          ],
          [
            77.212507,
            28.6289659
          ],
          [
            77.2125115,
            28.6289716
          ],
          [
            77.2125132,
            28.6289773
          ],
          [
            77.2125118,
            28.628984
          ],
          [
            77.2122494,
            28.6294187
          ]
        ]
      }
    },
    {
      "type": "Feature",
      "properties": {
        "id": 1535776924,
        "name": "Unnamed Road",
        "highway": "service",
        "oneway": false,
        "maxspeed": "50"
      },
      "geometry": {
        "type": "LineString",
        "coordinates": [
          [
            77.2116966,
            28.6252879
          ],
          [
            77.2118494,
            28.6254676
          ],
          [
            77.2119117,
            28.6255333
          ],
          [
            77.2119402,
            28.625615
          ],
          [
            77.2119571,
            28.6257127
          ],
          [
            77.2120011,
            28.6257578
          ],
          [
            77.2120811,
            28.6257873
          ],
          [
            77.2127148,
            28.625918
          ]
        ]
      }
    },
    {
      "type": "Feature",
      "properties": {
        "id": 1539979354,
        "name": "Unnamed Road",
        "highway": "service",
        "oneway": false,
        "maxspeed": "50"
      },
      "geometry": {
        "type": "LineString",
        "coordinates": [
          [
            77.222974,
            28.6330403
          ],
          [
            77.2229115,
            28.6329981
          ],
          [
            77.2228791,
            28.6329657
          ],
          [
            77.2228622,
            28.632917
          ],
          [
            77.222856,
            28.6328359
          ],
          [
            77.2228421,
            28.6326614
          ],
          [
            77.2228397,
            28.6326137
          ],
          [
            77.2228351,
            28.6325554
          ],
          [
            77.2228158,
            28.6323965
          ],
          [
            77.2227743,
            28.6321884
          ],
          [
            77.2227389,
            28.6320191
          ],
          [
            77.2227389,
            28.6319601
          ],
          [
            77.222769,
            28.6318917
          ],
          [
            77.2228317,
            28.6318574
          ]
        ]
      }
    },
    {
      "type": "Feature",
      "properties": {
        "id": 1544621558,
        "name": "Unnamed Road",
        "highway": "footway",
        "oneway": false,
        "maxspeed": "50"
      },
      "geometry": {
        "type": "LineString",
        "coordinates": [
          [
            77.22493,
            28.6258649
          ],
          [
            77.2249415,
            28.6258649
          ],
          [
            77.225014,
            28.6258651
          ],
          [
            77.2250609,
            28.6258652
          ]
        ]
      }
    },
    {
      "type": "Feature",
      "properties": {
        "id": 1544621559,
        "name": "Unnamed Road",
        "highway": "footway",
        "oneway": false,
        "maxspeed": "50"
      },
      "geometry": {
        "type": "LineString",
        "coordinates": [
          [
            77.2249105,
            28.6258652
          ],
          [
            77.2249099,
            28.625895
          ],
          [
            77.2249293,
            28.6258953
          ],
          [
            77.22493,
            28.6258649
          ]
        ]
      }
    },
    {
      "type": "Feature",
      "properties": {
        "id": 1544621560,
        "name": "Unnamed Road",
        "highway": "footway",
        "oneway": false,
        "maxspeed": "50"
      },
      "geometry": {
        "type": "LineString",
        "coordinates": [
          [
            77.2249105,
            28.6258652
          ],
          [
            77.2248726,
            28.6258759
          ],
          [
            77.2248266,
            28.625887
          ]
        ]
      }
    },
    {
      "type": "Feature",
      "properties": {
        "id": 1544621561,
        "name": "Unnamed Road",
        "highway": "steps",
        "oneway": false,
        "maxspeed": "50"
      },
      "geometry": {
        "type": "LineString",
        "coordinates": [
          [
            77.2249105,
            28.6258652
          ],
          [
            77.22493,
            28.6258649
          ]
        ]
      }
    },
    {
      "type": "Feature",
      "properties": {
        "id": 1547846264,
        "name": "Unnamed Road",
        "highway": "footway",
        "oneway": false,
        "maxspeed": "50"
      },
      "geometry": {
        "type": "LineString",
        "coordinates": [
          [
            77.2190772,
            28.6342484
          ],
          [
            77.2189665,
            28.6344962
          ],
          [
            77.2189123,
            28.6344765
          ]
        ]
      }
    },
    {
      "type": "Feature",
      "properties": {
        "id": 1548270136,
        "name": "Unnamed Road",
        "highway": "footway",
        "oneway": false,
        "maxspeed": "50"
      },
      "geometry": {
        "type": "LineString",
        "coordinates": [
          [
            77.2193627,
            28.6295996
          ],
          [
            77.2193954,
            28.629598
          ],
          [
            77.2194654,
            28.629595
          ],
          [
            77.2195503,
            28.6295917
          ],
          [
            77.2195834,
            28.6295905
          ],
          [
            77.2196212,
            28.6295892
          ]
        ]
      }
    },
    {
      "type": "Feature",
      "properties": {
        "id": 1548270137,
        "name": "Unnamed Road",
        "highway": "footway",
        "oneway": false,
        "maxspeed": "50"
      },
      "geometry": {
        "type": "LineString",
        "coordinates": [
          [
            77.2196097,
            28.6294105
          ],
          [
            77.2196212,
            28.6295892
          ],
          [
            77.2196244,
            28.6296826
          ],
          [
            77.2197427,
            28.6297961
          ],
          [
            77.2198007,
            28.6297987
          ]
        ]
      }
    },
    {
      "type": "Feature",
      "properties": {
        "id": 1548270138,
        "name": "Unnamed Road",
        "highway": "service",
        "oneway": false,
        "maxspeed": "50"
      },
      "geometry": {
        "type": "LineString",
        "coordinates": [
          [
            77.2182836,
            28.630181
          ],
          [
            77.2182636,
            28.6301346
          ],
          [
            77.2181634,
            28.6299042
          ]
        ]
      }
    },
    {
      "type": "Feature",
      "properties": {
        "id": 1549289405,
        "name": "Unnamed Road",
        "highway": "service",
        "oneway": false,
        "maxspeed": "50"
      },
      "geometry": {
        "type": "LineString",
        "coordinates": [
          [
            77.2247476,
            28.6277797
          ],
          [
            77.224802,
            28.627721
          ],
          [
            77.2249135,
            28.6276153
          ],
          [
            77.2249799,
            28.6275479
          ],
          [
            77.2249983,
            28.6275292
          ],
          [
            77.2250795,
            28.6274467
          ]
        ]
      }
    },
    {
      "type": "Feature",
      "properties": {
        "id": 1551307287,
        "name": "Unnamed Road",
        "highway": "footway",
        "oneway": false,
        "maxspeed": "50"
      },
      "geometry": {
        "type": "LineString",
        "coordinates": [
          [
            77.2226612,
            28.6312771
          ],
          [
            77.2227201,
            28.6313222
          ],
          [
            77.2227778,
            28.6314788
          ],
          [
            77.2227646,
            28.6315462
          ],
          [
            77.2229101,
            28.6318342
          ]
        ]
      }
    },
    {
      "type": "Feature",
      "properties": {
        "id": 1551307288,
        "name": "Unnamed Road",
        "highway": "footway",
        "oneway": false,
        "maxspeed": "50"
      },
      "geometry": {
        "type": "LineString",
        "coordinates": [
          [
            77.2226481,
            28.6313638
          ],
          [
            77.2226344,
            28.6313702
          ],
          [
            77.2225605,
            28.631405
          ],
          [
            77.2224848,
            28.6314409
          ],
          [
            77.2224699,
            28.631448
          ],
          [
            77.2223559,
            28.6315021
          ]
        ]
      }
    },
    {
      "type": "Feature",
      "properties": {
        "id": 1551307290,
        "name": "Unnamed Road",
        "highway": "footway",
        "oneway": false,
        "maxspeed": "50"
      },
      "geometry": {
        "type": "LineString",
        "coordinates": [
          [
            77.2251517,
            28.6297647
          ],
          [
            77.2251234,
            28.6297797
          ],
          [
            77.2239475,
            28.6304603
          ],
          [
            77.2239005,
            28.6305219
          ],
          [
            77.2238766,
            28.6305532
          ],
          [
            77.2236464,
            28.6306854
          ],
          [
            77.2235563,
            28.6306804
          ],
          [
            77.2234032,
            28.6307686
          ],
          [
            77.2233885,
            28.6307801
          ],
          [
            77.223304,
            28.6308297
          ],
          [
            77.2227882,
            28.6311292
          ],
          [
            77.222721,
            28.6311752
          ],
          [
            77.2226802,
            28.6312217
          ],
          [
            77.2226612,
            28.6312771
          ],
          [
            77.2226487,
            28.63132
          ],
          [
            77.2226481,
            28.6313638
          ],
          [
            77.2227007,
            28.6315017
          ],
          [
            77.2227646,
            28.6315462
          ]
        ]
      }
    },
    {
      "type": "Feature",
      "properties": {
        "id": 1551307291,
        "name": "Unnamed Road",
        "highway": "footway",
        "oneway": false,
        "maxspeed": "50"
      },
      "geometry": {
        "type": "LineString",
        "coordinates": [
          [
            77.2239005,
            28.6305219
          ],
          [
            77.2239132,
            28.6305297
          ],
          [
            77.2239301,
            28.6305401
          ]
        ]
      }
    },
    {
      "type": "Feature",
      "properties": {
        "id": 1551307292,
        "name": "Unnamed Road",
        "highway": "footway",
        "oneway": false,
        "maxspeed": "50"
      },
      "geometry": {
        "type": "LineString",
        "coordinates": [
          [
            77.2212902,
            28.6333304
          ],
          [
            77.2212383,
            28.6333097
          ],
          [
            77.2212757,
            28.6332232
          ],
          [
            77.2213016,
            28.633128
          ],
          [
            77.2213236,
            28.6329973
          ],
          [
            77.2213261,
            28.6328762
          ]
        ]
      }
    },
    {
      "type": "Feature",
      "properties": {
        "id": 1551307293,
        "name": "Unnamed Road",
        "highway": "footway",
        "oneway": false,
        "maxspeed": "50"
      },
      "geometry": {
        "type": "LineString",
        "coordinates": [
          [
            77.2212383,
            28.6333097
          ],
          [
            77.2212259,
            28.6333321
          ],
          [
            77.2210999,
            28.6332854
          ]
        ]
      }
    }
  ]
}